{"type":"FeatureCollection","features":[{"id":"0","type":"Feature","properties":{"zone_id":"DKBI_OFF","name":"Denmark Offshore Node BI","parent_zone":"DKBI_OFF","level":"PEOF","area_km2":12053.49},"geometry":{"type":"MultiPolygon","coordinates":[[[[13.99283,54.96244],[13.99283,54.96244],[13.99283,54.96244],[13.99283,54.96244]]],[[[15.04289,55.6915],[16.50737,55.35537],[16.36972,55.22633],[16.23763,55.14558],[15.71395,54.70252],[15.4694,54.62044],[15.28897,54.58393],[14.62923,54.5337],[14.41417,54.65833],[14.41417,54.8125],[14.17278,54.8125],[13.99283,54.96244],[14.46,55.31222],[15.04289,55.6915]]]]}},{"id":"4","type":"Feature","properties":{"zone_id":"EG00_OFF","name":"Egypt Offshore Node 00","parent_zone":"EG00_OFF","level":"PEOF","area_km2":262792.5},"geometry":{"type":"MultiPolygon","coordinates":[[[[33.31786,31.19458],[33.32647,31.18791],[33.3167,31.19039],[33.31786,31.19458]]],[[[30.80664,30.82287],[30.81057,30.82298],[30.80843,30.82126],[30.80664,30.82287]]],[[[30.75999,30.76109],[30.79237,30.75711],[30.76084,30.75905],[30.75999,30.76109]]],[[[30.75604,30.77064],[30.75999,30.76109],[30.75566,30.76162],[30.75604,30.77064]]],[[[30.75516,30.77276],[30.75616,30.77353],[30.75604,30.77064],[30.75516,30.77276]]],[[[30.75616,30.77353],[30.80843,30.82126],[30.81307,30.81709],[30.75616,30.77353]]],[[[30.76549,30.82177],[30.79929,30.82949],[30.80664,30.82287],[30.76549,30.82177]]],[[[30.76404,30.82144],[30.76434,30.82174],[30.76549,30.82177],[30.76404,30.82144]]],[[[30.72133,31.05623],[30.72094,31.02193],[30.75494,31.00352],[30.76317,30.98207],[30.75002,30.96354],[30.78587,30.93175],[30.75691,30.88455],[30.79074,30.86981],[30.79536,30.85264],[30.76434,30.82174],[30.79266,30.85554],[30.75451,30.882],[30.7823,30.93106],[30.74632,30.96566],[30.75304,31.0024],[30.71558,31.01905],[30.72133,31.05623]]],[[[30.72144,31.06666],[30.72282,31.06588],[30.72133,31.05623],[30.72144,31.06666]]],[[[30.615,31.15683],[30.65623,31.11236],[30.72144,31.06666],[30.6393,31.11308],[30.615,31.15683]]],[[[30.5944,31.17903],[30.60823,31.16901],[30.615,31.15683],[30.5944,31.17903]]],[[[30.42158,31.43371],[30.42877,31.43157],[30.4228,31.38026],[30.4488,31.37793],[30.46104,31.33715],[30.4849,31.34893],[30.52225,31.32633],[30.51976,31.27056],[30.49733,31.23877],[30.52582,31.22875],[30.5223,31.2009],[30.54056,31.1927],[30.55586,31.20873],[30.5944,31.17903],[30.5685,31.1978],[30.52183,31.18893],[30.52313,31.22611],[30.49488,31.23902],[30.51846,31.27446],[30.5183,31.32632],[30.48307,31.3473],[30.46158,31.33331],[30.44561,31.37217],[30.41958,31.37774],[30.42158,31.43371]]],[[[30.39849,31.44058],[30.42168,31.43678],[30.42158,31.43371],[30.39849,31.44058]]],[[[25.14461,31.67048],[25.37535,31.71941],[25.39203,31.74282],[25.67483,32.22199],[26.19226,33.28116],[27.05516,33.30782],[27.38862,33.34829],[27.84184,33.42979],[28.3168,33.44636],[28.80439,33.50559],[29.23413,33.75381],[29.84648,33.82085],[30.08333,33.75],[30.61111,33.51111],[31.60833,33.19167],[32.02222,33.12222],[32.51667,33.01111],[32.97222,32.88889],[33.27508,32.59582],[33.41371,32.40804],[33.54149,32.19595],[33.66375,31.87675],[34.13702,31.38855],[34.21708,31.32439],[33.99917,31.20201],[33.68151,31.11782],[33.53978,31.11526],[33.47367,31.13754],[33.48294,31.12571],[33.39844,31.18025],[33.27366,31.215],[33.27322,31.20142],[33.41269,31.15942],[33.38415,31.16566],[33.37042,31.11543],[33.24943,31.08905],[33.1517,31.04206],[33.13427,31.04387],[33.14865,31.05815],[33.14291,31.07573],[33.16054,31.08185],[33.11749,31.09254],[33.13556,31.10471],[33.10408,31.13469],[33.11616,31.1419],[33.1603,31.11035],[33.09372,31.17896],[33.11154,31.18994],[33.02557,31.15147],[32.98671,31.10465],[32.95442,31.10085],[33.02454,31.08709],[33.0275,31.11177],[33.06301,31.12057],[33.04612,31.09878],[33.05487,31.0902],[33.01204,31.07994],[33.01019,31.06689],[33.02656,31.06391],[33.00763,31.04881],[32.96686,31.05733],[32.97885,31.06124],[32.97086,31.07932],[32.99065,31.07005],[32.9828,31.08646],[32.92834,31.10321],[32.91894,31.09268],[32.93889,31.08974],[32.92574,31.07457],[32.90725,31.07676],[32.9303,31.08741],[32.87067,31.09027],[32.78887,31.0433],[32.70975,31.0291],[32.69905,31.0323],[32.71517,31.04927],[32.67402,31.05186],[32.79364,31.07864],[32.9278,31.13513],[32.92251,31.14755],[32.75732,31.07316],[32.60242,31.0584],[32.54922,31.0808],[32.46612,31.16533],[32.37884,31.22218],[32.35741,31.22838],[32.35152,31.19971],[32.35877,31.24958],[32.31001,31.09366],[32.31973,30.81682],[32.34625,30.70875],[32.30531,30.56785],[32.33947,30.5126],[32.36562,30.41417],[32.41392,30.35724],[32.41525,30.36914],[32.44079,30.35139],[32.45034,30.28625],[32.53553,30.26468],[32.57379,30.21019],[32.58801,29.96861],[32.55902,29.91734],[32.58314,29.91457],[32.63201,29.87051],[32.63168,29.84504],[32.60877,29.82063],[32.69602,29.73047],[32.68123,29.65643],[32.69202,29.61796],[32.67929,29.59701],[32.70971,29.58685],[32.72648,29.54804],[32.71808,29.50697],[32.73488,29.48248],[32.7244,29.46349],[32.73714,29.47653],[32.73506,29.45447],[32.74426,29.46437],[32.75065,29.44479],[32.81901,29.40047],[32.83011,29.31577],[32.87002,29.28834],[32.88451,29.23319],[32.95349,29.20281],[32.97554,29.16725],[33.07621,29.08661],[33.09813,29.04607],[33.18155,29.00043],[33.16632,28.94329],[33.18914,28.92019],[33.1735,28.85274],[33.18249,28.82177],[33.23306,28.76772],[33.19828,28.67168],[33.22226,28.628],[33.20589,28.62125],[33.21961,28.61746],[33.24174,28.55459],[33.25753,28.54902],[33.23647,28.57936],[33.25721,28.58193],[33.27137,28.5512],[33.2586,28.54192],[33.36564,28.45378],[33.40491,28.38936],[33.56727,28.29343],[33.59346,28.24427],[33.62288,28.22786],[33.62809,28.18003],[33.66663,28.16332],[33.71403,28.06637],[33.76071,28.04897],[33.76236,28.01939],[33.87561,27.93259],[33.91575,27.93632],[33.95047,27.89047],[33.98674,27.88435],[34.05473,27.81045],[34.09336,27.78881],[34.19294,27.78302],[34.24796,27.72329],[34.24727,27.73599],[34.261,27.7316],[34.25562,27.76585],[34.22383,27.76237],[34.20614,27.79042],[34.25869,27.7913],[34.27356,27.85372],[34.28806,27.84855],[34.29201,27.86249],[34.31651,27.84752],[34.32804,27.91116],[34.36606,27.91563],[34.43458,27.99318],[34.44287,28.02857],[34.42795,28.08508],[34.45051,28.17326],[34.41206,28.23017],[34.41009,28.31989],[34.44129,28.3585],[34.45697,28.4354],[34.48483,28.47656],[34.50772,28.47038],[34.51493,28.48199],[34.51901,28.55259],[34.57575,28.62398],[34.5755,28.65234],[34.62703,28.73012],[34.6211,28.83858],[34.64833,28.86007],[34.63961,28.94969],[34.68665,28.9824],[34.66374,29.04369],[34.69215,29.16273],[34.71807,29.17217],[34.73961,29.21032],[34.74207,29.31113],[34.7796,29.34091],[34.85882,29.47151],[34.90145,29.4895],[34.91942,29.44996],[34.83383,29.279],[34.76747,29.07426],[34.7642,28.97821],[34.73546,28.91333],[34.73538,28.8348],[34.66885,28.5469],[34.54503,28.27508],[34.53193,28.17568],[34.46556,28.02258],[34.45589,27.92133],[34.49029,27.77377],[34.65328,27.46962],[34.73051,27.27715],[34.73899,27.18863],[34.79168,27.0852],[34.82938,27.04099],[35.10991,26.86468],[35.31687,26.63179],[35.42653,26.46403],[35.50157,26.28729],[35.55948,26.0775],[35.57892,25.96785],[35.57059,25.82452],[35.61302,25.76265],[35.68411,25.50749],[35.78397,25.29809],[35.99102,24.9668],[36.14603,24.8366],[36.22325,24.73008],[36.34429,24.5084],[36.42092,24.31472],[36.61955,24.09122],[37.01234,23.76189],[37.09767,23.67048],[37.25764,23.19166],[37.21246,23.15668],[37.25764,23.19166],[37.63933,22.74674],[37.72914,22.47155],[37.82927,22.24808],[37.8155,21.88967],[37.57712,21.89945],[36.88971,21.98855],[36.87915,21.99802],[36.89261,22.06606],[36.84261,22.08612],[36.77112,22.17162],[36.76796,22.15879],[36.72171,22.16455],[36.56929,22.29762],[36.44081,22.35807],[36.42534,22.42519],[36.31396,22.48944],[36.28215,22.57909],[36.23193,22.6337],[36.20035,22.63899],[36.17847,22.66405],[36.03751,22.67844],[35.96635,22.70807],[35.95469,22.69154],[35.93995,22.69052],[35.93691,22.71197],[35.95099,22.71108],[35.89242,22.72442],[35.84732,22.76325],[35.79014,22.84755],[35.79617,22.82758],[35.77071,22.83774],[35.78679,22.85031],[35.77656,22.87872],[35.7548,22.8726],[35.75831,22.84777],[35.68392,22.95479],[35.67412,22.94425],[35.6613,22.95499],[35.66341,22.97491],[35.67851,22.96571],[35.66096,22.99922],[35.65702,23.06709],[35.61351,23.15433],[35.57011,23.2136],[35.54444,23.39441],[35.48172,23.50201],[35.50862,23.58496],[35.48698,23.64491],[35.50874,23.6322],[35.51291,23.68327],[35.50162,23.74185],[35.48501,23.75554],[35.50386,23.76417],[35.50781,23.75112],[35.51444,23.77045],[35.50847,23.78495],[35.49044,23.76651],[35.4741,23.78292],[35.49034,23.86184],[35.47344,23.93177],[35.50166,23.94848],[35.4973,23.97339],[35.51084,23.97838],[35.55995,23.95967],[35.52418,23.94104],[35.56394,23.95628],[35.58892,23.93169],[35.68953,23.9094],[35.74831,23.93829],[35.78851,23.89513],[35.79284,23.90773],[35.73105,23.98435],[35.59822,24.01746],[35.59537,24.06506],[35.55929,24.10766],[35.50409,24.13916],[35.48772,24.13671],[35.51188,24.1097],[35.49274,24.11051],[35.49313,24.12814],[35.43068,24.18609],[35.43182,24.20839],[35.36338,24.3126],[35.32554,24.33661],[35.31927,24.36059],[35.29105,24.36166],[35.23307,24.40197],[35.19386,24.47477],[35.1374,24.51448],[35.14736,24.55204],[35.167,24.56532],[35.13094,24.61131],[35.11208,24.60938],[35.11927,24.61893],[35.09959,24.63655],[35.10923,24.66436],[35.08598,24.67757],[35.08914,24.71361],[35.07091,24.75344],[34.99646,24.82522],[34.98752,24.89596],[34.93646,24.95867],[34.94457,24.99997],[34.88024,25.09218],[34.85044,25.1669],[34.80736,25.20353],[34.79144,25.25795],[34.75061,25.30248],[34.67636,25.48673],[34.63809,25.53208],[34.63612,25.57852],[34.58848,25.62764],[34.53968,25.74932],[34.48665,25.78383],[34.46947,25.82851],[34.43337,25.8381],[34.41562,25.86568],[34.40422,25.92397],[34.34548,25.98422],[34.30467,26.08271],[34.28282,26.09867],[34.28731,26.11593],[34.2435,26.1625],[34.18743,26.28284],[34.18387,26.32189],[34.10926,26.40807],[34.02043,26.61011],[33.93595,26.66785],[33.93758,26.7225],[33.9606,26.75137],[33.93784,26.77925],[33.94258,26.82727],[33.96518,26.86168],[33.99201,26.84381],[34.00403,26.85702],[33.98847,26.87739],[33.99588,26.9015],[33.96981,26.89018],[33.92062,26.98014],[33.89882,26.99285],[33.91199,27.00367],[33.88458,27.03332],[33.90412,27.04424],[33.89898,27.06181],[33.82897,27.11024],[33.82722,27.17954],[33.85198,27.19981],[33.8407,27.22449],[33.84976,27.24318],[33.69583,27.33322],[33.67507,27.37286],[33.68894,27.38962],[33.6778,27.41818],[33.63683,27.45248],[33.62138,27.4948],[33.55894,27.52476],[33.55749,27.58495],[33.49393,27.64276],[33.53358,27.68351],[33.56118,27.65925],[33.55337,27.67328],[33.57053,27.67012],[33.58752,27.64177],[33.59536,27.65053],[33.53779,27.70605],[33.55925,27.75658],[33.51937,27.74997],[33.47225,27.82045],[33.48533,27.83771],[33.51146,27.83144],[33.5595,27.81493],[33.57255,27.78774],[33.59222,27.78949],[33.58487,27.84731],[33.48338,27.98829],[33.41652,28.03233],[33.37809,28.03046],[33.34148,28.05224],[33.33555,28.08454],[33.28131,28.13787],[33.24506,28.14308],[33.24138,28.17188],[33.12512,28.29228],[33.10865,28.35787],[33.07547,28.37219],[32.99828,28.48987],[32.97433,28.49479],[32.93039,28.55165],[32.86813,28.57195],[32.83203,28.72986],[32.80371,28.78195],[32.74969,28.80541],[32.69008,28.86892],[32.66343,28.93759],[32.62211,28.9832],[32.62303,29.04998],[32.66746,29.09912],[32.59474,29.34165],[32.56659,29.38374],[32.38154,29.52613],[32.34289,29.59018],[32.37211,29.64356],[32.35095,29.65371],[32.37057,29.64991],[32.36072,29.67787],[32.42031,29.76815],[32.50757,29.85627],[32.47884,29.86341],[32.4597,29.89165],[32.47706,29.93598],[32.51629,29.9538],[32.53995,29.94034],[32.53405,29.95393],[32.5591,29.95931],[32.56422,29.93405],[32.58576,29.97455],[32.56098,30.19736],[32.53689,30.1979],[32.54235,30.21383],[32.51808,30.22419],[32.5242,30.24472],[32.50254,30.26045],[32.46144,30.26301],[32.47258,30.24098],[32.43499,30.23512],[32.40685,30.27776],[32.3496,30.28436],[32.30303,30.34116],[32.30986,30.39889],[32.3573,30.41231],[32.33539,30.51468],[32.27043,30.5825],[32.30772,30.58913],[32.34269,30.70613],[32.31392,30.78938],[32.30213,31.22913],[32.30241,31.25476],[32.34295,31.29848],[32.31402,31.27293],[32.18863,31.29605],[32.00669,31.4083],[31.9557,31.49301],[31.97514,31.48531],[31.97893,31.46097],[31.97809,31.48363],[31.98738,31.47453],[31.98862,31.45234],[31.99219,31.47433],[31.92328,31.52492],[31.84367,31.52711],[31.76225,31.48842],[31.77089,31.45178],[31.74964,31.46443],[31.75638,31.49254],[31.71923,31.47269],[31.55852,31.44264],[31.27886,31.55939],[31.10432,31.60265],[30.97719,31.58759],[30.51914,31.45762],[30.40166,31.47626],[30.41551,31.46276],[30.39637,31.47361],[30.40311,31.46248],[30.37739,31.46152],[30.37551,31.47779],[30.39373,31.48032],[30.37567,31.47972],[30.36462,31.47031],[30.38597,31.4443],[30.39849,31.44058],[30.38465,31.44285],[30.36258,31.4665],[30.31347,31.35474],[30.24459,31.2941],[30.17913,31.26791],[30.12438,31.2715],[30.08604,31.28303],[30.07088,31.31699],[30.08214,31.32818],[30.06958,31.32964],[29.89978,31.20147],[29.87602,31.21136],[29.84649,31.16521],[29.86849,31.19891],[29.87972,31.18482],[29.87158,31.19106],[29.82671,31.13941],[29.78247,31.14607],[29.74274,31.10327],[29.47698,30.93518],[29.21302,30.83684],[29.0757,30.81955],[28.97688,30.83275],[28.97604,30.8434],[29.02068,30.83044],[28.9113,30.8727],[28.83741,30.92187],[28.83067,30.95293],[28.77017,30.96571],[28.76311,30.98405],[28.6124,31.0143],[28.5578,31.05251],[28.48208,31.06005],[28.43195,31.08811],[28.31649,31.06724],[28.20946,31.07147],[28.15887,31.09233],[27.92665,31.09741],[27.89587,31.11809],[27.89167,31.17002],[27.8709,31.19014],[27.85903,31.24589],[27.81857,31.21501],[27.67538,31.1773],[27.64216,31.17946],[27.63738,31.19609],[27.44974,31.21431],[27.38539,31.2621],[27.34208,31.37307],[27.17857,31.35986],[27.1826,31.37127],[27.22767,31.36927],[27.077,31.38247],[27.06364,31.40657],[27.01532,31.40994],[26.98294,31.44278],[26.84522,31.44064],[26.74858,31.48317],[26.59173,31.48831],[26.55743,31.5068],[26.49619,31.49496],[25.89359,31.62942],[25.51958,31.52375],[25.39531,31.50287],[25.29382,31.50482],[25.18199,31.52995],[25.16013,31.55373],[25.18013,31.57054],[25.15239,31.61584],[25.14461,31.67048]],[[32.30735,31.19145],[32.31539,31.13232],[32.3326,31.19022],[32.30735,31.19145]],[[32.30568,31.23831],[32.3083,31.19408],[32.3332,31.19343],[32.34715,31.23631],[32.31973,31.26324],[32.30568,31.23831]],[[33.96236,26.77146],[33.97591,26.74812],[33.99727,26.71042],[33.99462,26.76518],[33.96236,26.77146]],[[36.64288,22.2792],[36.63528,22.25277],[36.66605,22.26112],[36.64288,22.2792]],[[36.18729,23.61983],[36.18577,23.59621],[36.21514,23.6087],[36.18729,23.61983]],[[35.74311,22.90986],[35.75362,22.88114],[35.76454,22.88736],[35.75431,22.91321],[35.74311,22.90986]],[[35.81022,23.85141],[35.80413,23.83189],[35.81417,23.83504],[35.81022,23.85141]],[[35.14936,24.66526],[35.1742,24.64657],[35.16408,24.67623],[35.14936,24.66526]],[[33.96937,27.21094],[33.96942,27.18964],[33.98314,27.19319],[33.96937,27.21094]],[[33.89326,27.24425],[33.92373,27.2102],[33.9426,27.2127],[33.90707,27.26718],[33.90663,27.24609],[33.89326,27.24425]],[[33.91531,27.52203],[33.92992,27.50439],[33.97965,27.49301],[34.0226,27.44763],[34.03985,27.45479],[34.0195,27.50229],[33.9618,27.53501],[33.92508,27.53361],[33.91531,27.52203]],[[33.78497,27.65783],[33.80081,27.62259],[33.81689,27.6323],[33.80158,27.66283],[33.78497,27.65783]],[[33.74065,27.5858],[33.77759,27.57096],[33.77196,27.55585],[33.78095,27.54402],[33.77684,27.56161],[33.80307,27.57896],[33.77312,27.60009],[33.77794,27.61697],[33.76004,27.62634],[33.74065,27.5858]],[[33.58896,27.77881],[33.60716,27.75533],[33.60837,27.77344],[33.58896,27.77881]],[[32.93156,31.13812],[33.12017,31.22715],[33.2715,31.21841],[33.10905,31.22988],[32.93156,31.13812]]]]}},{"id":"5","type":"Feature","properties":{"zone_id":"IL00_OFF","name":"Israel Offshore Node 00","parent_zone":"IL00_OFF","level":"PEOF","area_km2":23499.52},"geometry":{"type":"MultiPolygon","coordinates":[[[[34.903,29.49003],[34.95517,29.54922],[34.97806,29.54252],[34.91942,29.44996],[34.903,29.49003]]],[[[32.97222,32.88889],[33.69465,33.48099],[34.62399,33.11957],[35.10378,33.09507],[35.06645,32.91864],[35.08211,32.91225],[35.07736,32.8793],[35.034,32.81035],[34.98168,32.83672],[34.95448,32.82494],[34.94727,32.73709],[34.92618,32.69489],[34.8842,32.47144],[34.86703,32.47005],[34.88151,32.46477],[34.83068,32.27693],[34.76064,32.06854],[34.65318,31.83457],[34.64114,31.81905],[34.63725,31.83473],[34.58984,31.73083],[34.49054,31.59622],[34.12769,31.77319],[33.59717,32.07555],[33.54149,32.19595],[33.32954,32.52622],[33.27509,32.59582],[32.97222,32.88889]]]]}},{"id":"6","type":"Feature","properties":{"zone_id":"JO00_OFF","name":"Jordan Offshore Node 00","parent_zone":"JO00_OFF","level":"PEOF","area_km2":95.0},"geometry":{"type":"Polygon","coordinates":[[[34.96087,29.35736],[34.88535,29.37521],[34.97807,29.54252],[35.00137,29.51793],[34.96792,29.44685],[34.97766,29.40967],[34.96087,29.35736]]]}},{"id":"7","type":"Feature","properties":{"zone_id":"LB00_OFF","name":"Lebanon Offshore Node 00","parent_zone":"LB00_OFF","level":"PEOF","area_km2":20180.63},"geometry":{"type":"Polygon","coordinates":[[[35.97254,34.64021],[35.99164,34.56805],[35.98253,34.52401],[35.90333,34.46709],[35.80668,34.45497],[35.82045,34.41696],[35.81105,34.4039],[35.73667,34.37644],[35.71714,34.31262],[35.67976,34.31178],[35.65139,34.28129],[35.66042,34.24453],[35.6265,34.14997],[35.64948,34.08578],[35.62257,34.02665],[35.64411,34.00297],[35.60062,33.96997],[35.57119,33.90421],[35.46783,33.89773],[35.48362,33.85923],[35.47815,33.79306],[35.43694,33.69928],[35.41548,33.68845],[35.41566,33.65426],[35.39755,33.64715],[35.39856,33.61739],[35.35476,33.51549],[35.28793,33.46178],[35.2425,33.32773],[35.21034,33.27658],[35.19005,33.27325],[35.21138,33.25442],[35.20369,33.20111],[35.10378,33.09507],[34.62399,33.11957],[33.69465,33.48099],[33.89444,33.64444],[33.97422,33.73983],[34.23529,33.96089],[34.29315,33.9938],[34.71229,34.37125],[34.9144,34.69206],[34.96334,34.81245],[35.67275,34.69778],[35.84042,34.59925],[35.97254,34.64021]]]}},{"id":"8","type":"Feature","properties":{"zone_id":"PS00_OFF","name":"Palestine Offshore Node 00","parent_zone":"PS00_OFF","level":"PEOF","area_km2":2323.28},"geometry":{"type":"Polygon","coordinates":[[[34.49054,31.59622],[34.3343,31.42279],[34.21708,31.32439],[34.00037,31.5306],[33.66134,31.87991],[33.59717,32.07555],[34.12769,31.77319],[34.49054,31.59622]]]}},{"id":"9","type":"Feature","properties":{"zone_id":"SY00_OFF","name":"Syria Offshore Node 00","parent_zone":"SY00_OFF","level":"PEOF","area_km2":10250.7},"geometry":{"type":"Polygon","coordinates":[[[35.9181,35.92989],[35.89466,35.91486],[35.87252,35.86577],[35.84572,35.85024],[35.8003,35.85375],[35.84467,35.74255],[35.7984,35.685],[35.77034,35.67398],[35.78452,35.6331],[35.77512,35.60809],[35.71672,35.5854],[35.74162,35.58199],[35.73297,35.56112],[35.77177,35.53614],[35.76096,35.50888],[35.75526,35.53222],[35.76,35.50781],[35.81139,35.4998],[35.87919,35.45544],[35.91436,35.41823],[35.92106,35.27475],[35.9532,35.19436],[35.92374,35.1726],[35.9273,35.15667],[35.88717,35.10607],[35.89817,35.00798],[35.87097,34.96815],[35.87977,34.92041],[35.85908,34.9097],[35.87125,34.91333],[35.87088,34.89928],[35.85402,34.90975],[35.87331,34.89649],[35.92613,34.78478],[35.97254,34.64021],[35.84042,34.59925],[35.67275,34.69778],[34.96334,34.81245],[34.97358,34.99276],[35.09123,35.1514],[35.11775,35.30878],[35.1943,35.83653],[35.16212,36.01639],[35.25877,36.05922],[35.57849,36.05519],[35.70355,36.03158],[35.9181,35.92989]]]}},{"id":"10","type":"Feature","properties":{"zone_id":"DZ00_OFF","name":"Algeria Offshore Node 00","parent_zone":"DZ00_OFF","level":"PEOF","area_km2":131109.72},"geometry":{"type":"MultiPolygon","coordinates":[[[[5.87745,36.81705],[5.88684,36.82787],[5.88792,36.82545],[5.87745,36.81705]]],[[[-2.21233,35.08428],[-2.16529,35.35378],[-2.05752,35.64274],[-2.06975,35.75273],[-2.12171,35.88889],[-2.09358,35.96473],[-1.38562,36.39641],[-0.99526,36.58575],[-0.87483,36.69142],[-0.44688,36.78375],[0.06659,37.03712],[0.28765,37.17538],[0.79306,37.61615],[1.47976,37.60458],[1.87074,37.64248],[2.03898,37.67583],[2.18209,37.71056],[2.77003,37.97939],[3.16412,37.98745],[3.31266,38.00966],[4.07352,38.20727],[4.58385,38.37718],[5.30567,38.44218],[6.06655,38.80087],[6.82199,38.39309],[7.40897,38.15513],[8.42095,37.80114],[8.63719,36.93641],[8.6129,36.94223],[8.42642,36.89519],[8.35942,36.92307],[8.27149,36.91689],[8.22694,36.95193],[7.99018,36.85802],[7.84389,36.84294],[7.76895,36.86373],[7.76113,36.88539],[7.77878,36.9026],[7.76192,36.8963],[7.78229,36.90512],[7.7611,36.92884],[7.79225,36.97014],[7.71066,36.95008],[7.65912,36.97977],[7.62185,36.96217],[7.56831,36.98533],[7.51229,37.04306],[7.40836,37.04026],[7.38156,37.06383],[7.38846,37.08395],[7.33775,37.0648],[7.29623,37.08226],[7.27425,37.06618],[7.21383,37.09009],[7.16821,37.0765],[7.25522,37.02726],[7.26225,36.98253],[7.24698,36.99047],[7.16304,36.91587],[7.12051,36.90753],[7.0865,36.92044],[6.93091,36.88055],[6.88126,36.89669],[6.88194,36.93218],[6.84805,36.93481],[6.84924,36.95729],[6.8164,36.94795],[6.78633,36.96201],[6.76992,36.94489],[6.75221,36.96396],[6.7206,36.94479],[6.58247,36.97522],[6.56386,36.99203],[6.58259,37.01602],[6.56952,37.00865],[6.56995,37.02802],[6.54008,37.0336],[6.54966,37.05455],[6.51987,37.05439],[6.50959,37.07713],[6.47203,37.08955],[6.33752,37.0689],[6.26278,37.02494],[6.23953,36.98232],[6.26105,36.94182],[6.21241,36.90853],[5.89177,36.81679],[5.88792,36.82545],[5.89915,36.83447],[5.80875,36.80611],[5.7742,36.81419],[5.76889,36.829],[5.68804,36.81853],[5.67705,36.79669],[5.57109,36.76574],[5.55293,36.71494],[5.50016,36.67785],[5.36566,36.644],[5.24354,36.64181],[5.1385,36.67751],[5.07725,36.72361],[5.10676,36.77704],[5.01779,36.79318],[5.01615,36.80713],[4.96409,36.81712],[4.92188,36.85072],[4.81162,36.87224],[4.7875,36.89139],[4.51033,36.88474],[4.44164,36.91015],[4.40028,36.89062],[4.30913,36.89533],[4.2966,36.9082],[4.206,36.89218],[4.16086,36.90788],[4.11169,36.88982],[3.95336,36.89739],[3.91709,36.91091],[3.92324,36.92324],[3.73446,36.88613],[3.68672,36.84417],[3.48872,36.76775],[3.33755,36.78354],[3.23005,36.81528],[3.23604,36.79212],[3.22068,36.76498],[3.11965,36.74223],[3.06221,36.76313],[3.06968,36.78882],[3.01138,36.82018],[2.89489,36.8053],[2.88145,36.76933],[2.83746,36.76238],[2.84512,36.74255],[2.82512,36.71215],[2.7067,36.65732],[2.64715,36.61869],[2.54832,36.59143],[2.42691,36.59472],[2.40853,36.60487],[2.40365,36.63417],[2.3479,36.64529],[2.00032,36.56565],[1.91292,36.57865],[1.65477,36.55497],[1.58076,36.53407],[1.52366,36.54266],[1.48963,36.52742],[1.34332,36.55161],[1.2966,36.5101],[1.18107,36.514],[0.94397,36.45019],[0.91103,36.39827],[0.87081,36.37229],[0.80561,36.36641],[0.76013,36.33481],[0.65861,36.33032],[0.47514,36.23106],[0.34548,36.19479],[0.32922,36.16124],[0.29043,36.13485],[0.21085,36.11078],[0.13472,36.04194],[0.02617,35.85938],[-0.09916,35.79031],[-0.15729,35.78935],[-0.27762,35.82007],[-0.30858,35.84837],[-0.29322,35.87521],[-0.33934,35.90974],[-0.3872,35.90773],[-0.42512,35.88005],[-0.46958,35.88722],[-0.48986,35.87583],[-0.48258,35.84534],[-0.50348,35.79068],[-0.52835,35.76816],[-0.55497,35.77609],[-0.63472,35.71018],[-0.70168,35.72206],[-0.70312,35.74275],[-0.76881,35.7478],[-0.7907,35.77314],[-0.82431,35.76954],[-0.85938,35.71712],[-0.89944,35.7065],[-0.93804,35.72834],[-0.99213,35.67934],[-1.04572,35.66727],[-1.06762,35.63123],[-1.10364,35.62453],[-1.15457,35.57453],[-1.19809,35.57456],[-1.19582,35.54988],[-1.27535,35.36481],[-1.33266,35.34765],[-1.38013,35.30778],[-1.46272,35.30894],[-1.5105,35.27712],[-1.55252,35.27131],[-1.57624,35.24098],[-1.63792,35.21332],[-1.65881,35.17633],[-1.70466,35.178],[-1.77484,35.11911],[-1.80545,35.13235],[-1.84039,35.10759],[-1.9615,35.07373],[-2.0836,35.07313],[-2.15496,35.1015],[-2.21233,35.08428]]]]}},{"id":"11","type":"Feature","properties":{"zone_id":"PT01_OFF","name":"Portugal Offshore Node 01","parent_zone":"PT00_OFF","level":"PEOF","area_km2":44994.78},"geometry":{"type":"MultiPolygon","coordinates":[[[[-8.41111,41.06934],[-8.39775,41.05333],[-8.35208,41.04137],[-8.29175,41.08442],[-8.26214,41.06551],[-8.2937,41.07934],[-8.35229,41.03853],[-8.40044,41.05117],[-8.41111,41.06934]]],[[[-8.41192,41.07032],[-8.41181,41.07054],[-8.41111,41.06934],[-8.41192,41.07032]]],[[[-8.42497,41.04375],[-8.41401,41.07282],[-8.41192,41.07032],[-8.42497,41.04375]]],[[[-8.42792,41.03775],[-8.42497,41.04375],[-8.42741,41.03727],[-8.42792,41.03775]]],[[[-8.64631,40.8219],[-8.64379,40.84054],[-8.6461,40.82182],[-8.64631,40.8219]]],[[[-8.83482,41.68113],[-8.81673,41.69544],[-8.73401,41.70343],[-8.70102,41.71823],[-8.73436,41.70036],[-8.83482,41.68113]]],[[[-8.83552,41.681],[-8.83482,41.68113],[-8.83542,41.68066],[-8.83552,41.681]]],[[[-13.2999,41.39623],[-11.40896,41.78482],[-9.54965,41.81274],[-8.89931,41.85499],[-8.86804,41.87218],[-8.86241,41.86701],[-8.87588,41.83689],[-8.86612,41.80963],[-8.88017,41.75023],[-8.84425,41.67367],[-8.83542,41.68066],[-8.79235,41.54221],[-8.75448,41.51258],[-8.79035,41.53007],[-8.77467,41.47256],[-8.78674,41.41537],[-8.7393,41.33213],[-8.71012,41.17639],[-8.69521,41.18827],[-8.70122,41.1768],[-8.67478,41.14732],[-8.57714,41.14308],[-8.51516,41.07507],[-8.46716,41.07513],[-8.42792,41.03775],[-8.47427,41.07447],[-8.51384,41.07155],[-8.57987,41.13973],[-8.67228,41.14492],[-8.64434,41.02374],[-8.64847,40.97086],[-8.76299,40.64361],[-8.74038,40.64641],[-8.71868,40.6765],[-8.65582,40.86046],[-8.6689,40.80173],[-8.64707,40.81391],[-8.6461,40.82182],[-8.62567,40.81365],[-8.68106,40.78125],[-8.67843,40.74178],[-8.6674,40.727],[-8.61046,40.72728],[-8.67143,40.71074],[-8.65421,40.69377],[-8.69897,40.6567],[-8.67423,40.64013],[-8.72004,40.65803],[-8.72259,40.64359],[-8.74862,40.64338],[-8.84088,40.33655],[-8.90934,40.18698],[-8.87013,40.1595],[-8.8751,40.14562],[-8.82644,40.14561],[-8.78647,40.11895],[-8.83264,40.14321],[-8.85506,40.14464],[-8.82808,40.11743],[-8.87395,40.14325],[-8.8624,40.12907],[-8.89403,40.04807],[-13.27697,41.28745],[-13.2999,41.39623]],[[-8.71039,40.69517],[-8.70254,40.68006],[-8.67554,40.70193],[-8.69555,40.70403],[-8.71039,40.69517]],[[-8.71191,40.66142],[-8.67616,40.67864],[-8.69306,40.67129],[-8.68297,40.69456],[-8.71191,40.66142]]]]}},{"id":"12","type":"Feature","properties":{"zone_id":"PT02_OFF","name":"Portugal Offshore Node 02","parent_zone":"PT00_OFF","level":"PEOF","area_km2":270106.35},"geometry":{"type":"MultiPolygon","coordinates":[[[[-8.75736,37.72613],[-8.75152,37.72753],[-8.74679,37.70532],[-8.75736,37.72613]]],[[[-8.76268,37.72485],[-8.75814,37.72765],[-8.75736,37.72613],[-8.76268,37.72485]]],[[[-7.46072,37.40635],[-7.44069,37.38792],[-7.44105,37.37854],[-7.46072,37.40635]]],[[[-7.48153,37.49512],[-7.4702,37.49299],[-7.46898,37.48936],[-7.48153,37.49512]]],[[[-7.46334,37.40875],[-7.44661,37.41978],[-7.45007,37.43278],[-7.44563,37.4195],[-7.46334,37.40875]]],[[[-7.46898,37.48936],[-7.46461,37.48736],[-7.45007,37.43278],[-7.46898,37.48936]]],[[[-13.7315,38.40838],[-13.85443,39.30949],[-13.85619,39.76857],[-13.82786,39.99139],[-13.78004,40.2083],[-13.69326,40.47847],[-13.58133,40.73193],[-13.42565,41.0039],[-13.26472,41.2292],[-13.27697,41.28745],[-8.89403,40.04807],[-9.05071,39.71935],[-9.08655,39.60421],[-9.07215,39.58407],[-9.14519,39.5217],[-9.13752,39.50346],[-9.16845,39.50443],[-9.22761,39.43566],[-9.18381,39.40195],[-9.22607,39.38578],[-9.21222,39.40731],[-9.24101,39.42539],[-9.34755,39.36203],[-9.37912,39.37636],[-9.40917,39.35982],[-9.36183,39.34256],[-9.33654,39.28279],[-9.33983,39.22565],[-9.35772,39.1708],[-9.42243,39.07408],[-9.42771,39.001],[-9.41025,38.93815],[-9.50032,38.77937],[-9.47257,38.74956],[-9.48643,38.70895],[-9.45952,38.69479],[-9.39338,38.70168],[-9.32477,38.67305],[-9.28096,38.69859],[-9.21527,38.69166],[-9.13166,38.7065],[-9.09083,38.7562],[-9.08735,38.81346],[-9.06825,38.84827],[-9.02241,38.88579],[-9.00495,38.93112],[-8.96082,38.96781],[-8.93498,39.0189],[-8.89544,39.03562],[-8.86099,39.02444],[-8.91976,39.02219],[-8.94628,38.97329],[-8.99404,38.93315],[-8.99563,38.88475],[-8.97837,38.86682],[-8.98881,38.84975],[-8.97108,38.82737],[-8.94488,38.84683],[-8.96642,38.82595],[-8.93638,38.8052],[-8.93107,38.78427],[-8.94504,38.77845],[-8.92611,38.75987],[-8.99869,38.74114],[-9.04841,38.70548],[-9.04888,38.6898],[-8.96961,38.70019],[-8.98981,38.6963],[-8.97596,38.68541],[-9.00968,38.68257],[-8.99484,38.6516],[-9.02121,38.67017],[-9.03419,38.65848],[-9.05762,38.68384],[-9.09138,38.66058],[-9.06594,38.64895],[-9.05066,38.60382],[-9.0823,38.64419],[-9.10666,38.643],[-9.10656,38.62054],[-9.11334,38.63714],[-9.13866,38.64209],[-9.10037,38.64883],[-9.14599,38.66535],[-9.14679,38.6879],[-9.25785,38.66413],[-9.21126,38.60733],[-9.18186,38.51619],[-9.14399,38.52365],[-9.1811,38.50611],[-9.22236,38.4129],[-9.19597,38.40904],[-9.10703,38.44271],[-9.02864,38.44561],[-8.8945,38.51993],[-8.7798,38.47206],[-8.75427,38.50148],[-8.81071,38.50929],[-8.78197,38.51488],[-8.78906,38.54269],[-8.76405,38.52692],[-8.74863,38.56495],[-8.72919,38.57255],[-8.74251,38.55955],[-8.73961,38.523],[-8.70851,38.5181],[-8.7289,38.51305],[-8.72167,38.44116],[-8.69977,38.44188],[-8.65183,38.40809],[-8.55218,38.41367],[-8.54109,38.37456],[-8.55873,38.41176],[-8.64619,38.40241],[-8.74649,38.4244],[-8.77358,38.41033],[-8.76542,38.42282],[-8.78839,38.42159],[-8.79849,38.44319],[-8.80959,38.43226],[-8.78847,38.41198],[-8.79817,38.38926],[-8.82464,38.44449],[-8.90699,38.49152],[-8.81358,38.40243],[-8.78465,38.33756],[-8.77483,38.25303],[-8.79977,38.11067],[-8.88906,37.94068],[-8.86732,37.95395],[-8.85637,37.93195],[-8.80459,37.92285],[-8.79057,37.83729],[-8.81261,37.74436],[-8.78964,37.71838],[-8.76268,37.72485],[-8.79761,37.70332],[-8.81996,37.59893],[-8.78633,37.53559],[-8.79534,37.44031],[-8.84497,37.35513],[-8.83928,37.34249],[-8.84966,37.34998],[-8.87802,37.32119],[-8.86031,37.26861],[-8.89669,37.19545],[-8.91833,37.1961],[-8.90184,37.16695],[-8.9977,37.02242],[-8.96365,37.02523],[-8.94765,36.99292],[-8.89475,37.0428],[-8.86533,37.04114],[-8.82273,37.06526],[-8.78906,37.06194],[-8.72567,37.0867],[-8.66752,37.07878],[-8.66547,37.10509],[-8.61955,37.11815],[-8.63478,37.12185],[-8.62318,37.1393],[-8.59784,37.13188],[-8.59033,37.15012],[-8.59677,37.12741],[-8.61812,37.11832],[-8.52938,37.10779],[-8.53407,37.13565],[-8.51925,37.14355],[-8.53141,37.13668],[-8.51789,37.11493],[-8.52697,37.10758],[-8.44216,37.08513],[-8.36612,37.10153],[-8.28748,37.07178],[-8.18078,37.09034],[-8.08293,37.06317],[-7.96769,36.98919],[-8.02049,37.02699],[-7.98269,37.00347],[-7.94102,37.00972],[-7.87351,36.98319],[-7.88301,37.00147],[-7.87011,37.00643],[-7.88352,37.01125],[-7.79225,37.03684],[-7.80828,37.02173],[-7.79355,37.01546],[-7.56045,37.15165],[-7.45868,37.17715],[-7.40028,37.16347],[-7.43481,37.24697],[-7.42321,37.27219],[-7.4437,37.30991],[-7.44105,37.37854],[-7.44198,37.31019],[-7.42167,37.27338],[-7.43304,37.24778],[-7.35377,37.08968],[-7.28314,36.58754],[-7.25694,36.5198],[-7.33052,36.22987],[-7.42968,35.96531],[-7.54199,35.75649],[-7.98778,35.47425],[-8.36063,35.28456],[-8.42239,35.2597],[-8.91579,35.16636],[-9.6905,35.0771],[-12.14817,34.87786],[-12.46074,35.21522],[-12.71624,35.57356],[-12.90943,35.93647],[-13.04879,36.31032],[-13.13353,36.68864],[-13.16442,37.07841],[-13.30865,37.29268],[-13.43743,37.52181],[-13.54572,37.75973],[-13.63005,37.99805],[-13.7315,38.40838]],[[-7.97766,37.00245],[-7.9063,36.96834],[-7.88527,36.97185],[-7.94313,37.00616],[-7.97766,37.00245]],[[-7.9063,36.96834],[-7.90672,36.96827],[-7.90614,36.96827],[-7.9063,36.96834]],[[-7.90614,36.96827],[-7.88837,36.96101],[-7.87179,36.96841],[-7.90614,36.96827]],[[-7.85501,36.99939],[-7.80644,37.01315],[-7.81702,37.02731],[-7.85501,36.99939]],[[-7.86922,36.96263],[-7.82071,37.00039],[-7.86727,36.97622],[-7.86922,36.96263]],[[-7.87502,36.98959],[-7.86105,36.99065],[-7.87195,37.00055],[-7.87502,36.98959]],[[-8.74804,38.46053],[-8.74074,38.45024],[-8.72494,38.46094],[-8.73776,38.45763],[-8.74804,38.46053]],[[-9.00954,38.88418],[-8.99702,38.91345],[-9.00866,38.91313],[-9.00954,38.88418]],[[-9.02121,38.85993],[-8.98624,38.86058],[-9.00489,38.88253],[-9.02121,38.85993]],[[-9.08067,38.81219],[-9.029,38.86627],[-9.05689,38.85712],[-9.08067,38.81219]]]]}},{"id":"13","type":"Feature","properties":{"zone_id":"ES01_OFF","name":"Spain Offshore Node 01","parent_zone":"ES00_OFF","level":"PEOF","area_km2":217681.64},"geometry":{"type":"MultiPolygon","coordinates":[[[[-8.63725,42.04633],[-8.63642,42.04772],[-8.60193,42.05467],[-8.63725,42.04633]]],[[[-8.67485,41.99699],[-8.64241,42.04511],[-8.63725,42.04633],[-8.66367,42.00187],[-8.67485,41.99699]]],[[[-8.72126,41.97674],[-8.67485,41.99699],[-8.67766,41.99283],[-8.72126,41.97674]]],[[[-8.88936,42.81804],[-8.86971,42.82857],[-8.88658,42.81622],[-8.88936,42.81804]]],[[[-13.79048,42.5121],[-13.84253,42.9114],[-13.85154,43.22498],[-13.8213,43.5326],[-13.7554,43.82693],[-13.64997,44.12211],[-13.52116,44.38302],[-13.35345,44.64635],[-13.11428,44.95979],[-12.85695,45.22924],[-12.59267,45.4548],[-12.28738,45.67202],[-12.0274,45.82966],[-11.55327,46.08472],[-11.2467,46.22806],[-10.90357,46.36504],[-10.40514,46.60266],[-10.00392,46.75679],[-9.63736,46.874],[-9.47194,46.62833],[-9.22278,46.32528],[-8.94083,46.0525],[-8.63306,45.80889],[-7.03782,45.56367],[-7.03782,43.55814],[-7.04191,43.55123],[-7.04117,43.55662],[-7.23666,43.56895],[-7.26695,43.54055],[-7.24628,43.57619],[-7.29439,43.59263],[-7.35762,43.67192],[-7.4459,43.69373],[-7.4593,43.71236],[-7.47064,43.70312],[-7.47818,43.71339],[-7.45886,43.7168],[-7.49083,43.73279],[-7.51462,43.71987],[-7.52314,43.73603],[-7.54736,43.73351],[-7.55891,43.71242],[-7.58444,43.71194],[-7.57709,43.69194],[-7.60302,43.68202],[-7.59939,43.6577],[-7.61397,43.6784],[-7.60615,43.71785],[-7.62961,43.72118],[-7.63776,43.75289],[-7.69664,43.73393],[-7.68966,43.70981],[-7.70798,43.70776],[-7.6884,43.75561],[-7.66217,43.77441],[-7.68838,43.79102],[-7.7161,43.75582],[-7.81246,43.72667],[-7.8075,43.71704],[-7.82943,43.70911],[-7.80841,43.69549],[-7.86083,43.70612],[-7.86877,43.69796],[-7.84416,43.67146],[-7.88565,43.66437],[-7.89663,43.6703],[-7.87078,43.67499],[-7.89023,43.68722],[-7.87016,43.70665],[-7.87682,43.72201],[-7.84906,43.7097],[-7.87172,43.73244],[-7.85883,43.75872],[-7.8693,43.77455],[-7.90553,43.76866],[-7.92138,43.74398],[-7.95102,43.74122],[-7.99987,43.70578],[-8.06234,43.70506],[-8.07627,43.66082],[-8.05268,43.65786],[-8.07161,43.64919],[-8.05001,43.63365],[-8.08594,43.63895],[-8.09276,43.66689],[-8.10164,43.64488],[-8.15937,43.61471],[-8.18735,43.62168],[-8.21657,43.58284],[-8.26246,43.55631],[-8.32293,43.56425],[-8.29376,43.53402],[-8.33194,43.5127],[-8.31882,43.49746],[-8.34112,43.45846],[-8.26642,43.46739],[-8.24693,43.49298],[-8.25586,43.47889],[-8.20089,43.47786],[-8.15384,43.51275],[-8.16949,43.47981],[-8.20101,43.46029],[-8.25432,43.46592],[-8.31665,43.445],[-8.24438,43.41711],[-8.23785,43.42973],[-8.17271,43.41127],[-8.13435,43.42397],[-8.16158,43.40492],[-8.20534,43.40913],[-8.22144,43.39184],[-8.20536,43.36155],[-8.22036,43.35362],[-8.20305,43.33914],[-8.21389,43.33916],[-8.20237,43.32154],[-8.21554,43.29175],[-8.21002,43.32677],[-8.30622,43.40545],[-8.35502,43.38984],[-8.33765,43.37796],[-8.34752,43.34797],[-8.38325,43.33999],[-8.35985,43.31612],[-8.38661,43.33646],[-8.37881,43.35713],[-8.40246,43.36098],[-8.38487,43.36825],[-8.39975,43.39031],[-8.40863,43.3688],[-8.43804,43.38225],[-8.45722,43.36049],[-8.4917,43.36106],[-8.50609,43.32803],[-8.53293,43.31517],[-8.60698,43.32332],[-8.71289,43.28953],[-8.78658,43.30473],[-8.83904,43.34591],[-8.84519,43.32007],[-8.90984,43.32198],[-8.9073,43.29332],[-8.92901,43.28321],[-8.95198,43.29461],[-8.9917,43.2753],[-8.95182,43.26291],[-8.94037,43.22324],[-8.91256,43.24249],[-8.93312,43.21937],[-8.98082,43.22927],[-8.99767,43.21568],[-9.01223,43.23281],[-9.06015,43.1833],[-9.09144,43.17978],[-9.08624,43.18915],[-9.13693,43.20177],[-9.1589,43.18278],[-9.17483,43.19098],[-9.20042,43.15489],[-9.21379,43.16435],[-9.19262,43.12273],[-9.16567,43.15037],[-9.16489,43.12796],[-9.13201,43.13367],[-9.1594,43.1263],[-9.18805,43.08939],[-9.21753,43.11315],[-9.2209,43.08786],[-9.25654,43.09189],[-9.25029,43.07213],[-9.27235,43.04485],[-9.29997,43.05655],[-9.27902,43.01232],[-9.25197,43.00263],[-9.26296,42.96772],[-9.27836,42.96253],[-9.29788,42.9215],[-9.27428,42.9101],[-9.2731,42.87983],[-9.26286,42.91942],[-9.23337,42.9265],[-9.23197,42.9414],[-9.21915,42.94294],[-9.20825,42.91583],[-9.18307,42.91618],[-9.18946,42.95234],[-9.16234,42.91202],[-9.12772,42.90691],[-9.1513,42.86927],[-9.1363,42.84614],[-9.1099,42.84009],[-9.10796,42.82019],[-9.15332,42.80151],[-9.09107,42.73674],[-9.04785,42.76938],[-9.06293,42.78646],[-9.01809,42.8027],[-9.01547,42.78266],[-8.98159,42.77864],[-8.97984,42.79443],[-8.95944,42.77933],[-8.93431,42.80505],[-8.90718,42.80303],[-8.90477,42.82815],[-8.88936,42.81804],[-8.89611,42.81442],[-8.89143,42.78101],[-8.92873,42.7836],[-8.95602,42.74634],[-8.98935,42.74127],[-9.03409,42.69518],[-9.04015,42.64165],[-9.09241,42.57516],[-9.07372,42.56486],[-9.0589,42.57685],[-9.03519,42.55897],[-9.0483,42.51702],[-9.00638,42.51351],[-9.00924,42.52666],[-8.98309,42.54398],[-8.9904,42.56356],[-8.92057,42.58655],[-8.93669,42.60735],[-8.90033,42.64314],[-8.87358,42.63239],[-8.88748,42.61014],[-8.857,42.60616],[-8.85583,42.62959],[-8.8379,42.63219],[-8.86092,42.64665],[-8.83984,42.66169],[-8.84177,42.68612],[-8.81547,42.66418],[-8.82429,42.64614],[-8.79514,42.63675],[-8.74644,42.65104],[-8.7212,42.70616],[-8.68641,42.7107],[-8.72407,42.69947],[-8.72878,42.66629],[-8.77628,42.61704],[-8.77147,42.59358],[-8.82973,42.5752],[-8.81906,42.55993],[-8.83631,42.55356],[-8.82927,42.5197],[-8.81517,42.52469],[-8.81956,42.50746],[-8.80574,42.50017],[-8.83079,42.48462],[-8.82088,42.45245],[-8.84838,42.4597],[-8.8687,42.44741],[-8.85561,42.47187],[-8.85811,42.4975],[-8.87129,42.50075],[-8.90807,42.47477],[-8.93732,42.47974],[-8.94484,42.46433],[-8.92898,42.44898],[-8.91253,42.46285],[-8.88294,42.45587],[-8.87071,42.43486],[-8.88156,42.41485],[-8.83888,42.38407],[-8.81415,42.40117],[-8.77416,42.38774],[-8.69501,42.4369],[-8.67445,42.42083],[-8.65163,42.43443],[-8.7368,42.37546],[-8.75495,42.34042],[-8.78906,42.32701],[-8.83703,42.34038],[-8.81654,42.27888],[-8.85743,42.30903],[-8.87399,42.25362],[-8.8641,42.24575],[-8.85401,42.26165],[-8.79247,42.24612],[-8.73171,42.28653],[-8.7118,42.27606],[-8.6609,42.29073],[-8.63206,42.35365],[-8.59644,42.34613],[-8.61546,42.33969],[-8.6135,42.28627],[-8.65396,42.28833],[-8.71322,42.24068],[-8.76251,42.23146],[-8.75408,42.22596],[-8.77503,42.22251],[-8.7797,42.20387],[-8.81449,42.18926],[-8.82328,42.15616],[-8.85011,42.15682],[-8.8205,42.1419],[-8.82731,42.12188],[-8.81471,42.11546],[-8.85204,42.12795],[-8.90015,42.11222],[-8.87704,42.00211],[-8.88182,41.88107],[-8.87178,41.86954],[-8.84159,41.90454],[-8.7597,41.93377],[-8.74551,41.96779],[-8.72126,41.97674],[-8.74374,41.96692],[-8.75486,41.93425],[-8.87215,41.86745],[-9.54965,41.81274],[-11.40896,41.78482],[-13.2999,41.39623],[-13.5178,41.75367],[-13.68701,42.14317],[-13.79048,42.5121]],[[-8.88769,42.56176],[-8.87056,42.55997],[-8.8824,42.52943],[-8.87113,42.52496],[-8.85578,42.56543],[-8.87663,42.57471],[-8.88769,42.56176]],[[-8.9173,42.21433],[-8.90684,42.21244],[-8.89571,42.22839],[-8.91809,42.25114],[-8.90762,42.22432],[-8.9173,42.21433]],[[-8.94771,42.36027],[-8.9362,42.35646],[-8.92379,42.39824],[-8.94771,42.36027]],[[-9.02053,42.48367],[-9.01123,42.46268],[-8.99871,42.4689],[-9.00756,42.47897],[-9.02053,42.48367]]]]}},{"id":"14","type":"Feature","properties":{"zone_id":"ES02_OFF","name":"Spain Offshore Node 02","parent_zone":"ES00_OFF","level":"PEOF","area_km2":59083.4},"geometry":{"type":"MultiPolygon","coordinates":[[[[-3.75176,43.43549],[-3.75059,43.43906],[-3.73638,43.43217],[-3.75176,43.43549]]],[[[-5.41556,43.50903],[-5.38698,43.52949],[-5.3865,43.52897],[-5.41556,43.50903]]],[[[-7.03782,43.55814],[-7.03782,45.56367],[-3.17222,44.86667],[-3.15382,44.84995],[-3.15382,43.35377],[-3.17918,43.35808],[-3.24009,43.40119],[-3.31127,43.40955],[-3.31981,43.38997],[-3.32381,43.41981],[-3.42266,43.40992],[-3.45201,43.4335],[-3.46324,43.39243],[-3.42839,43.36728],[-3.4553,43.3864],[-3.47829,43.36976],[-3.46574,43.3902],[-3.47599,43.4152],[-3.52,43.42454],[-3.50819,43.43661],[-3.48836,43.4278],[-3.47278,43.46232],[-3.45971,43.43814],[-3.43016,43.44026],[-3.42731,43.45817],[-3.51075,43.47392],[-3.52064,43.49686],[-3.54687,43.48333],[-3.55046,43.5094],[-3.58688,43.49365],[-3.58571,43.51482],[-3.61464,43.49529],[-3.72336,43.47305],[-3.73313,43.45857],[-3.77634,43.45822],[-3.74624,43.45228],[-3.75059,43.43906],[-3.77062,43.44877],[-3.79063,43.43236],[-3.78018,43.42106],[-3.8139,43.40258],[-3.77547,43.40387],[-3.80907,43.39469],[-3.82827,43.40898],[-3.80387,43.42417],[-3.82896,43.43316],[-3.81529,43.43681],[-3.82551,43.45153],[-3.7628,43.46728],[-3.78743,43.47676],[-3.78416,43.49178],[-3.81087,43.49431],[-3.83769,43.47866],[-3.9457,43.47096],[-3.9717,43.44434],[-3.95229,43.43638],[-3.9841,43.42999],[-3.98527,43.44576],[-4.02168,43.44863],[-4.03635,43.43388],[-4.04659,43.4455],[-4.22105,43.39412],[-4.32632,43.39039],[-4.34722,43.4066],[-4.38132,43.39007],[-4.62412,43.39794],[-4.92609,43.4627],[-5.03574,43.46073],[-5.123,43.48458],[-5.2149,43.47362],[-5.29531,43.53515],[-5.37249,43.53985],[-5.38698,43.52949],[-5.40965,43.55407],[-5.49358,43.54352],[-5.61909,43.55776],[-5.64553,43.54024],[-5.69205,43.54297],[-5.68368,43.5583],[-5.69565,43.55072],[-5.69936,43.56716],[-5.68276,43.56909],[-5.75955,43.58675],[-5.7909,43.61392],[-5.78058,43.6288],[-5.8089,43.62902],[-5.84024,43.66126],[-5.86597,43.6315],[-5.91473,43.62413],[-5.91674,43.6041],[-5.94555,43.59894],[-5.91572,43.58979],[-5.91955,43.55865],[-5.93062,43.59205],[-5.99514,43.57224],[-6.01859,43.58754],[-6.07599,43.56491],[-6.0735,43.53915],[-6.08549,43.53567],[-6.07776,43.56532],[-6.18636,43.5634],[-6.18871,43.58072],[-6.20225,43.57259],[-6.24398,43.59705],[-6.2553,43.5783],[-6.35584,43.55083],[-6.42978,43.55253],[-6.46816,43.57059],[-6.47214,43.54911],[-6.53602,43.54581],[-6.59752,43.55377],[-6.62624,43.57468],[-6.71034,43.56392],[-6.72455,43.53167],[-6.72591,43.55787],[-6.74552,43.5675],[-6.81084,43.55445],[-6.94559,43.575],[-6.97416,43.55783],[-7.03782,43.55814]]]]}},{"id":"15","type":"Feature","properties":{"zone_id":"ES04_OFF","name":"Spain Offshore Node 04","parent_zone":"ES00_OFF","level":"PEOF","area_km2":10593.79},"geometry":{"type":"MultiPolygon","coordinates":[[[[-1.7911,43.37315],[-1.78888,43.37472],[-1.78888,43.37168],[-1.7911,43.37315]]],[[[-3.15382,43.35377],[-3.15382,44.84995],[-2.95,44.66389],[-2.70833,44.5],[-2.60528,44.41111],[-2.425,44.21667],[-2.19028,43.89028],[-1.925,43.72917],[-1.80222,43.59528],[-1.78888,43.53887],[-1.78888,43.37681],[-1.79595,43.39339],[-1.92698,43.33525],[-1.91093,43.31926],[-1.96185,43.33761],[-1.99086,43.31482],[-2.01027,43.32413],[-2.1085,43.30117],[-2.12943,43.27443],[-2.13317,43.29137],[-2.17843,43.28803],[-2.20189,43.31136],[-2.35365,43.29729],[-2.4604,43.33627],[-2.51017,43.37726],[-2.61929,43.39202],[-2.64338,43.41531],[-2.68156,43.40978],[-2.68289,43.36419],[-2.70079,43.41528],[-2.73798,43.42935],[-2.75198,43.45659],[-2.80725,43.4311],[-2.94673,43.43579],[-2.94601,43.40921],[-2.96548,43.41464],[-3.03264,43.37699],[-3.01238,43.34663],[-3.01778,43.32403],[-2.97739,43.29921],[-3.0418,43.33801],[-3.0309,43.33692],[-3.03873,43.3498],[-3.07261,43.35222],[-3.0454,43.35907],[-3.09814,43.3635],[-3.11939,43.34294],[-3.15382,43.35377]],[[-3.09814,43.3635],[-3.08347,43.37769],[-3.10342,43.36394],[-3.09814,43.3635]]],[[[-1.79709,43.34921],[-1.78888,43.35684],[-1.79014,43.35007],[-1.79709,43.34921]]]]}},{"id":"16","type":"Feature","properties":{"zone_id":"ES06_OFF","name":"Spain Offshore Node 06","parent_zone":"ES00_OFF","level":"PEOF","area_km2":115854.47},"geometry":{"type":"Polygon","coordinates":[[[0.51912,40.53206],[0.53895,40.56753],[0.60317,40.60955],[0.60131,40.6219],[0.72591,40.6392],[0.74419,40.63536],[0.72648,40.61174],[0.75705,40.63978],[0.87317,40.70187],[0.87288,40.73196],[0.79405,40.69336],[0.68982,40.72247],[0.61646,40.70425],[0.57847,40.71598],[0.57416,40.72804],[0.58105,40.71625],[0.61956,40.70709],[0.68919,40.72402],[0.79289,40.69506],[0.86773,40.73177],[0.83118,40.73302],[0.7717,40.79126],[0.72659,40.78964],[0.78262,40.77227],[0.77033,40.76381],[0.72985,40.76982],[0.70025,40.80291],[0.74176,40.82298],[0.86283,40.94687],[0.98763,41.0408],[1.12369,41.07475],[1.17182,41.05454],[1.19547,41.09108],[1.20863,41.08176],[1.19907,41.09457],[1.24766,41.10895],[1.22149,41.08372],[1.30096,41.12885],[1.40201,41.13219],[1.52126,41.17952],[1.73011,41.2054],[1.93733,41.26257],[2.15442,41.29658],[2.13739,41.30113],[2.16494,41.33979],[2.14599,41.33051],[2.15095,41.34597],[2.18558,41.37766],[2.16967,41.32567],[2.19563,41.38379],[2.26657,41.45935],[2.38061,41.49501],[2.5515,41.57809],[2.77412,41.64773],[2.83151,41.69362],[2.93412,41.71464],[2.97751,41.75717],[3.05645,41.78648],[3.1003,41.84373],[3.13032,41.84136],[3.17927,41.86711],[3.23402,41.96208],[3.21035,41.97248],[3.19328,42.02255],[3.17094,42.02328],[3.19362,42.02422],[3.21481,42.06092],[3.17682,42.11152],[3.12459,42.12791],[3.11363,42.21597],[3.16312,42.26479],[3.21807,42.23212],[3.22879,42.25111],[3.264,42.23678],[3.2538,42.25239],[3.28781,42.26573],[3.2778,42.28755],[3.2997,42.28504],[3.29029,42.30634],[3.32249,42.31894],[3.26817,42.3404],[3.25037,42.33009],[3.22994,42.35208],[3.19534,42.33557],[3.15536,42.37915],[3.17088,42.41609],[3.16125,42.42815],[3.23617,42.44848],[3.87024,42.7496],[4.14071,42.72218],[4.54375,42.44867],[4.9991,41.9163],[5.32094,41.47211],[5.7753,41.30857],[5.88972,41.24333],[5.94333,41.155],[6.3,40.02833],[6.3,39.625],[6.06655,38.80088],[5.54824,38.55746],[3.29288,39.48376],[3.29689,39.49897],[3.33703,39.54102],[3.36842,39.5503],[3.37893,39.57599],[3.40423,39.57882],[3.38569,39.58995],[3.3938,39.6216],[3.40624,39.63679],[3.43674,39.63385],[3.44102,39.65614],[3.45662,39.65727],[3.45675,39.70496],[3.47903,39.71584],[3.45204,39.72185],[3.46137,39.748],[3.43341,39.74475],[3.34782,39.78941],[3.32963,39.76008],[3.24332,39.72971],[3.15284,39.76749],[3.1205,39.80214],[3.12201,39.83541],[3.17435,39.83791],[3.20377,39.88995],[3.10334,39.8572],[3.07973,39.90126],[3.08933,39.91074],[3.11083,39.89907],[3.13219,39.92629],[3.20142,39.94299],[3.21349,39.962],[3.16406,39.95926],[3.12197,39.93166],[3.05929,39.91969],[3.0416,39.93727],[2.98646,39.90932],[2.94993,39.91925],[2.84407,39.86176],[2.77824,39.85587],[2.77589,39.83993],[2.70014,39.81152],[2.69387,39.79102],[2.67197,39.79491],[2.61915,39.74746],[0.51912,40.53206]],[[0.72648,40.61174],[0.70654,40.59343],[0.71372,40.5947],[0.72648,40.61174]],[[0.70654,40.59343],[0.65994,40.5852],[0.70055,40.58794],[0.70654,40.59343]],[[0.70055,40.58794],[0.67478,40.56425],[0.70555,40.58827],[0.70055,40.58794]],[[0.67478,40.56425],[0.66211,40.56135],[0.659,40.57423],[0.67654,40.57285],[0.65826,40.57655],[0.66091,40.59178],[0.64301,40.57493],[0.61794,40.58653],[0.59634,40.57621],[0.61816,40.55406],[0.67069,40.56049],[0.67478,40.56425]],[[3.7909,40.01501],[3.79459,40.0],[3.82969,39.99288],[3.82057,39.92535],[3.89878,39.92164],[3.95998,39.93776],[4.06278,39.90475],[4.23738,39.81387],[4.27249,39.80895],[4.2968,39.82273],[4.30752,39.86546],[4.25884,39.89733],[4.3104,39.86988],[4.32806,39.87683],[4.28703,39.91271],[4.28122,39.95133],[4.25517,39.96377],[4.26563,39.98154],[4.25514,39.99256],[4.27017,39.99626],[4.22048,39.99693],[4.20831,40.01336],[4.20439,39.98942],[4.20267,40.02205],[4.16117,40.03215],[4.17326,40.06043],[4.1536,40.06818],[4.13642,40.06746],[4.14057,40.03512],[4.12736,40.02636],[4.13443,40.06274],[4.10479,40.04429],[4.09984,40.0844],[4.08094,40.09095],[4.08908,40.06889],[4.05411,40.05084],[4.02717,40.06563],[3.9791,40.05089],[3.93242,40.06243],[3.92076,40.0468],[3.89845,40.05965],[3.82175,40.05021],[3.7909,40.01501]]]}},{"id":"17","type":"Feature","properties":{"zone_id":"ES09_OFF","name":"Spain Offshore Node 09","parent_zone":"ES00_OFF","level":"PEOF","area_km2":25602.93},"geometry":{"type":"MultiPolygon","coordinates":[[[[-7.54199,35.75649],[-7.4289,35.96692],[-7.31974,36.2677],[-7.25686,36.5196],[-7.28315,36.58754],[-7.35377,37.08968],[-7.3987,37.17938],[-7.33277,37.1851],[-7.33358,37.20477],[-7.34449,37.20407],[-7.33186,37.20883],[-7.31117,37.20069],[-7.32954,37.20534],[-7.3309,37.1865],[-7.18747,37.20899],[-7.06516,37.20539],[-7.17014,37.21574],[-7.16284,37.2611],[-7.16838,37.27028],[-7.16104,37.26505],[-7.16616,37.23686],[-7.15231,37.23551],[-7.16506,37.21544],[-7.03196,37.20501],[-6.9485,37.16398],[-6.97633,37.20542],[-7.02327,37.21702],[-6.99381,37.25719],[-6.98048,37.24188],[-6.99472,37.23441],[-6.98869,37.24591],[-7.00037,37.2303],[-6.97188,37.21785],[-6.97465,37.23518],[-6.958,37.21604],[-6.96563,37.25658],[-6.98258,37.27615],[-6.96773,37.26525],[-6.97916,37.30956],[-6.96831,37.27711],[-6.95439,37.29564],[-6.96405,37.26325],[-6.94193,37.2121],[-6.84671,37.30391],[-6.93972,37.20592],[-6.93091,37.18508],[-6.5203,36.9768],[-6.4474,36.90564],[-6.39025,36.80337],[-6.34578,36.79906],[-6.35934,36.84787],[-6.33981,36.89978],[-6.2737,36.9136],[-6.25726,36.89566],[-6.22821,36.89642],[-6.25506,36.89113],[-6.28003,36.90897],[-6.34112,36.89394],[-6.35245,36.83393],[-6.33825,36.79768],[-6.44242,36.73828],[-6.39361,36.63403],[-6.35454,36.61501],[-6.34167,36.62632],[-6.32607,36.61029],[-6.32969,36.62503],[-6.29774,36.61651],[-6.26543,36.57947],[-6.23065,36.58762],[-6.22934,36.52673],[-6.21135,36.54677],[-6.21849,36.52664],[-6.25647,36.52073],[-6.23301,36.50345],[-6.19884,36.52753],[-6.17247,36.51047],[-6.188,36.5011],[-6.17985,36.48719],[-6.19964,36.49995],[-6.19685,36.4859],[-6.22928,36.46301],[-6.25907,36.47502],[-6.25464,36.50037],[-6.27994,36.52607],[-6.26835,36.53173],[-6.29137,36.53259],[-6.27887,36.5426],[-6.30857,36.53264],[-6.28677,36.52111],[-6.21716,36.3925],[-6.20986,36.42564],[-6.20851,36.40455],[-6.195,36.40416],[-6.20982,36.38522],[-6.18012,36.36622],[-6.14363,36.29692],[-6.08721,36.27046],[-6.03512,36.18099],[-5.90963,36.18256],[-5.7991,36.07888],[-5.77733,36.08865],[-5.71076,36.05819],[-5.68878,36.06879],[-5.63846,36.04284],[-5.61054,35.99983],[-5.43041,36.07052],[-5.44214,36.11896],[-5.4237,36.127],[-5.42851,36.14708],[-5.4423,36.1276],[-5.44484,36.15538],[-5.41067,36.1813],[-5.35201,36.15585],[-5.39735,36.14142],[-5.38936,36.09958],[-5.33496,36.01187],[-4.96717,36.07563],[-5.14608,36.14756],[-5.33909,36.15337],[-5.32007,36.22349],[-5.27896,36.28027],[-5.29383,36.29646],[-5.27633,36.28304],[-5.24686,36.31022],[-5.22154,36.37343],[-5.17723,36.41403],[-5.08126,36.45055],[-5.00595,36.45939],[-4.93451,36.49979],[-4.85979,36.5075],[-4.7395,36.48299],[-4.63896,36.50625],[-4.60367,36.56269],[-4.50999,36.59382],[-4.41685,36.71746],[-4.41437,36.69871],[-4.39441,36.72297],[-4.17904,36.71543],[-4.10958,36.72485],[-4.06469,36.74866],[-3.95627,36.72625],[-3.83594,36.75371],[-3.78133,36.73491],[-3.78133,35.89565],[-3.92542,35.99287],[-4.34178,35.87923],[-4.42257,35.87706],[-4.5283,35.89747],[-4.60408,35.87732],[-4.68216,35.80588],[-5.23013,35.79153],[-5.27747,35.81559],[-5.27815,35.90086],[-5.38788,35.91961],[-5.37215,36.0051],[-5.62892,35.93517],[-6.10303,35.96254],[-7.02212,35.80935],[-7.54199,35.75649]],[[-6.99982,37.21574],[-6.98171,37.21475],[-7.00779,37.21924],[-6.99982,37.21574]],[[-6.96889,37.21705],[-6.95914,37.18416],[-6.91782,37.16329],[-6.96889,37.21705]]],[[[-6.98048,37.24188],[-6.97608,37.24418],[-6.97465,37.23518],[-6.98048,37.24188]]],[[[-6.20986,36.42564],[-6.20986,36.42565],[-6.20986,36.42565],[-6.20986,36.42564]]],[[[-6.20986,36.42565],[-6.20617,36.44236],[-6.1838,36.4411],[-6.20986,36.42565]]],[[[-6.21135,36.54677],[-6.20975,36.55127],[-6.20929,36.54907],[-6.21135,36.54677]]],[[[-6.21396,36.57121],[-6.20543,36.56344],[-6.20975,36.55127],[-6.21396,36.57121]]],[[[-7.40004,37.17926],[-7.40048,37.18294],[-7.3987,37.17938],[-7.40004,37.17926]]],[[[-7.00174,37.25738],[-6.98498,37.2689],[-6.9764,37.26344],[-7.00174,37.25738]]],[[[-6.99644,37.23351],[-6.99472,37.23441],[-6.99321,37.23145],[-6.99644,37.23351]]]]}},{"id":"18","type":"Feature","properties":{"zone_id":"ES10_OFF","name":"Spain Offshore Node 10","parent_zone":"ES00_OFF","level":"PEOF","area_km2":25811.14},"geometry":{"type":"Polygon","coordinates":[[[-3.78133,35.89565],[-3.78133,36.73491],[-3.76469,36.72917],[-3.75101,36.73799],[-3.73426,36.71908],[-3.65764,36.74612],[-3.6021,36.74368],[-3.55364,36.71459],[-3.52888,36.72421],[-3.48138,36.69671],[-3.42034,36.69372],[-3.33776,36.73828],[-3.26035,36.75299],[-2.9759,36.73804],[-2.92741,36.75198],[-2.84878,36.69494],[-2.81883,36.70611],[-2.77198,36.68129],[-2.69986,36.68228],[-2.6255,36.72185],[-2.56487,36.81365],[-2.48051,36.83394],[-2.46445,36.82536],[-2.47394,36.8354],[-2.42608,36.81033],[-2.36713,36.84152],[-2.29216,36.8206],[-2.18494,36.71894],[-2.1211,36.73274],[-2.10668,36.76255],[-2.06013,36.7774],[-2.06121,36.80792],[-1.99922,36.84027],[-2.00319,36.88227],[-1.9674,36.89835],[-1.94087,36.9355],[-1.89556,36.94822],[-1.90126,36.98584],[-1.84956,37.06925],[-1.803,37.2229],[-1.70723,37.30508],[-1.67674,37.35323],[-1.63065,37.37604],[-0.84098,36.69879],[-0.87483,36.69142],[-0.99526,36.58575],[-1.38562,36.39641],[-2.09358,35.96473],[-2.12171,35.88889],[-2.37556,35.75323],[-3.01144,35.6884],[-3.4169,35.66859],[-3.53892,35.73117],[-3.78133,35.89565]]]}},{"id":"19","type":"Feature","properties":{"zone_id":"ES11_OFF","name":"Spain Offshore Node 11","parent_zone":"ES00_OFF","level":"PEOF","area_km2":107222.99},"geometry":{"type":"Polygon","coordinates":[[[-1.63065,37.37604],[-1.51859,37.43139],[-1.482,37.42492],[-1.46005,37.48595],[-1.40193,37.50687],[-1.35548,37.55063],[-1.25441,37.55779],[-1.23715,37.5772],[-1.18068,37.56617],[-1.16561,37.54162],[-1.11084,37.53382],[-1.12705,37.55198],[-1.11104,37.56723],[-1.07385,37.58386],[-1.01612,37.5732],[-0.98417,37.58423],[-0.99215,37.60015],[-0.95061,37.56745],[-0.96789,37.56973],[-0.96112,37.55875],[-0.91957,37.55364],[-0.87771,37.57776],[-0.82178,37.57455],[-0.71763,37.60676],[-0.68659,37.63309],[-0.71013,37.6416],[-0.73337,37.68399],[-0.73811,37.73424],[-0.72187,37.74057],[-0.74538,37.75948],[-0.72748,37.63437],[-0.80855,37.66185],[-0.85927,37.72287],[-0.80358,37.77733],[-0.76812,37.8421],[-0.76236,37.79212],[-0.74793,37.79087],[-0.76097,37.86591],[-0.7412,37.90851],[-0.71926,37.91183],[-0.69679,37.96917],[-0.66665,37.97503],[-0.64712,37.9996],[-0.6532,38.0466],[-0.63273,38.14708],[-0.5958,38.18822],[-0.53798,38.18694],[-0.50955,38.20297],[-0.52068,38.28933],[-0.50666,38.33192],[-0.48286,38.34235],[-0.48691,38.32925],[-0.44481,38.36282],[-0.40225,38.35247],[-0.40461,38.40421],[-0.37502,38.44232],[-0.14781,38.53635],[-0.09649,38.52356],[-0.04865,38.56332],[-0.06209,38.58088],[-0.02834,38.61819],[0.0309,38.62516],[0.04873,38.64143],[0.0834,38.6313],[0.07352,38.64504],[0.09637,38.67029],[0.14942,38.67973],[0.18295,38.72087],[0.23488,38.73675],[0.22584,38.76391],[0.18958,38.77331],[0.183,38.79465],[0.1979,38.8045],[0.1244,38.83334],[0.11254,38.84527],[0.12585,38.84842],[-0.01464,38.87126],[-0.15908,38.99363],[-0.23654,39.12791],[-0.24128,39.17059],[-0.21618,39.18701],[-0.29277,39.3071],[-0.33088,39.42261],[-0.3659,39.43512],[-0.31213,39.4227],[-0.32997,39.43538],[-0.32362,39.45684],[-0.33089,39.45953],[-0.31714,39.46227],[-0.31615,39.52324],[-0.24986,39.62539],[-0.2161,39.65456],[-0.19463,39.64663],[-0.21418,39.65675],[-0.17542,39.74213],[-0.08743,39.85583],[-0.01169,39.90772],[0.00923,39.96689],[0.03007,39.95959],[0.02309,39.98005],[0.04952,40.03507],[0.14729,40.08194],[0.18394,40.16313],[0.26506,40.20873],[0.28703,40.25255],[0.40699,40.35538],[0.4178,40.40056],[0.47811,40.45854],[0.51912,40.53206],[2.61915,39.74746],[2.58489,39.71664],[2.5269,39.70144],[2.34727,39.59532],[2.34641,39.56451],[2.38946,39.5464],[2.36301,39.53168],[2.38817,39.53349],[2.38779,39.52039],[2.41381,39.53862],[2.42005,39.52292],[2.45035,39.53698],[2.4807,39.51692],[2.45592,39.50505],[2.47901,39.49154],[2.47375,39.46491],[2.49107,39.47252],[2.52359,39.45692],[2.54743,39.51124],[2.5368,39.51944],[2.57023,39.52864],[2.60586,39.55165],[2.63229,39.54466],[2.63599,39.56901],[2.63506,39.55866],[2.68936,39.55228],[2.74901,39.50975],[2.72215,39.4752],[2.74639,39.44188],[2.74057,39.40863],[2.78777,39.36225],[2.88163,39.36545],[2.91293,39.35243],[2.95709,39.36323],[2.99001,39.33858],[2.98652,39.31541],[3.01425,39.3098],[3.04952,39.26524],[3.07303,39.26822],[3.12382,39.31478],[3.23224,39.36122],[3.26357,39.42498],[3.27497,39.41563],[3.29288,39.48376],[5.54824,38.55746],[5.30567,38.44218],[4.58385,38.37718],[4.07352,38.20727],[3.31266,38.00966],[3.16412,37.98745],[2.77002,37.97939],[2.18209,37.71056],[1.87074,37.64248],[1.47976,37.60458],[0.79306,37.61615],[0.28765,37.17538],[0.08886,37.05019],[-0.44688,36.78375],[-0.84098,36.69879],[-1.63065,37.37604]],[[-0.74538,37.75948],[-0.74581,37.76026],[-0.74582,37.75983],[-0.74538,37.75948]],[[-0.74581,37.76026],[-0.74533,37.78459],[-0.76116,37.78837],[-0.74581,37.76026]],[[-0.32362,39.45684],[-0.32087,39.45582],[-0.32318,39.4583],[-0.32362,39.45684]],[[-0.32087,39.45582],[-0.30169,39.43523],[-0.30144,39.44862],[-0.32087,39.45582]],[[0.00649,39.95628],[0.00575,39.95341],[0.02188,39.9526],[0.00649,39.95628]],[[2.96011,39.18847],[2.96615,39.17537],[2.97319,39.18631],[2.96011,39.18847]],[[2.91381,39.14136],[2.9294,39.12953],[2.95532,39.12514],[2.9569,39.14675],[2.9766,39.15669],[2.94632,39.16348],[2.95031,39.15004],[2.93073,39.15608],[2.93082,39.14277],[2.91712,39.16109],[2.91381,39.14136]],[[1.38018,38.71993],[1.3856,38.64081],[1.45216,38.68471],[1.5232,38.65318],[1.58552,38.66217],[1.5709,38.6915],[1.53121,38.67329],[1.4799,38.70242],[1.47338,38.72837],[1.45798,38.72384],[1.43887,38.74706],[1.42353,38.79889],[1.43083,38.74353],[1.38018,38.71993]],[[1.2131,38.90298],[1.22417,38.87045],[1.24881,38.85493],[1.26617,38.87679],[1.29701,38.87555],[1.29734,38.8623],[1.32204,38.85615],[1.34396,38.8702],[1.37103,38.82818],[1.38741,38.84212],[1.40625,38.82952],[1.40348,38.87573],[1.421,38.9031],[1.47714,38.91249],[1.51107,38.94671],[1.52929,38.94537],[1.51991,38.95255],[1.53411,38.98217],[1.58198,38.98888],[1.58416,39.01553],[1.62156,39.02723],[1.58855,39.06198],[1.61187,39.08101],[1.60548,39.09002],[1.55847,39.09347],[1.53334,39.11851],[1.49872,39.09982],[1.46315,39.10363],[1.4404,39.08128],[1.42437,39.09213],[1.37586,39.06286],[1.34535,39.06684],[1.29005,39.02792],[1.29865,39.00973],[1.28442,38.99325],[1.30317,38.96992],[1.22928,38.9746],[1.21473,38.95837],[1.2355,38.93879],[1.2131,38.90298]],[[1.20618,38.98882],[1.21508,38.97568],[1.21666,38.99384],[1.20618,38.98882]]]}},{"id":"20","type":"Feature","properties":{"zone_id":"TN07_OFF","name":"Tunisia Offshore Node 07","parent_zone":"TN00_OFF","level":"PEOF","area_km2":25320.89},"geometry":{"type":"MultiPolygon","coordinates":[[[[11.46227,33.17324],[11.46251,33.17354],[11.49214,33.16385],[11.46227,33.17324]]],[[[10.45742,33.63283],[10.4673,33.64716],[10.46817,33.64629],[10.45742,33.63283]]],[[[10.4547,33.66123],[10.49071,33.72034],[10.49342,33.74338],[10.43515,33.91277],[10.4413,34.04624],[10.51572,34.16645],[10.90496,34.25803],[11.42516,34.41745],[12.0956,34.80184],[12.37609,34.98501],[12.63368,35.17963],[12.73558,35.29952],[12.8125,35.33889],[12.87944,35.425],[12.89389,35.53],[12.84861,35.63333],[12.98111,35.65139],[13.09583,35.72583],[13.19167,35.66],[13.61,35.25],[13.68389,35.15361],[12.14702,34.17701],[11.56179,33.1672],[11.47545,33.18577],[11.32408,33.27567],[11.31983,33.26626],[11.4507,33.19068],[11.45126,33.17669],[11.46227,33.17324],[11.45385,33.16303],[11.43809,33.18163],[11.41324,33.17452],[11.39127,33.18915],[11.37831,33.17148],[11.26507,33.20612],[11.17833,33.20488],[11.16226,33.25091],[11.1198,33.27747],[11.12942,33.31501],[11.32154,33.27674],[11.17605,33.32896],[11.13535,33.37077],[11.09232,33.36154],[11.13892,33.38772],[11.10573,33.40293],[11.09299,33.4354],[11.12379,33.49064],[11.10825,33.55726],[11.04802,33.62567],[11.00781,33.64032],[10.98841,33.6386],[10.98578,33.62295],[10.94568,33.62834],[10.919,33.6693],[10.94635,33.62709],[10.912,33.607],[10.94815,33.56789],[10.93064,33.5255],[10.74956,33.47408],[10.6977,33.49259],[10.70287,33.51991],[10.68093,33.53307],[10.73601,33.60653],[10.73044,33.64352],[10.74479,33.67782],[10.7249,33.70615],[10.57244,33.65521],[10.56703,33.64045],[10.58731,33.63073],[10.56365,33.63435],[10.56024,33.65623],[10.4891,33.64475],[10.48458,33.6297],[10.46817,33.64629],[10.47654,33.65678],[10.4547,33.66123]],[[10.70775,33.73126],[10.72245,33.72196],[10.72004,33.74246],[10.70775,33.73126]],[[10.7418,33.87925],[10.74905,33.79967],[10.72711,33.76314],[10.74025,33.71489],[10.79018,33.69747],[10.79083,33.72261],[10.82941,33.73748],[10.87793,33.68965],[10.86904,33.65419],[10.88696,33.63174],[10.89203,33.66756],[10.93931,33.69283],[10.95056,33.72005],[10.9667,33.72792],[10.97296,33.68176],[11.00082,33.75264],[11.06065,33.78222],[11.055,33.82462],[11.00796,33.83661],[10.93372,33.89528],[10.93542,33.87841],[10.91065,33.87342],[10.79338,33.89844],[10.7418,33.87925]]]]}},{"id":"21","type":"Feature","properties":{"zone_id":"BE01_OFF","name":"Belgium Offshore Node 01","parent_zone":"BE00_OFF","level":"PEOF","area_km2":3487.67},"geometry":{"type":"Polygon","coordinates":[[[3.3704,51.36696],[3.22954,51.34017],[3.22456,51.35875],[3.19725,51.36309],[3.22397,51.34769],[3.19356,51.32983],[3.20288,51.34784],[3.17629,51.34421],[3.19307,51.35461],[3.17585,51.35302],[3.1827,51.36084],[3.16819,51.35141],[3.18173,51.33046],[2.92392,51.23749],[2.93045,51.22652],[2.91852,51.23575],[2.54626,51.08931],[2.39028,51.26917],[2.23833,51.55778],[2.25333,51.61306],[2.48167,51.805],[2.53933,51.87611],[3.08139,51.55167],[3.29639,51.45],[3.3704,51.36696]]]}},{"id":"22","type":"Feature","properties":{"zone_id":"DKE1_OFF","name":"Denmark East (Sj\u00e6lland) Offshore Node E1","parent_zone":"DKE1_OFF","level":"PEOF","area_km2":13623.66},"geometry":{"type":"MultiPolygon","coordinates":[[[[12.76843,55.18541],[12.76843,55.18545],[12.79489,55.16667],[12.76843,55.18541]]],[[[10.83545,56.04969],[11.86476,56.58204],[12.03556,56.65342],[12.14781,56.50897],[12.08775,56.30392],[12.37062,56.21403],[12.44819,56.15788],[12.6326,56.06868],[12.65963,56.03331],[12.64622,55.96905],[12.64831,55.92464],[12.69359,55.85084],[12.81583,55.79076],[12.84397,55.74266],[12.93117,55.67633],[12.90373,55.65649],[12.88444,55.61361],[12.7325,55.54028],[12.71667,55.48861],[12.61361,55.43111],[12.63889,55.30833],[12.67722,55.25],[12.76843,55.18541],[12.76092,54.76798],[12.44325,54.68775],[12.11208,54.41108],[11.94044,54.36681],[11.67075,54.36483],[11.3322,54.56486],[11.24671,54.60227],[11.06975,54.63972],[10.88144,54.62258],[10.87882,54.8013],[11.07253,55.27018],[11.02051,55.46408],[10.76612,55.70587],[10.83545,56.04969]],[[11.59053,54.64798],[11.60156,54.64369],[11.60156,54.64593],[11.59053,54.64798]],[[10.96242,54.80535],[11.00661,54.76183],[11.25159,54.70593],[11.35083,54.65045],[11.48361,54.59929],[11.52777,54.59669],[11.46172,54.61109],[11.58984,54.66443],[11.71292,54.65214],[11.72563,54.66518],[11.73576,54.65138],[11.80691,54.64245],[11.83351,54.65141],[11.82055,54.65881],[11.85204,54.67476],[11.83788,54.68194],[11.8615,54.6872],[11.80557,54.71299],[11.82334,54.71915],[11.81472,54.73341],[11.84467,54.72636],[11.86546,54.74905],[11.85148,54.77389],[11.7828,54.80712],[11.79477,54.83334],[11.75024,54.83934],[11.74348,54.87452],[11.65133,54.90275],[11.63526,54.89992],[11.65159,54.85864],[11.5615,54.84644],[11.61919,54.81204],[11.4686,54.83938],[11.46599,54.86147],[11.3806,54.88422],[11.36049,54.91656],[11.31471,54.92524],[11.28317,54.95028],[11.18203,54.96091],[11.11424,54.9486],[11.11978,54.93212],[11.07081,54.93867],[11.01575,54.89088],[11.03089,54.86992],[11.06053,54.86874],[11.08543,54.82906],[11.12649,54.83163],[11.09051,54.8117],[11.06929,54.8219],[11.07958,54.8051],[11.0685,54.79899],[10.98444,54.82135],[11.00956,54.80267],[10.97783,54.79429],[10.96242,54.80535]],[[10.95388,54.83189],[10.95595,54.81496],[10.97071,54.82628],[10.95388,54.83189]],[[12.7389,55.65589],[12.73374,55.63405],[12.74791,55.61895],[12.79487,55.60998],[12.76387,55.66914],[12.7389,55.65589]],[[11.79915,55.74676],[11.81844,55.73598],[11.8159,55.74667],[11.79915,55.74676]],[[11.77566,55.78254],[11.80095,55.75834],[11.83401,55.75648],[11.84685,55.77939],[11.8218,55.80649],[11.8184,55.78481],[11.77566,55.78254]],[[11.69668,56.20027],[11.70129,56.19354],[11.71496,56.19874],[11.69668,56.20027]],[[11.08072,55.91913],[11.08373,55.90472],[11.21579,55.85671],[11.11738,55.91193],[11.08072,55.91913]],[[11.27779,55.78895],[11.298,55.7665],[11.28796,55.79443],[11.27779,55.78895]],[[12.06961,55.73452],[12.0993,55.7269],[12.07933,55.74362],[12.06961,55.73452]],[[12.62473,55.68019],[12.63711,55.66657],[12.6479,55.67622],[12.62473,55.68019]],[[12.17986,55.04534],[12.22191,55.03474],[12.23753,55.06053],[12.21496,55.05915],[12.17986,55.04534]],[[12.10639,54.9065],[12.14826,54.89993],[12.12505,54.89853],[12.1427,54.8806],[12.18009,54.87814],[12.35182,54.96274],[12.50834,54.94276],[12.54818,54.95104],[12.54819,54.98042],[12.52295,55.00793],[12.31039,55.02881],[12.26169,55.06104],[12.23273,55.04251],[12.2858,55.01953],[12.27044,54.99804],[12.28073,54.98229],[12.20719,54.96748],[12.16831,54.98632],[12.1826,54.96827],[12.12037,54.95784],[12.14576,54.94208],[12.11901,54.93236],[12.10917,54.9177],[12.1224,54.90943],[12.10639,54.9065]],[[12.10712,54.9693],[12.13221,54.9879],[12.1194,54.98781],[12.10712,54.9693]],[[12.05945,54.95271],[12.07737,54.94948],[12.10354,54.96188],[12.05945,54.95271]],[[11.98247,54.95047],[12.00384,54.92082],[12.08463,54.908],[12.08819,54.92599],[12.06329,54.93989],[12.00942,54.93427],[11.99811,54.94989],[11.98247,54.95047]],[[11.70505,54.93289],[11.75398,54.92001],[11.7397,54.89566],[11.76854,54.85376],[11.8058,54.84421],[11.81466,54.82741],[11.79333,54.809],[11.83032,54.79632],[11.88363,54.74754],[11.87035,54.72728],[11.91069,54.71805],[11.87826,54.68902],[11.8672,54.65551],[11.91503,54.60506],[11.91909,54.57444],[11.97116,54.559],[11.96033,54.66448],[11.97393,54.69673],[12.06714,54.77829],[12.16621,54.83473],[12.1212,54.87724],[11.9896,54.90075],[11.96689,54.93889],[11.92459,54.93935],[11.91991,54.91787],[11.90249,54.91817],[11.82513,54.96786],[11.81348,54.93793],[11.75586,54.9617],[11.70505,54.93289]],[[11.71529,55.14136],[11.71532,55.12335],[11.72878,55.1362],[11.71529,55.14136]],[[11.49906,54.97835],[11.53827,54.94832],[11.56656,54.9737],[11.51728,54.99196],[11.49906,54.97835]],[[11.47539,54.89689],[11.48114,54.88411],[11.51659,54.88579],[11.48984,54.90006],[11.47539,54.89689]],[[11.47139,54.91108],[11.49487,54.91152],[11.49348,54.91364],[11.47139,54.91108]],[[11.36539,54.95509],[11.40234,54.92051],[11.43401,54.94434],[11.46827,54.94388],[11.44988,54.9646],[11.41155,54.96843],[11.40661,54.94797],[11.36539,54.95509]],[[11.38391,55.18835],[11.45915,55.18922],[11.43811,55.20629],[11.38391,55.18835]],[[11.34976,54.96777],[11.35679,54.95648],[11.36422,54.9655],[11.34976,54.96777]],[[11.34426,55.02318],[11.37413,55.03423],[11.36422,55.03943],[11.34426,55.02318]],[[11.17012,55.25027],[11.17273,55.199],[11.20388,55.19405],[11.17932,55.2305],[11.18979,55.24353],[11.17012,55.25027]],[[11.13259,55.16002],[11.15466,55.14628],[11.17892,55.17637],[11.13259,55.16002]],[[11.72621,55.18368],[11.74159,55.18016],[11.71394,55.16869],[11.71557,55.15618],[11.79538,55.15317],[11.81867,55.1335],[11.7586,55.11892],[11.72555,55.12872],[11.71897,55.11256],[11.7608,55.07609],[11.77966,55.07515],[11.77485,55.08594],[11.80833,55.07189],[11.83179,55.04508],[11.68708,55.06734],[11.81097,55.03626],[11.89474,54.99436],[11.95313,54.99665],[12.02607,54.96236],[12.11997,54.99447],[12.16944,54.99321],[12.14566,55.04505],[12.10022,55.0891],[12.15558,55.07599],[12.1826,55.114],[12.13055,55.13167],[12.03501,55.12294],[12.03875,55.13794],[12.01169,55.14746],[12.02237,55.16117],[12.09392,55.1762],[12.07689,55.13763],[12.09896,55.13421],[12.11227,55.1397],[12.10807,55.17652],[12.15865,55.21287],[12.2522,55.23939],[12.35393,55.2357],[12.45524,55.28758],[12.44578,55.34776],[12.37475,55.39305],[12.21151,55.43065],[12.19525,55.44979],[12.21708,55.50793],[12.19696,55.47918],[12.20384,55.50665],[12.26019,55.55692],[12.40009,55.60594],[12.38336,55.61205],[12.4927,55.60101],[12.50543,55.63332],[12.54776,55.64051],[12.51071,55.61168],[12.51413,55.5897],[12.59288,55.5545],[12.6807,55.58845],[12.66969,55.60362],[12.68006,55.63072],[12.65683,55.63441],[12.63957,55.66588],[12.64181,55.65131],[12.6207,55.68095],[12.63577,55.6877],[12.61381,55.68699],[12.62164,55.69783],[12.55651,55.64731],[12.59539,55.68004],[12.59638,55.71247],[12.62336,55.71756],[12.58419,55.71552],[12.60214,55.76014],[12.59608,55.78771],[12.57668,55.81175],[12.57392,55.84872],[12.51781,55.92421],[12.55553,55.98621],[12.62403,56.03867],[12.53895,56.08059],[12.38888,56.10051],[12.30856,56.12916],[12.18022,56.10863],[11.84147,55.96566],[11.86655,55.94045],[12.01181,55.96766],[12.06623,55.8779],[12.04126,55.8437],[12.07789,55.79957],[12.10323,55.73007],[12.11863,55.72896],[12.10012,55.71799],[12.11056,55.70464],[12.08146,55.69398],[12.09318,55.68467],[12.06931,55.67902],[12.09075,55.66953],[12.08138,55.65107],[12.05616,55.65709],[12.05098,55.67341],[12.00795,55.6673],[11.99802,55.68982],[12.0518,55.68019],[11.99747,55.69368],[12.00655,55.70505],[11.98133,55.69344],[11.99689,55.67864],[11.95136,55.67553],[11.92768,55.65245],[11.98963,55.74032],[12.01634,55.72048],[12.06601,55.73766],[12.03974,55.84274],[11.99818,55.8615],[12.02408,55.90822],[11.90499,55.93736],[11.90173,55.91811],[11.95944,55.85191],[11.93263,55.81772],[11.87802,55.81423],[11.8472,55.7554],[11.85483,55.73587],[11.87543,55.73673],[11.85615,55.73084],[11.81254,55.66586],[11.77058,55.65918],[11.81076,55.68504],[11.78411,55.72394],[11.65339,55.72134],[11.66107,55.73361],[11.77037,55.74505],[11.74157,55.76325],[11.75997,55.7649],[11.74481,55.78895],[11.65624,55.77291],[11.60912,55.78111],[11.64762,55.7945],[11.66195,55.81711],[11.71499,55.80639],[11.73241,55.81958],[11.70853,55.86125],[11.66907,55.88002],[11.66826,55.91329],[11.75088,55.90419],[11.75464,55.94023],[11.792,55.94868],[11.77691,55.97705],[11.62816,55.93935],[11.59094,55.96152],[11.52229,55.95153],[11.38523,55.96696],[11.30363,55.98837],[11.27759,56.0108],[11.29907,55.97369],[11.52037,55.92967],[11.53063,55.88602],[11.50304,55.8519],[11.39434,55.83091],[11.35804,55.84453],[11.3772,55.82213],[11.37875,55.7767],[11.30415,55.74461],[11.28538,55.75495],[11.28885,55.74344],[11.26154,55.72908],[11.2234,55.74718],[11.1987,55.73192],[11.17753,55.75499],[11.06137,55.73223],[10.95415,55.74965],[10.86916,55.74292],[10.98429,55.72683],[11.07586,55.66971],[11.071,55.67991],[11.1013,55.676],[11.08654,55.66083],[10.93402,55.66403],[11.03329,55.65036],[11.12393,55.61688],[11.15823,55.55691],[11.14291,55.53841],[11.0889,55.53448],[11.07932,55.51497],[11.11272,55.51172],[11.12146,55.53183],[11.17218,55.49828],[11.20129,55.45365],[11.19404,55.4176],[11.21502,55.39834],[11.15098,55.36779],[11.11321,55.37039],[11.09203,55.34691],[11.23464,55.28614],[11.23881,55.24808],[11.26692,55.2386],[11.28832,55.25076],[11.27731,55.2346],[11.23317,55.24517],[11.25527,55.19958],[11.31846,55.19368],[11.32143,55.21003],[11.37185,55.19785],[11.45574,55.21679],[11.49147,55.19702],[11.6303,55.18182],[11.71092,55.14069],[11.67965,55.16209],[11.67978,55.17915],[11.65323,55.1789],[11.67348,55.20046],[11.71129,55.20812],[11.74524,55.19606],[11.72793,55.18674],[11.73201,55.19401],[11.70037,55.20104],[11.68575,55.17569],[11.72032,55.17319],[11.72621,55.18368]]],[[[11.72343,55.18432],[11.72793,55.18674],[11.72621,55.18368],[11.72343,55.18432]]],[[[12.54776,55.64051],[12.55651,55.64731],[12.54861,55.64065],[12.54776,55.64051]]]]}},{"id":"23","type":"Feature","properties":{"zone_id":"DKKF_OFF","name":"Denmark Offshore Node KF","parent_zone":"DKKF_OFF","level":"PEOF","area_km2":637.47},"geometry":{"type":"Polygon","coordinates":[[[12.76843,55.18545],[12.79489,55.16667],[13.05556,55.065],[13.14808,55.00839],[12.934,54.83381],[12.76092,54.76798],[12.76843,55.18545]]]}},{"id":"24","type":"Feature","properties":{"zone_id":"DKW11_OFF","name":"Denmark Offshore Node W11","parent_zone":"DKW1_OFF","level":"PEOF","area_km2":45086.86},"geometry":{"type":"MultiPolygon","coordinates":[[[[9.77192,54.91659],[9.75564,54.92705],[9.73862,54.98684],[9.63032,55.00986],[9.60057,55.03884],[9.5738,55.04316],[9.49467,55.01465],[9.42379,55.02642],[9.42576,55.0467],[9.50029,55.04548],[9.55209,55.07574],[9.49633,55.11914],[9.46008,55.11577],[9.475,55.13095],[9.52014,55.12733],[9.49702,55.15539],[9.5942,55.19389],[9.63052,55.17386],[9.62845,55.18434],[9.64007,55.17571],[9.69108,55.19309],[9.69151,55.22093],[9.71893,55.25178],[9.63671,55.28563],[9.56716,55.24758],[9.53986,55.24825],[9.64065,55.29349],[9.67093,55.28567],[9.64473,55.31145],[9.6219,55.30933],[9.64958,55.3259],[9.64804,55.33987],[9.59936,55.35814],[9.62264,55.39043],[9.59299,55.41981],[9.69316,55.46125],[9.62441,55.49759],[9.48181,55.48961],[9.5846,55.49748],[9.55794,55.51493],[9.58962,55.51681],[9.56885,55.52744],[9.62006,55.50935],[9.67642,55.52782],[9.74,55.51853],[9.72832,55.55491],[9.76764,55.55578],[9.79414,55.59337],[9.85938,55.62424],[9.75604,55.62356],[9.73791,55.65844],[9.66815,55.69322],[9.58723,55.6898],[9.54253,55.7067],[9.67213,55.71199],[9.82019,55.66859],[9.91458,55.69163],[10.02935,55.69693],[9.99925,55.72804],[10.08235,55.74583],[10.01556,55.76659],[10.06652,55.80755],[10.05391,55.82214],[10.01461,55.81768],[10.02302,55.84131],[9.98074,55.82708],[9.85743,55.85883],[9.96371,55.85816],[9.96874,55.87944],[10.07891,55.88446],[10.11951,55.8709],[10.13532,55.88069],[10.1409,55.8584],[10.19531,55.83817],[10.20411,55.85916],[10.1913,55.88532],[10.25965,55.91175],[10.25324,55.99239],[10.28091,56.02037],[10.26532,56.02678],[10.27102,56.04842],[10.2495,56.09207],[10.20896,56.13572],[10.2483,56.1513],[10.21301,56.14602],[10.24011,56.18561],[10.33623,56.23392],[10.35316,56.24757],[10.34506,56.26238],[10.38935,56.27801],[10.38179,56.28811],[10.4531,56.2946],[10.46519,56.27411],[10.48311,56.2827],[10.50847,56.26466],[10.44625,56.2268],[10.46811,56.22776],[10.48031,56.20687],[10.44208,56.20014],[10.42522,56.20835],[10.44026,56.21967],[10.42558,56.22062],[10.34938,56.20125],[10.37737,56.16776],[10.41709,56.1619],[10.44942,56.18162],[10.52476,56.17096],[10.51767,56.14573],[10.48234,56.13585],[10.51189,56.09475],[10.54494,56.10208],[10.55882,56.12642],[10.53647,56.17453],[10.58589,56.21993],[10.64101,56.22677],[10.67687,56.20846],[10.66737,56.18683],[10.63743,56.18706],[10.64899,56.16599],[10.71521,56.14223],[10.73928,56.17977],[10.73746,56.21749],[10.81191,56.25682],[10.91417,56.34339],[10.92215,56.41397],[10.95934,56.44372],[10.87776,56.48682],[10.83718,56.53008],[10.76683,56.53776],[10.49272,56.51472],[10.39579,56.53803],[10.35263,56.56851],[10.34189,56.5957],[10.30578,56.60601],[10.36039,56.63962],[10.35193,56.69739],[10.33468,56.70224],[10.20447,56.68227],[10.1229,56.71133],[10.14347,56.71992],[10.1837,56.70327],[10.22315,56.72007],[10.33243,56.70729],[10.283,56.78236],[10.26526,56.86407],[10.27077,56.93564],[10.30426,56.98251],[10.17297,56.9923],[10.01994,57.0775],[9.93711,57.04914],[9.88208,57.05935],[9.84761,57.04387],[9.77787,57.0521],[9.68379,57.03717],[9.61956,56.96922],[9.57439,56.95774],[9.5691,56.92628],[9.53677,56.95405],[9.57171,56.95989],[9.58142,56.98881],[9.50064,57.01498],[9.42669,57.01751],[9.29445,56.99769],[9.27868,56.97366],[9.24503,56.96812],[9.17866,56.9187],[9.16513,56.88652],[9.2127,56.85533],[9.16886,56.80585],[9.19176,56.78235],[9.1846,56.76712],[9.24397,56.74902],[9.22581,56.71859],[9.16106,56.67395],[9.18175,56.66546],[9.27862,56.69861],[9.30693,56.69162],[9.32596,56.65395],[9.28715,56.56095],[9.30879,56.55167],[9.37301,56.56607],[9.3685,56.5353],[9.33685,56.54078],[9.30033,56.52149],[9.30797,56.53393],[9.24681,56.5733],[9.28768,56.60168],[9.28593,56.62],[9.16436,56.62309],[9.15148,56.65411],[9.11356,56.61954],[9.15,56.61914],[9.1476,56.60514],[9.09591,56.60278],[9.09299,56.56971],[9.06865,56.55431],[9.04981,56.5617],[9.05509,56.62764],[9.10037,56.64524],[9.09802,56.66808],[9.11763,56.66644],[9.17668,56.70899],[9.12733,56.74514],[9.11217,56.78579],[9.06798,56.80238],[9.02404,56.8002],[9.03347,56.78439],[8.96463,56.80182],[8.8637,56.76512],[8.86952,56.75317],[8.82413,56.70688],[8.88338,56.7164],[8.91816,56.69857],[8.81337,56.69411],[8.7306,56.62452],[8.6982,56.60969],[8.70545,56.62425],[8.67859,56.624],[8.67431,56.60992],[8.70204,56.58502],[8.76271,56.55395],[8.73344,56.53116],[8.73898,56.48269],[8.7015,56.47259],[8.62673,56.47236],[8.61027,56.49985],[8.5249,56.48276],[8.61985,56.51608],[8.57347,56.54343],[8.56595,56.58067],[8.51824,56.54124],[8.38575,56.5789],[8.31826,56.5751],[8.29974,56.55139],[8.28259,56.58401],[8.30377,56.59412],[8.21562,56.60156],[8.23223,56.60466],[8.23248,56.62347],[8.18547,56.63341],[8.19524,56.65271],[8.21697,56.65508],[8.20452,56.66569],[8.22185,56.68889],[8.23354,56.68522],[8.22343,56.70588],[8.21157,56.71028],[8.16776,56.66012],[8.11489,56.52474],[8.12943,56.22841],[8.09671,56.05379],[8.11001,55.9995],[8.12861,56.00335],[8.11554,55.99903],[8.1436,55.94203],[8.17541,55.76062],[8.07298,55.55953],[8.20299,55.52685],[8.29311,55.47712],[8.30587,55.4965],[8.25568,55.52437],[8.27365,55.53246],[8.2368,55.55892],[8.26773,55.59457],[8.29226,55.59354],[8.31588,55.57783],[8.29304,55.56629],[8.4313,55.45982],[8.54596,55.4553],[8.62047,55.42651],[8.67561,55.33316],[8.66872,55.31715],[8.56211,55.29848],[8.53053,55.27636],[8.56131,55.26538],[8.59574,55.29231],[8.65888,55.30441],[8.65907,55.27715],[8.64299,55.26955],[8.66184,55.26515],[8.65563,55.22289],[8.67088,55.22179],[8.68825,55.1608],[8.56333,55.15184],[8.59351,55.18769],[8.54281,55.20423],[8.51743,55.19619],[8.51899,55.20916],[8.49009,55.19531],[8.46435,55.10233],[8.52139,55.07983],[8.46425,55.09533],[8.51724,55.06033],[8.53509,55.06487],[8.52786,55.07839],[8.57159,55.0853],[8.55112,55.10098],[8.55686,55.1499],[8.68564,55.14436],[8.63479,55.04613],[8.6611,54.9779],[8.6367,54.91147],[8.55932,54.97643],[8.51597,54.97169],[8.47863,55.05638],[8.42924,55.0804],[8.38276,55.06699],[7.98555,55.08935],[7.43237,55.19839],[7.26689,55.76115],[7.27167,56.71412],[7.99251,57.50068],[8.45833,57.61833],[8.88833,57.69667],[9.38333,57.98833],[10.03003,58.26144],[10.54244,58.13336],[11.04878,57.81683],[11.39928,57.45],[12.03556,56.65342],[11.86476,56.58204],[10.83545,56.04969],[10.76612,55.70587],[11.02051,55.46408],[11.07253,55.27018],[10.87882,54.8013],[10.88144,54.62258],[10.82207,54.55485],[10.74636,54.52256],[10.702,54.52964],[10.59568,54.5587],[10.49454,54.61419],[10.29204,54.6436],[10.24737,54.66591],[10.18592,54.75918],[9.90218,54.83053],[9.85254,54.81874],[9.81112,54.84308],[9.75281,54.82052],[9.61883,54.85276],[9.62841,54.87879],[9.59395,54.89078],[9.49127,54.83648],[9.44303,54.82124],[9.42153,54.83143],[9.52569,54.87713],[9.56593,54.87919],[9.57468,54.90164],[9.62351,54.93503],[9.67453,54.91279],[9.59854,54.90584],[9.65645,54.88056],[9.63894,54.86097],[9.74322,54.83658],[9.75857,54.86147],[9.70192,54.89855],[9.7795,54.90985],[9.79317,54.8977],[9.84399,54.89038],[9.89866,54.90789],[9.99898,54.85965],[10.07083,54.87695],[10.04555,54.93278],[9.986,54.99424],[9.75245,55.0837],[9.64021,55.05203],[9.64367,55.03953],[9.67892,55.03488],[9.70722,55.04356],[9.71625,55.03186],[9.66279,55.02915],[9.6992,55.00678],[9.79238,55.01049],[9.77645,54.999],[9.79454,54.99489],[9.78255,54.98497],[9.85964,54.97075],[9.8387,54.9642],[9.85637,54.95337],[9.83826,54.94685],[9.88372,54.94542],[9.83724,54.9314],[9.75359,54.97829],[9.77192,54.91659]],[[8.61985,56.51608],[8.61992,56.51604],[8.62002,56.51614],[8.61985,56.51608]],[[8.62002,56.51614],[8.6327,56.52058],[8.63152,56.54923],[8.65228,56.56924],[8.63918,56.57779],[8.66177,56.58181],[8.63694,56.57998],[8.61187,56.55394],[8.62954,56.5249],[8.62002,56.51614]],[[9.67749,55.51496],[9.82475,55.43509],[9.71735,55.46794],[9.74821,55.44487],[9.74315,55.4349],[9.82802,55.42171],[9.78778,55.411],[9.84022,55.38457],[9.78793,55.37438],[9.78752,55.36324],[9.89768,55.33952],[9.87745,55.33828],[9.89298,55.30873],[9.88132,55.26402],[9.89836,55.25029],[9.86999,55.25348],[9.87768,55.24348],[9.98698,55.21103],[9.9945,55.18384],[10.00646,55.19067],[9.99335,55.20179],[10.05427,55.17558],[10.112,55.18947],[10.17522,55.12798],[10.08305,55.10648],[10.09372,55.1028],[10.07384,55.07616],[10.12872,55.09061],[10.20717,55.05937],[10.22994,55.0783],[10.209,55.09438],[10.22887,55.10087],[10.31973,55.05419],[10.35575,55.05053],[10.37357,55.06461],[10.41372,55.03981],[10.47028,55.04254],[10.51274,55.02654],[10.61488,55.0621],[10.70628,55.05618],[10.77452,55.10143],[10.81476,55.23104],[10.78838,55.29171],[10.74789,55.29571],[10.79133,55.3086],[10.82742,55.28523],[10.85288,55.29869],[10.81815,55.31068],[10.76456,55.38751],[10.66739,55.44749],[10.67314,55.46389],[10.74924,55.47905],[10.71332,55.51129],[10.70597,55.53949],[10.61983,55.61867],[10.60357,55.61044],[10.6289,55.58941],[10.62681,55.55798],[10.59666,55.58364],[10.63058,55.52166],[10.58828,55.53204],[10.56715,55.52016],[10.61752,55.50567],[10.62537,55.48815],[10.52352,55.46525],[10.48367,55.47331],[10.49779,55.45187],[10.44056,55.4368],[10.42542,55.43913],[10.44478,55.46605],[10.42461,55.4611],[10.46036,55.4888],[10.50432,55.49934],[10.47035,55.52886],[10.49756,55.53216],[10.49237,55.54687],[10.55846,55.52001],[10.41442,55.58925],[10.29916,55.62274],[10.28962,55.61891],[10.31386,55.58442],[10.28012,55.58304],[10.28607,55.60902],[10.18957,55.59619],[10.18899,55.57906],[10.17829,55.5886],[10.07661,55.56928],[9.93284,55.50968],[9.86403,55.51359],[9.83564,55.5543],[9.75753,55.54313],[9.76906,55.52979],[9.74875,55.50717],[9.67749,55.51496]],[[10.60357,55.61044],[10.59111,55.62077],[10.60102,55.60915],[10.60357,55.61044]],[[8.46513,55.31544],[8.49761,55.32432],[8.49006,55.33147],[8.46513,55.31544]],[[8.44856,55.24145],[8.45298,55.22503],[8.49481,55.22362],[8.51508,55.24297],[8.54016,55.25178],[8.50028,55.27569],[8.44856,55.24145]],[[8.42058,55.32825],[8.4215,55.30881],[8.43853,55.31459],[8.42058,55.32825]],[[8.3283,55.4578],[8.32989,55.44409],[8.4375,55.34682],[8.51396,55.33625],[8.53711,55.3523],[8.48316,55.353],[8.44934,55.39073],[8.46634,55.40528],[8.45474,55.43192],[8.41405,55.42756],[8.40891,55.46482],[8.37485,55.4694],[8.3283,55.4578]],[[10.52184,55.9781],[10.5282,55.94226],[10.58295,55.92878],[10.60152,55.90635],[10.58323,55.8674],[10.52893,55.85057],[10.52762,55.79567],[10.55015,55.76927],[10.61915,55.76434],[10.63445,55.78337],[10.63782,55.83232],[10.67817,55.88245],[10.63385,55.87721],[10.60975,55.90749],[10.65212,55.91439],[10.58677,55.94032],[10.56277,56.00168],[10.52184,55.9781]],[[10.24098,55.74788],[10.322,55.74544],[10.32838,55.76868],[10.31285,55.7909],[10.30112,55.76251],[10.27189,55.76145],[10.24098,55.74788]],[[10.16931,55.60339],[10.16988,55.59852],[10.18195,55.60239],[10.16931,55.60339]],[[10.1628,55.64133],[10.18069,55.62948],[10.19178,55.63784],[10.17186,55.64614],[10.1628,55.64133]],[[10.05869,55.83102],[10.07382,55.81918],[10.10036,55.8235],[10.08577,55.83359],[10.05869,55.83102]],[[10.03642,55.85028],[10.05464,55.84779],[10.11783,55.85975],[10.05892,55.86917],[10.03642,55.85028]],[[10.45501,55.47227],[10.47336,55.46999],[10.46402,55.47864],[10.45501,55.47227]],[[10.64674,55.04856],[10.69116,55.0377],[10.66815,55.02975],[10.71593,55.0299],[10.70043,55.05504],[10.64674,55.04856]],[[10.5956,54.83873],[10.66181,54.79615],[10.67607,54.75645],[10.66704,54.73961],[10.68436,54.72374],[10.72813,54.73371],[10.83851,54.94288],[10.89256,54.99169],[10.95341,55.15837],[10.93875,55.1639],[10.9017,55.13773],[10.84895,55.03699],[10.80975,54.99514],[10.69417,54.9295],[10.6757,54.90199],[10.70755,54.90722],[10.72727,54.87732],[10.67156,54.88216],[10.66753,54.84703],[10.64733,54.83018],[10.5956,54.83873]],[[10.5898,54.90952],[10.60605,54.89041],[10.6302,54.90374],[10.60677,54.91818],[10.5898,54.90952]],[[10.51417,55.00751],[10.53511,54.9964],[10.52564,54.9759],[10.56169,54.94858],[10.6204,54.9481],[10.65318,54.97184],[10.68877,54.97363],[10.69276,54.99691],[10.65489,54.97818],[10.6264,54.98534],[10.65741,55.03333],[10.62059,55.05526],[10.51417,55.00751]],[[10.49711,54.92982],[10.52071,54.92568],[10.5025,54.9351],[10.49711,54.92982]],[[10.47477,54.91756],[10.49044,54.91475],[10.48467,54.9238],[10.47477,54.91756]],[[10.46673,54.96776],[10.49003,54.95917],[10.49081,54.96574],[10.46673,54.96776]],[[10.45338,55.00627],[10.46749,54.99908],[10.48993,55.0023],[10.47359,55.0099],[10.45338,55.00627]],[[10.37526,54.97824],[10.42712,54.96266],[10.44073,54.97081],[10.42543,54.98145],[10.37526,54.97824]],[[10.23775,55.03031],[10.25228,55.01953],[10.34053,55.00991],[10.25161,55.03958],[10.23775,55.03031]],[[10.20391,54.96638],[10.24673,54.91845],[10.37455,54.83653],[10.42511,54.81585],[10.45441,54.83825],[10.52024,54.84375],[10.52034,54.85787],[10.46072,54.89254],[10.48694,54.86577],[10.43783,54.86549],[10.39797,54.91016],[10.40589,54.90072],[10.37214,54.88411],[10.28469,54.93912],[10.20391,54.96638]],[[10.12668,55.04269],[10.1713,55.03623],[10.17642,55.04593],[10.13997,55.05233],[10.14347,55.06452],[10.12668,55.04269]],[[10.0608,55.13112],[10.09557,55.13085],[10.11275,55.13306],[10.09384,55.13403],[10.0608,55.13112]],[[9.97693,55.13323],[10.00426,55.12328],[10.04393,55.13275],[9.99144,55.17511],[9.97693,55.13323]],[[9.78953,55.31653],[9.80411,55.29631],[9.82991,55.30283],[9.82713,55.32141],[9.78953,55.31653]],[[9.76285,55.26216],[9.7756,55.26212],[9.77498,55.26697],[9.76285,55.26216]],[[9.73227,55.26189],[9.76272,55.25087],[9.75349,55.27401],[9.73227,55.26189]],[[9.68736,55.35647],[9.70484,55.35126],[9.72131,55.3561],[9.70751,55.36447],[9.68736,55.35647]],[[9.68389,55.49852],[9.68861,55.47668],[9.70879,55.47603],[9.71522,55.48485],[9.68389,55.49852]],[[9.5537,55.13061],[9.55248,55.11766],[9.57387,55.11604],[9.5537,55.13061]],[[9.86898,54.87626],[9.9334,54.85524],[9.98245,54.85778],[9.89825,54.89661],[9.86898,54.87626]],[[10.78059,55.50873],[10.79996,55.51064],[10.78936,55.51817],[10.78059,55.50873]],[[11.50793,56.71659],[11.53759,56.68926],[11.57934,56.68948],[11.65711,56.73391],[11.50793,56.71659]],[[10.98806,57.20751],[11.00325,57.20055],[11.03579,57.2048],[11.02828,57.21404],[10.98806,57.20751]],[[10.89626,57.24652],[10.89844,57.24051],[10.91675,57.24037],[10.89626,57.24652]],[[10.87271,57.26517],[10.87555,57.25273],[10.96599,57.23379],[10.96722,57.21215],[11.06777,57.23818],[11.0955,57.27083],[11.07344,57.28243],[11.08681,57.29184],[11.18427,57.30795],[11.1831,57.28648],[11.19481,57.28589],[11.20031,57.32158],[11.13534,57.32309],[10.92015,57.29763],[10.87271,57.26517]],[[9.81642,57.07253],[9.82312,57.05806],[9.86101,57.05564],[9.87586,57.0635],[9.85998,57.07314],[9.81642,57.07253]],[[9.59827,56.9841],[9.59931,56.98022],[9.61062,56.98144],[9.59827,56.9841]],[[9.24753,56.98764],[9.25975,56.98573],[9.26352,56.99058],[9.24753,56.98764]],[[9.06862,56.89277],[9.09496,56.87985],[9.08341,56.90487],[9.06862,56.89277]],[[8.95788,56.83741],[8.98334,56.81053],[9.00843,56.79778],[9.0342,56.82295],[9.07464,56.8243],[9.05916,56.83044],[9.0813,56.84483],[8.95788,56.83741]],[[8.59042,56.66171],[8.59726,56.63924],[8.63704,56.62056],[8.64074,56.6608],[8.59042,56.66171]],[[8.5505,56.71837],[8.55659,56.69909],[8.58843,56.70805],[8.58887,56.72127],[8.5505,56.71837]],[[8.50259,56.73845],[8.50288,56.72269],[8.54101,56.73993],[8.65712,56.71076],[8.60982,56.70999],[8.64294,56.66864],[8.76908,56.69187],[8.77568,56.71063],[8.83016,56.7389],[8.84197,56.77206],[8.86572,56.78189],[8.85564,56.79117],[8.87851,56.78346],[8.88013,56.79396],[8.82891,56.86986],[8.85963,56.88666],[8.89295,56.86454],[8.92192,56.91723],[8.90644,56.94646],[8.93897,56.98304],[8.89827,56.9501],[8.85866,56.95506],[8.818,56.90414],[8.63639,56.88466],[8.64838,56.85619],[8.63237,56.83906],[8.6474,56.83345],[8.60915,56.82243],[8.66552,56.80566],[8.54215,56.78727],[8.55837,56.75659],[8.50259,56.73845]],[[8.2115,56.7213],[8.22969,56.72173],[8.24543,56.69849],[8.2527,56.77492],[8.28072,56.76953],[8.35554,56.67678],[8.42353,56.66542],[8.49268,56.62677],[8.515,56.58878],[8.55292,56.57753],[8.53036,56.59368],[8.59274,56.60663],[8.59534,56.63657],[8.57034,56.65447],[8.5817,56.68848],[8.50342,56.66609],[8.47665,56.68421],[8.39903,56.67763],[8.45249,56.69721],[8.51128,56.67948],[8.52718,56.69907],[8.509,56.70109],[8.51535,56.71395],[8.4599,56.71374],[8.49967,56.75438],[8.47081,56.78361],[8.60971,56.84194],[8.66963,56.95201],[8.77705,56.94915],[8.84777,56.97501],[8.80828,57.00573],[8.86452,56.99485],[8.90238,56.97361],[8.93246,57.00351],[9.0221,57.02281],[9.04423,57.00769],[9.13071,57.03939],[9.25547,56.99166],[9.42235,57.03593],[9.58053,57.04123],[9.64184,57.06732],[9.61426,57.07641],[9.66495,57.09542],[9.6871,57.09463],[9.65186,57.08352],[9.65218,57.07117],[9.74615,57.06591],[9.79151,57.09503],[9.7831,57.10668],[9.93574,57.05337],[10.01028,57.08898],[10.21953,56.99046],[10.33264,56.98885],[10.43152,57.1592],[10.54641,57.22907],[10.51461,57.38715],[10.52609,57.42862],[10.56076,57.44721],[10.44366,57.5378],[10.4286,57.59826],[10.5319,57.69198],[10.65467,57.74499],[10.55652,57.74247],[10.24961,57.61056],[10.09462,57.58736],[9.95499,57.59926],[9.87466,57.52173],[9.79116,57.47434],[9.72649,57.3894],[9.56155,57.24017],[9.39684,57.16307],[9.19425,57.1384],[8.97595,57.1579],[8.85791,57.11502],[8.75289,57.0988],[8.58951,57.12207],[8.31022,56.90416],[8.23018,56.79246],[8.22561,56.73032],[8.2115,56.7213]]],[[[9.7795,54.90985],[9.77192,54.91659],[9.78186,54.91019],[9.7795,54.90985]]],[[[10.22055,56.55339],[10.30252,56.604],[10.2994,56.58855],[10.23034,56.54405],[10.2341,56.49383],[10.21761,56.4813],[10.29253,56.47056],[10.20752,56.47217],[10.22798,56.50286],[10.22055,56.55339]]],[[[10.30308,56.60678],[10.30578,56.60601],[10.30252,56.604],[10.30308,56.60678]]],[[[9.79958,56.63825],[9.93376,56.65387],[10.0209,56.6927],[10.08056,56.69362],[10.11164,56.70662],[10.08708,56.68321],[10.05198,56.69111],[9.98459,56.65471],[9.79958,56.63825]]],[[[10.11164,56.70662],[10.1183,56.71296],[10.1229,56.71133],[10.11164,56.70662]]]]}},{"id":"25","type":"Feature","properties":{"zone_id":"DKW12_OFF","name":"Denmark Offshore Node W12","parent_zone":"DKW1_OFF","level":"PEOF","area_km2":31428.15},"geometry":{"type":"Polygon","coordinates":[[[3.25,56.08667],[5.03333,56.59167],[7.99251,57.50068],[7.27167,56.71412],[7.26689,55.76115],[7.43237,55.19839],[7.98555,55.08935],[5.75,55.51119],[5.40333,55.25],[5.15,55.25],[4.75,55.40417],[4.72873,55.42002],[5.15584,55.79792],[5.19015,55.93517],[3.34739,55.92366],[3.25,56.08667]]]}},{"id":"26","type":"Feature","properties":{"zone_id":"DBOT_OFF","name":"DB Offshore Node OT","parent_zone":"DBOT_OFF","level":"PEOF","area_km2":9911.07},"geometry":{"type":"MultiPolygon","coordinates":[[[[2.8065,54.45761],[2.89833,54.62167],[3.4,55.835],[3.34739,55.92366],[5.19015,55.93517],[5.15584,55.79792],[4.73268,55.42051],[4.27521,55.36332],[2.8065,54.45761]]],[[[3.39972,55.83434],[3.39939,55.83356],[3.4,55.835],[3.39972,55.83434]]],[[[3.34739,55.92366],[3.34731,55.92366],[3.34739,55.92366],[3.34739,55.92366]]]]}},{"id":"27","type":"Feature","properties":{"zone_id":"DBUK_OFF","name":"DB Offshore Node UK","parent_zone":"DBUK_OFF","level":"PEOF","area_km2":12318.67},"geometry":{"type":"Polygon","coordinates":[[[1.15295,54.80292],[1.34737,55.05453],[1.64291,55.23466],[2.86459,55.52427],[3.2491,55.47799],[2.89833,54.62167],[2.8065,54.45761],[2.74484,54.41829],[2.67013,54.33125],[2.39327,54.28767],[2.07247,54.31844],[1.29019,54.48269],[1.15295,54.80292]]]}},{"id":"28","type":"Feature","properties":{"zone_id":"EE00_OFF","name":"Estonia Offshore Node 00","parent_zone":"EE00_OFF","level":"PEOF","area_km2":36400.41},"geometry":{"type":"MultiPolygon","coordinates":[[[[20.48147,58.8445],[21.18613,59.19148],[22.16447,59.37983],[22.75113,59.41485],[23.15945,59.52818],[23.49445,59.52652],[24.95277,59.86822],[25.16943,59.88823],[25.96778,59.86157],[26.13277,59.96825],[26.33943,59.99492],[26.62887,59.8222],[26.81668,59.66242],[27.05335,59.61853],[27.36655,59.65052],[27.81168,59.54558],[27.961,59.48583],[28.04077,59.47468],[28.19182,59.40038],[28.20541,59.3778],[28.19095,59.39927],[28.04231,59.47],[27.93587,59.40759],[27.81163,59.39484],[27.7492,59.4053],[27.7433,59.42299],[27.59501,59.41465],[27.38869,59.44643],[26.9512,59.43673],[26.6499,59.54621],[26.59174,59.55409],[26.57399,59.54997],[26.59102,59.53636],[26.57355,59.52349],[26.50139,59.5125],[26.46833,59.53504],[26.32541,59.55593],[26.26569,59.58641],[26.09978,59.58499],[26.08651,59.59519],[26.09565,59.60034],[26.04738,59.61783],[26.05824,59.62824],[25.99763,59.61297],[25.97967,59.63491],[25.96228,59.63431],[25.97061,59.58336],[25.91511,59.58234],[25.92023,59.61053],[25.86748,59.62537],[25.87072,59.57462],[25.8164,59.56321],[25.77731,59.57175],[25.77123,59.60923],[25.78572,59.62065],[25.76353,59.62689],[25.76604,59.64009],[25.70852,59.65776],[25.71455,59.66676],[25.69681,59.67521],[25.67034,59.6547],[25.69155,59.64259],[25.68271,59.61509],[25.71239,59.59978],[25.70729,59.57822],[25.67704,59.56468],[25.63598,59.57085],[25.57354,59.61212],[25.52547,59.61532],[25.52188,59.64328],[25.49772,59.64747],[25.49406,59.60242],[25.55486,59.53978],[25.53065,59.51894],[25.45981,59.51754],[25.44336,59.49296],[25.33803,59.49355],[25.2752,59.50967],[25.26983,59.5286],[25.2122,59.50272],[25.13941,59.54123],[25.13908,59.52458],[25.17746,59.50245],[25.14909,59.47688],[25.08785,59.50613],[24.93068,59.49431],[24.887,59.54809],[24.79613,59.57014],[24.79656,59.52246],[24.83748,59.48292],[24.79781,59.44605],[24.69997,59.45586],[24.72742,59.47331],[24.70616,59.48695],[24.68578,59.48475],[24.68917,59.46518],[24.64613,59.47057],[24.68299,59.44876],[24.66271,59.42923],[24.57485,59.46193],[24.54635,59.43809],[24.46321,59.46931],[24.35907,59.47393],[24.34095,59.42472],[24.23241,59.39373],[24.20624,59.40588],[24.17757,59.3975],[24.23284,59.37627],[24.24784,59.35905],[24.23898,59.3449],[24.20129,59.34157],[24.03682,59.38911],[24.04558,59.35051],[24.11392,59.3122],[24.09384,59.27299],[24.03129,59.2904],[23.88489,59.26989],[23.82167,59.2887],[23.73156,59.27391],[23.74481,59.24956],[23.71043,59.22958],[23.66196,59.24745],[23.57517,59.21575],[23.50783,59.22905],[23.48703,59.18267],[23.51386,59.16218],[23.54161,59.09166],[23.4354,59.07743],[23.42733,59.04042],[23.44601,59.03532],[23.44484,59.02013],[23.4038,59.02559],[23.47961,58.97649],[23.57332,58.96949],[23.56867,59.00427],[23.5837,59.00682],[23.61941,58.97826],[23.61471,59.00537],[23.6496,58.99428],[23.66414,58.9727],[23.6559,58.9621],[23.58693,58.97654],[23.59893,58.96048],[23.558,58.9463],[23.5167,58.96257],[23.52917,58.94087],[23.48143,58.93341],[23.42724,58.94207],[23.42329,58.90441],[23.45499,58.90172],[23.4417,58.88799],[23.52023,58.83831],[23.53449,58.80955],[23.50344,58.80469],[23.48019,58.82137],[23.49127,58.80149],[23.45218,58.7912],[23.46108,58.78007],[23.44307,58.76612],[23.55469,58.76925],[23.61032,58.78627],[23.74407,58.77997],[23.73942,58.75913],[23.70546,58.74381],[23.65702,58.74657],[23.65708,58.73063],[23.524,58.73825],[23.57257,58.70826],[23.5137,58.70814],[23.51506,58.69279],[23.49064,58.68902],[23.50946,58.67108],[23.50088,58.65457],[23.52958,58.61231],[23.52481,58.59628],[23.5676,58.58287],[23.52895,58.59287],[23.50004,58.56661],[23.55222,58.55217],[23.54888,58.5694],[23.58124,58.58184],[23.56706,58.56261],[23.58263,58.55735],[23.57603,58.54453],[23.59871,58.54726],[23.6528,58.51382],[23.67621,58.53009],[23.69245,58.49908],[23.67673,58.43207],[23.70641,58.41083],[23.75135,58.33744],[23.77188,58.34628],[23.76469,58.35238],[23.82348,58.3388],[23.83487,58.35963],[23.9043,58.31426],[23.91254,58.33038],[23.95149,58.32682],[24.00007,58.29692],[24.01088,58.31928],[24.0733,58.25168],[24.11846,58.2319],[24.17178,58.26998],[24.26572,58.27608],[24.30795,58.37897],[24.41908,58.38697],[24.47072,58.37502],[24.50572,58.39114],[24.5121,58.38864],[24.47893,58.3779],[24.55457,58.35278],[24.58609,58.30404],[24.46972,58.24663],[24.48119,58.23479],[24.45255,58.17331],[24.46497,58.17432],[24.48299,58.13138],[24.47312,58.10832],[24.45567,58.10567],[24.48087,58.07423],[24.35044,57.87734],[24.26112,57.91722],[24.20945,57.89917],[23.60112,57.89917],[23.6485,57.7829],[23.58233,57.66955],[23.40602,57.59383],[23.18083,57.58638],[22.99917,57.70222],[22.7075,57.94083],[22.5836,57.9274],[22.14333,57.77917],[21.91612,57.74945],[20.39591,58.02407],[20.37133,58.19968],[20.43945,58.48298],[20.48147,58.8445]],[[23.77188,58.34628],[23.79251,58.32878],[23.77338,58.34693],[23.77188,58.34628]],[[21.83949,58.49666],[21.83373,58.48151],[21.90358,58.46921],[21.95181,58.40505],[22.02347,58.36401],[21.97949,58.36849],[22.01356,58.35837],[21.98752,58.33755],[21.93065,58.35769],[21.92538,58.34777],[21.95717,58.32519],[21.94328,58.30784],[21.8623,58.353],[21.90893,58.30769],[21.8934,58.29667],[21.83551,58.31065],[21.82848,58.29853],[21.84373,58.29064],[21.83058,58.27993],[21.9964,58.22404],[21.99345,58.24961],[22.00554,58.24713],[22.05256,58.20639],[22.04291,58.2014],[22.06378,58.17708],[22.09458,58.18219],[22.1566,58.15454],[22.21195,58.15829],[22.22462,58.13872],[22.17984,58.11205],[22.16414,58.0656],[22.13564,58.06597],[22.1085,58.08854],[22.079,58.07436],[22.05802,58.02989],[22.03752,58.02322],[22.04258,58.00632],[22.01737,58.00051],[22.01883,57.98157],[21.98254,57.97699],[21.98148,57.9468],[22.05543,57.90714],[22.20092,57.98174],[22.18533,58.01127],[22.22718,58.05019],[22.22114,58.06415],[22.26573,58.13043],[22.25113,58.15011],[22.25638,58.17531],[22.30184,58.2048],[22.44375,58.21776],[22.47365,58.24754],[22.50764,58.21274],[22.53681,58.25141],[22.54716,58.22068],[22.58674,58.23462],[22.59739,58.22251],[22.62152,58.2539],[22.6534,58.24655],[22.63614,58.23674],[22.64561,58.22072],[22.66222,58.23618],[22.65452,58.22792],[22.68922,58.21438],[22.73121,58.21447],[22.7464,58.22842],[22.70392,58.27384],[22.82102,58.26031],[22.83724,58.26586],[22.83239,58.29271],[22.92658,58.30221],[22.94634,58.34696],[22.97063,58.34941],[22.94656,58.3659],[22.95429,58.38384],[23.03928,58.35789],[23.04436,58.39174],[23.07215,58.38909],[23.0464,58.38591],[23.05395,58.37812],[23.0896,58.37893],[23.09165,58.39972],[23.07873,58.38686],[23.06701,58.40302],[23.08993,58.41689],[23.06971,58.41896],[23.10773,58.42678],[23.11163,58.41252],[23.14243,58.43152],[23.13112,58.44276],[23.16107,58.43119],[23.13983,58.45953],[23.15835,58.47688],[23.17093,58.45112],[23.19854,58.45551],[23.1986,58.43891],[23.23282,58.42887],[23.25929,58.43474],[23.22477,58.45827],[23.28461,58.44761],[23.30477,58.45807],[23.29634,58.43655],[23.30889,58.42928],[23.3267,58.45375],[23.3033,58.46081],[23.30154,58.47725],[23.19818,58.51077],[23.15765,58.50872],[23.11943,58.53121],[23.13627,58.53777],[23.12669,58.54634],[23.13466,58.55066],[23.0715,58.56225],[22.95658,58.61437],[22.87482,58.6255],[22.78655,58.62152],[22.75308,58.57525],[22.69333,58.60078],[22.67397,58.58008],[22.64063,58.57861],[22.57552,58.63361],[22.53656,58.64175],[22.51704,58.60422],[22.47588,58.58147],[22.28717,58.57027],[22.2823,58.52917],[22.30193,58.53936],[22.31499,58.51943],[22.29198,58.48716],[22.24751,58.48632],[22.23408,58.53752],[22.20225,58.54549],[22.19934,58.51239],[22.11821,58.48223],[22.11699,58.42204],[22.10562,58.4162],[22.07882,58.41823],[22.00029,58.50914],[21.91728,58.51698],[21.92234,58.48737],[21.89547,58.47888],[21.83949,58.49666]],[[23.13466,58.55066],[23.13661,58.55031],[23.14309,58.55523],[23.13466,58.55066]],[[23.14309,58.55523],[23.16795,58.56868],[23.21862,58.54055],[23.22829,58.51905],[23.24894,58.53926],[23.2591,58.51898],[23.27328,58.53023],[23.25515,58.54675],[23.29251,58.53435],[23.30101,58.5462],[23.30503,58.53245],[23.32348,58.55351],[23.33632,58.53302],[23.36353,58.53222],[23.35127,58.50902],[23.38642,58.50861],[23.37348,58.52478],[23.40556,58.54649],[23.39703,58.57346],[23.3459,58.61063],[23.36336,58.6283],[23.3569,58.64274],[23.19695,58.68239],[23.14322,58.67628],[23.14271,58.62521],[23.06639,58.62012],[23.08418,58.58659],[23.16302,58.57035],[23.14309,58.55523]],[[22.04227,58.94123],[22.03872,58.9275],[22.13729,58.90657],[22.17668,58.88103],[22.39338,58.89092],[22.45626,58.83764],[22.45959,58.81011],[22.43143,58.80678],[22.46152,58.80091],[22.44447,58.78769],[22.47901,58.77215],[22.46091,58.7515],[22.48504,58.73064],[22.46143,58.72361],[22.47723,58.70605],[22.57453,58.6853],[22.66651,58.69741],[22.72801,58.77106],[22.70869,58.77602],[22.73394,58.80643],[22.78914,58.77264],[22.81487,58.77675],[22.7957,58.75926],[22.8334,58.78544],[22.8741,58.78521],[22.86571,58.80928],[22.88911,58.82048],[22.87447,58.82272],[22.91838,58.82101],[22.91019,58.84154],[22.92488,58.85291],[22.93097,58.83128],[22.95612,58.82587],[22.94301,58.84819],[23.01972,58.84617],[23.02985,58.82406],[23.06917,58.83822],[23.02454,58.87744],[23.02098,58.89832],[22.94115,58.94214],[22.93938,58.95276],[22.95718,58.95155],[22.92973,58.97148],[22.94011,58.98281],[22.88843,58.97511],[22.84229,59.00233],[22.70741,59.00912],[22.68432,59.05249],[22.70377,59.06697],[22.65648,59.08686],[22.5839,59.09312],[22.57834,59.03665],[22.53098,59.03257],[22.54379,59.02991],[22.52454,59.01842],[22.4742,59.03054],[22.49503,59.00145],[22.48181,58.99163],[22.50142,58.98576],[22.43736,58.99463],[22.47101,58.96327],[22.4148,58.96933],[22.42116,58.95308],[22.39353,58.9351],[22.31291,58.94829],[22.21074,58.93332],[22.07915,58.94551],[22.04227,58.94123]],[[21.80829,58.38636],[21.83301,58.36729],[21.88121,58.37956],[21.91438,58.36881],[21.89603,58.37595],[21.91771,58.38174],[21.91122,58.39398],[21.80829,58.38636]],[[22.47382,58.1505],[22.46361,58.13163],[22.4739,58.13908],[22.47382,58.1505]],[[22.49515,58.17204],[22.47747,58.14009],[22.49383,58.13396],[22.50131,58.12125],[22.53735,58.14692],[22.51561,58.17127],[22.49515,58.17204]],[[22.58092,58.20581],[22.58667,58.19448],[22.59999,58.2037],[22.58092,58.20581]],[[22.86748,58.7799],[22.88467,58.77935],[22.87743,58.78666],[22.86748,58.7799]],[[22.98687,58.81699],[23.00236,58.80196],[23.0086,58.78884],[23.0117,58.8008],[22.98687,58.81699]],[[23.0142,58.92681],[23.02727,58.90077],[23.0452,58.9092],[23.0142,58.92681]],[[23.11504,59.02688],[23.16979,58.982],[23.15023,58.97558],[23.15852,58.96339],[23.19038,58.95992],[23.18853,58.97515],[23.21959,58.96239],[23.21681,58.98526],[23.30895,58.95431],[23.28543,58.97216],[23.37533,58.97394],[23.38821,58.99128],[23.366,59.01439],[23.32808,59.03631],[23.26846,59.01926],[23.18864,59.05428],[23.19036,59.04391],[23.16326,59.05004],[23.11504,59.02688]],[[23.06185,58.82399],[23.06253,58.80906],[23.07728,58.82094],[23.06185,58.82399]],[[23.11385,58.83794],[23.11897,58.82613],[23.14004,58.83415],[23.11385,58.83794]],[[23.01581,58.64489],[23.00855,58.63177],[23.04226,58.62883],[23.03315,58.64404],[23.01581,58.64489]],[[23.26878,58.94528],[23.28837,58.93679],[23.27613,58.94801],[23.26878,58.94528]],[[23.36978,59.30354],[23.41327,59.2732],[23.42302,59.28476],[23.36978,59.30354]],[[23.86133,59.345],[23.92122,59.30555],[23.9489,59.31209],[23.913,59.3384],[23.93285,59.33651],[23.92096,59.34607],[23.86133,59.345]],[[23.93078,59.34598],[23.97075,59.31592],[24.0115,59.3227],[23.98518,59.35598],[23.93078,59.34598]],[[24.47587,59.57074],[24.49269,59.55155],[24.56283,59.53957],[24.51526,59.60456],[24.47587,59.57074]],[[24.7423,59.58583],[24.75735,59.5716],[24.78616,59.58458],[24.77814,59.59107],[24.7423,59.58583]],[[24.96714,59.64577],[25.00055,59.62906],[24.97622,59.61818],[24.98648,59.60774],[25.04166,59.61532],[25.0121,59.63837],[24.96714,59.64577]],[[25.20343,59.57772],[25.22807,59.57058],[25.24267,59.56425],[25.22728,59.57958],[25.20343,59.57772]],[[25.36193,59.5164],[25.38367,59.50916],[25.37443,59.52183],[25.36193,59.5164]],[[23.3292,58.75546],[23.34197,58.76007],[23.34206,58.76766],[23.3292,58.75546]],[[23.43916,58.83346],[23.44033,58.81845],[23.46258,58.81355],[23.47836,58.82242],[23.43916,58.83346]],[[23.41358,58.63586],[23.42559,58.62706],[23.4447,58.63091],[23.43663,58.63955],[23.41358,58.63586]],[[23.65853,58.76545],[23.67186,58.76321],[23.66661,58.77627],[23.65853,58.76545]],[[23.21268,57.8079],[23.22557,57.78828],[23.27131,57.77999],[23.27098,57.80535],[23.23458,57.82169],[23.21268,57.8079]],[[23.95994,58.14892],[23.9533,58.11759],[23.97114,58.09633],[24.01121,58.11503],[24.02083,58.15209],[23.95994,58.14892]],[[24.19724,58.17995],[24.19406,58.17028],[24.20516,58.17794],[24.19724,58.17995]]],[[[24.51498,58.38751],[24.57566,58.36364],[24.61679,58.38226],[24.57553,58.36203],[24.51498,58.38751]]],[[[24.5121,58.38864],[24.51221,58.38867],[24.51498,58.38751],[24.5121,58.38864]]]]}},{"id":"29","type":"Feature","properties":{"zone_id":"FI01_OFF","name":"Finland Offshore Node 01","parent_zone":"FI00_OFF","level":"PEOF","area_km2":1135.38},"geometry":{"type":"MultiPolygon","coordinates":[[[[24.64321,65.69274],[24.65989,65.70086],[24.66099,65.67762],[24.65453,65.69201],[24.64321,65.69274]]],[[[24.64211,65.69281],[24.64321,65.69274],[24.64254,65.69241],[24.64211,65.69281]]],[[[23.7735,66.20659],[23.77745,66.20285],[23.77665,66.20305],[23.7735,66.20659]]],[[[23.77665,66.20305],[23.78911,66.18903],[23.92762,66.15789],[23.95079,66.10445],[23.94138,66.08967],[23.94478,66.10466],[23.9197,66.13738],[23.92591,66.15618],[23.73001,66.19295],[23.70702,66.22488],[23.77998,66.18892],[23.73041,66.21435],[23.77665,66.20305]],[[23.72951,66.19601],[23.75288,66.19306],[23.73677,66.20217],[23.72951,66.19601]]],[[[23.70702,66.22488],[23.69649,66.23006],[23.69967,66.23506],[23.70702,66.22488]]],[[[23.69967,66.23506],[23.65057,66.30292],[23.66121,66.36008],[23.6878,66.38349],[23.6457,66.42245],[23.65366,66.45331],[23.64976,66.42346],[23.70157,66.38617],[23.67118,66.3314],[23.67871,66.3679],[23.66155,66.35224],[23.6604,66.32503],[23.67092,66.33093],[23.6561,66.30414],[23.69258,66.25546],[23.74982,66.23316],[23.7735,66.20659],[23.74742,66.2312],[23.7035,66.24106],[23.69967,66.23506]]],[[[23.67118,66.3314],[23.6711,66.33103],[23.67092,66.33093],[23.67118,66.3314]]],[[[24.48107,65.76335],[24.48087,65.76319],[24.48056,65.76315],[24.48107,65.76335]]],[[[24.48056,65.76315],[24.45438,65.75295],[24.50452,65.74265],[24.51597,65.76331],[24.51072,65.74172],[24.52925,65.75819],[24.52727,65.74301],[24.5543,65.74098],[24.559,65.72447],[24.61739,65.71548],[24.64211,65.69281],[24.60611,65.69512],[24.67705,65.6595],[24.65858,65.63969],[24.71909,65.63104],[24.7386,65.65849],[24.75887,65.65409],[24.75069,65.66526],[24.79259,65.64827],[24.82074,65.65944],[24.80558,65.67024],[24.87459,65.66766],[24.92996,65.63339],[25.05799,65.62867],[25.05062,65.61754],[25.08398,65.59426],[25.06311,65.59187],[25.07523,65.5901],[24.8091,65.46109],[24.0754,65.47532],[24.13667,65.515],[24.16309,65.6423],[24.18972,65.65427],[24.16077,65.69533],[24.17584,65.69449],[24.16754,65.70186],[24.18555,65.72031],[24.13362,65.75745],[24.15238,65.83134],[24.16679,65.78814],[24.14488,65.7795],[24.16057,65.75344],[24.17509,65.75428],[24.16726,65.7657],[24.19579,65.76163],[24.19142,65.77804],[24.22834,65.76439],[24.23761,65.77918],[24.22008,65.78582],[24.23543,65.80942],[24.23891,65.79508],[24.25841,65.79711],[24.2396,65.81283],[24.15307,65.83405],[24.15731,65.8507],[24.11395,65.90189],[24.11734,65.92758],[24.04234,65.96245],[24.05194,65.98863],[24.03963,66.007],[23.93851,66.07699],[23.94101,66.08803],[24.04321,66.01402],[24.06332,66.01377],[24.04676,66.01037],[24.06415,65.9885],[24.04291,65.96313],[24.12499,65.92893],[24.1319,65.91929],[24.11562,65.90727],[24.15759,65.87393],[24.16036,65.8339],[24.25613,65.81013],[24.24106,65.83467],[24.27595,65.79381],[24.31444,65.78936],[24.31166,65.80075],[24.4218,65.77065],[24.54613,65.79257],[24.57011,65.84367],[24.60591,65.86037],[24.60937,65.88783],[24.70322,65.9022],[24.70473,65.91657],[24.71108,65.90174],[24.62915,65.88715],[24.61882,65.8556],[24.59316,65.84526],[24.58563,65.80398],[24.45715,65.76033],[24.48056,65.76315]],[[24.93533,65.6081],[24.96269,65.60549],[24.95077,65.62086],[24.93533,65.6081]],[[24.95077,65.62086],[24.95352,65.62313],[24.94939,65.62263],[24.95077,65.62086]],[[24.95352,65.62313],[24.96837,65.62496],[24.95702,65.62603],[24.95352,65.62313]],[[25.00377,65.58828],[25.01162,65.58054],[25.01747,65.58436],[25.00377,65.58828]],[[25.00626,65.6199],[25.04183,65.6008],[25.06567,65.603],[25.04719,65.61885],[25.00626,65.6199]],[[24.87367,65.62455],[24.88786,65.61938],[24.89291,65.63494],[24.87367,65.62455]],[[24.51382,65.67376],[24.54226,65.65412],[24.60292,65.66464],[24.58866,65.68607],[24.61199,65.70078],[24.59212,65.70652],[24.57189,65.68073],[24.51382,65.67376]],[[24.52013,65.72585],[24.5047,65.69554],[24.51868,65.68945],[24.5404,65.71928],[24.52013,65.72585]],[[24.4774,65.77198],[24.47722,65.77045],[24.49044,65.77169],[24.4774,65.77198]],[[24.42719,65.7406],[24.4477,65.74647],[24.43929,65.75679],[24.42719,65.7406]],[[24.33378,65.77406],[24.34083,65.76039],[24.34625,65.77298],[24.33378,65.77406]],[[24.27115,65.77943],[24.28348,65.77827],[24.28193,65.78433],[24.27115,65.77943]],[[24.14467,65.88301],[24.14997,65.87039],[24.15692,65.87346],[24.14467,65.88301]],[[23.97449,66.06065],[23.99439,66.04562],[23.9754,66.06129],[23.97449,66.06065]]],[[[24.15238,65.83134],[24.15134,65.83447],[24.15307,65.83405],[24.15238,65.83134]]],[[[24.7019,65.92319],[24.70578,65.92653],[24.70473,65.91657],[24.7019,65.92319]]],[[[24.71481,66.01172],[24.78915,66.05361],[24.78072,66.0782],[24.80018,66.09559],[24.84775,66.11559],[25.03146,66.14065],[25.01557,66.14735],[25.14104,66.14561],[25.01703,66.13707],[24.80704,66.09375],[24.78509,66.04162],[24.72109,66.00992],[24.72079,65.93943],[24.70578,65.92653],[24.71481,66.01172]]],[[[23.97774,66.06892],[23.99363,66.06032],[23.97724,66.06525],[23.97774,66.06892]]],[[[23.94138,66.08967],[23.94101,66.08803],[23.94055,66.08836],[23.94138,66.08967]]],[[[23.66592,66.45748],[23.7119,66.47308],[23.71572,66.47999],[23.71397,66.46769],[23.66592,66.45748]]],[[[23.71766,66.49357],[23.72431,66.49551],[23.71572,66.47999],[23.71766,66.49357]]],[[[23.89285,66.71629],[23.90878,66.71595],[23.89774,66.67341],[23.86981,66.65601],[23.89085,66.67599],[23.89285,66.71629]]],[[[23.86662,66.65299],[23.88775,66.61376],[23.8851,66.58086],[23.86333,66.55655],[23.7876,66.53465],[23.86063,66.55892],[23.88423,66.61213],[23.86662,66.65299]]],[[[23.86919,66.65563],[23.86981,66.65601],[23.86925,66.65549],[23.86919,66.65563]]],[[[23.7312,66.50794],[23.7934,66.51678],[23.78871,66.53125],[23.79665,66.51662],[23.72431,66.49551],[23.7312,66.50794]]],[[[23.78696,66.53447],[23.7876,66.53465],[23.78871,66.53125],[23.78696,66.53447]]],[[[23.65387,66.45491],[23.66592,66.45748],[23.65366,66.45331],[23.65387,66.45491]]]]}},{"id":"30","type":"Feature","properties":{"zone_id":"FI02_OFF","name":"Finland Offshore Node 02","parent_zone":"FI00_OFF","level":"PEOF","area_km2":81278.17},"geometry":{"type":"MultiPolygon","coordinates":[[[[22.63076,60.23013],[22.79117,60.25428],[22.88205,60.30788],[23.02652,60.33179],[23.06064,60.36043],[23.05111,60.36828],[23.09184,60.37071],[23.04749,60.34669],[23.02515,60.31311],[23.02624,60.32915],[23.00479,60.31609],[22.99693,60.29817],[23.02291,60.30974],[23.009,60.2888],[22.97861,60.28633],[22.94844,60.26589],[22.94923,60.24862],[22.87239,60.20038],[22.87698,60.18865],[22.86505,60.19167],[22.8893,60.18244],[22.86914,60.16445],[22.97246,60.13122],[22.98461,60.11624],[22.97319,60.10877],[23.00797,60.11662],[23.01827,60.13423],[23.02811,60.1221],[23.06424,60.13011],[23.0015,60.0969],[23.01611,60.0855],[22.98454,60.08492],[22.99504,60.06527],[23.0351,60.07022],[23.07022,60.05466],[23.05426,60.04547],[23.08483,60.05441],[23.07587,60.04326],[23.10407,60.03991],[23.10179,60.05311],[23.12925,60.0663],[23.14871,60.06831],[23.14505,60.0573],[23.19633,60.07344],[23.26488,60.06274],[23.21841,60.03688],[23.23358,60.06042],[23.16194,60.06179],[23.11702,60.04498],[23.10892,60.0069],[23.09754,60.01863],[23.08561,60.00976],[23.10887,60.0304],[23.10124,60.03846],[23.02439,60.04931],[22.98967,60.03864],[22.99942,60.02009],[23.01859,60.02414],[23.00708,60.00517],[23.02967,59.98816],[22.98212,59.97061],[22.95162,59.99192],[22.91311,59.99247],[22.90657,59.9741],[22.85156,59.96708],[22.85685,59.98214],[22.83072,59.98335],[22.85352,59.99077],[22.82446,60.00048],[22.84343,60.00741],[22.84148,60.02237],[22.80972,60.01718],[22.81354,59.98033],[22.85985,59.95914],[22.86885,59.94952],[22.85112,59.94238],[22.87855,59.91994],[22.94001,59.90262],[22.98053,59.90783],[22.94558,59.91048],[22.98165,59.92595],[23.00711,59.91348],[22.99502,59.93092],[22.96412,59.93256],[22.97751,59.95255],[22.97529,59.9369],[23.02037,59.94103],[23.00222,59.93494],[23.02535,59.92179],[23.01535,59.89883],[23.03464,59.91861],[23.06384,59.91822],[23.06304,59.94306],[23.09368,59.96143],[23.06392,59.95464],[23.0761,59.98347],[23.03525,59.98705],[23.23366,60.03509],[23.19872,60.01522],[23.19817,59.99998],[23.19136,60.01709],[23.11552,60.0],[23.09627,59.95596],[23.10991,59.94493],[23.09826,59.93733],[23.15388,59.96673],[23.16694,59.95026],[23.15551,59.94605],[23.17127,59.94613],[23.1432,59.93858],[23.14421,59.92215],[23.17076,59.91777],[23.14551,59.91044],[23.20662,59.91084],[23.16745,59.90634],[23.15645,59.88652],[23.0641,59.88968],[23.06665,59.87129],[22.92958,59.8437],[22.89379,59.80806],[22.92958,59.82347],[23.04037,59.81898],[23.08645,59.83454],[23.1862,59.82763],[23.24857,59.84199],[23.21432,59.84598],[23.2444,59.85651],[23.22371,59.89095],[23.38141,59.94141],[23.40453,59.97949],[23.45619,60.00267],[23.47215,60.02847],[23.46318,60.04953],[23.49281,60.05014],[23.51959,60.0724],[23.51541,60.08587],[23.5533,60.09686],[23.53469,60.07519],[23.54035,60.04107],[23.49182,60.03304],[23.47957,60.01436],[23.48859,60.00119],[23.46228,60.00009],[23.42027,59.95865],[23.49212,59.98305],[23.58397,59.98529],[23.45675,59.96265],[23.45274,59.94892],[23.47565,59.93928],[23.41839,59.9544],[23.36037,59.93091],[23.36357,59.91434],[23.52668,59.93643],[23.73603,59.94034],[23.76753,59.95284],[23.69444,59.95518],[23.71274,59.97043],[23.75239,59.95435],[23.73904,59.96529],[23.81856,59.97067],[23.84301,59.9933],[23.83858,59.97592],[23.84879,59.97805],[23.81942,59.9494],[23.87296,59.97106],[23.84739,59.9582],[23.85935,59.95119],[23.8076,59.93273],[23.90095,59.94849],[23.89585,59.95771],[23.93208,59.93717],[23.96536,59.95175],[23.92249,59.94827],[23.93949,59.96184],[23.91499,59.96872],[24.00249,59.98031],[23.92673,59.9896],[23.87482,59.97551],[23.90416,59.98888],[23.85021,59.9928],[23.85521,60.00408],[23.89406,60.01031],[23.87952,59.99626],[23.93145,59.99267],[23.95668,60.00432],[23.84631,60.01912],[23.96172,60.01137],[24.01642,60.04598],[24.05915,60.01525],[24.09306,60.02106],[24.07422,60.03351],[24.11536,60.02576],[24.15338,60.05245],[24.13581,60.03942],[24.14947,60.02874],[24.20139,60.02716],[24.19839,60.04404],[24.16286,60.04948],[24.17251,60.05793],[24.26485,60.03984],[24.27618,60.0568],[24.31815,60.05899],[24.29468,60.07736],[24.33084,60.07798],[24.33445,60.09341],[24.38818,60.08238],[24.37056,60.07486],[24.37806,60.06072],[24.34901,60.02523],[24.37121,60.0362],[24.38224,60.01711],[24.4064,60.01768],[24.47779,60.06497],[24.47845,60.04783],[24.44508,60.03429],[24.46983,60.03386],[24.38965,59.97683],[24.41465,59.96038],[24.42456,59.9876],[24.42878,59.97494],[24.46166,59.98615],[24.44839,59.99661],[24.48869,59.99407],[24.48877,60.0073],[24.5092,59.99445],[24.5092,60.01986],[24.54735,60.02746],[24.53976,60.04003],[24.59869,60.07043],[24.59742,60.0572],[24.56347,60.04617],[24.59876,60.04824],[24.62151,60.06813],[24.60188,60.06926],[24.62101,60.08587],[24.60821,60.08775],[24.65166,60.10093],[24.63943,60.12163],[24.56767,60.10161],[24.62848,60.13621],[24.60977,60.15678],[24.55125,60.16085],[24.5619,60.17314],[24.63231,60.15183],[24.67405,60.11657],[24.71164,60.12361],[24.67966,60.10908],[24.70283,60.11825],[24.68354,60.10804],[24.70934,60.10563],[24.74137,60.12559],[24.69211,60.13938],[24.83638,60.1664],[24.84164,60.18985],[24.81545,60.19597],[24.83058,60.20554],[24.90945,60.18398],[24.90175,60.17196],[24.91609,60.1692],[24.89774,60.16572],[24.90898,60.15045],[24.93061,60.16012],[24.92531,60.14603],[24.9805,60.16685],[24.94042,60.17947],[24.97635,60.17629],[24.98171,60.21533],[24.99529,60.20254],[25.00918,60.21425],[25.02481,60.1951],[24.98798,60.18552],[25.0601,60.18933],[25.00972,60.16897],[25.04879,60.15992],[25.02596,60.14433],[25.03096,60.133],[25.06346,60.13677],[25.08453,60.14668],[25.05004,60.15916],[25.09803,60.16146],[25.05823,60.16582],[25.06586,60.19794],[25.12336,60.2188],[25.08985,60.18743],[25.13139,60.1985],[25.15408,60.1837],[25.13419,60.19941],[25.16235,60.20228],[25.17802,60.19209],[25.18831,60.19987],[25.17686,60.22045],[25.19095,60.22527],[25.17785,60.23098],[25.23905,60.24928],[25.21226,60.25665],[25.35424,60.25508],[25.32853,60.28433],[25.35324,60.26355],[25.38827,60.26836],[25.37808,60.25446],[25.39007,60.25229],[25.49794,60.26308],[25.44591,60.23637],[25.44732,60.24701],[25.39745,60.25192],[25.42017,60.2359],[25.41624,60.22275],[25.45823,60.23157],[25.50861,60.2609],[25.50117,60.26816],[25.52717,60.28162],[25.515,60.28591],[25.54219,60.28729],[25.55345,60.31349],[25.51542,60.32757],[25.58279,60.34279],[25.57362,60.32189],[25.58636,60.31112],[25.59708,60.33977],[25.61712,60.3304],[25.62542,60.35042],[25.67551,60.37598],[25.65766,60.39377],[25.67786,60.37626],[25.66646,60.36059],[25.70303,60.37319],[25.68981,60.35972],[25.72136,60.34085],[25.66435,60.36024],[25.6416,60.35242],[25.64352,60.33463],[25.69698,60.3349],[25.62868,60.32679],[25.6679,60.29181],[25.66406,60.28013],[25.71039,60.27724],[25.71418,60.26283],[25.78664,60.23727],[25.78978,60.26699],[25.84785,60.26704],[25.84592,60.2804],[25.81922,60.28322],[25.78519,60.2819],[25.75956,60.31188],[25.74274,60.30761],[25.74384,60.3232],[25.80387,60.28657],[25.86099,60.28857],[25.85786,60.27378],[25.87677,60.26693],[25.86089,60.2554],[25.8972,60.24564],[25.93712,60.26134],[25.88628,60.28449],[25.90201,60.30281],[25.86526,60.32463],[25.9155,60.3431],[25.91375,60.36707],[25.84752,60.4123],[25.95556,60.35333],[25.98345,60.3509],[25.98139,60.372],[25.99436,60.37419],[25.99034,60.35327],[26.02914,60.3182],[26.01412,60.3058],[26.07919,60.30465],[26.12018,60.32541],[25.99423,60.40108],[26.02229,60.39803],[26.03922,60.4195],[26.00157,60.42941],[25.99494,60.44886],[25.95987,60.44494],[25.98856,60.45959],[25.92431,60.49021],[25.98505,60.47412],[26.06405,60.41075],[26.05693,60.42737],[26.06991,60.43398],[26.13622,60.39454],[26.1711,60.39629],[26.15317,60.38453],[26.18107,60.37227],[26.15333,60.37979],[26.17756,60.36675],[26.20498,60.36252],[26.21112,60.37704],[26.18533,60.37784],[26.22048,60.39038],[26.17609,60.39875],[26.17176,60.42121],[26.27449,60.38798],[26.23263,60.43597],[26.24371,60.4367],[26.23788,60.45732],[26.29725,60.43023],[26.28062,60.42134],[26.2995,60.41585],[26.29067,60.40501],[26.31488,60.3729],[26.34916,60.38286],[26.33179,60.39704],[26.37327,60.39747],[26.36783,60.40887],[26.3835,60.41407],[26.41466,60.38571],[26.42739,60.39043],[26.42448,60.3749],[26.38542,60.38798],[26.39301,60.35758],[26.42392,60.35954],[26.42916,60.37253],[26.45996,60.35613],[26.49934,60.36194],[26.52506,60.34116],[26.5412,60.34363],[26.53958,60.3659],[26.46985,60.37364],[26.4308,60.40592],[26.4125,60.4021],[26.40656,60.42805],[26.44295,60.41152],[26.43642,60.4262],[26.45287,60.4157],[26.46165,60.43153],[26.44296,60.46221],[26.45943,60.4708],[26.44912,60.49337],[26.57246,60.42797],[26.56613,60.45223],[26.59166,60.45985],[26.63987,60.45503],[26.66975,60.42579],[26.71191,60.43239],[26.72305,60.45171],[26.74754,60.45076],[26.74103,60.48375],[26.79623,60.45484],[26.84383,60.46029],[26.85386,60.47799],[26.89493,60.47087],[26.88604,60.48877],[26.94261,60.44563],[26.96463,60.47152],[26.92295,60.46605],[26.94959,60.48327],[26.90524,60.50519],[26.96148,60.4923],[26.98735,60.46305],[26.96723,60.48841],[26.991,60.49588],[26.9749,60.51],[27.02319,60.51795],[27.01434,60.55256],[27.03559,60.51848],[27.06747,60.52788],[27.04024,60.54209],[27.05269,60.54426],[27.04365,60.55399],[27.09142,60.53069],[27.09667,60.55822],[27.13064,60.52623],[27.16109,60.53958],[27.12981,60.52417],[27.16042,60.51721],[27.18326,60.52896],[27.16774,60.55846],[27.18034,60.56525],[27.20017,60.56248],[27.19777,60.51517],[27.23014,60.509],[27.23103,60.53126],[27.27566,60.50699],[27.30493,60.52161],[27.35972,60.5061],[27.33953,60.49465],[27.38144,60.49042],[27.36437,60.51355],[27.42705,60.46488],[27.44867,60.47327],[27.4908,60.4597],[27.45762,60.49063],[27.48577,60.50123],[27.46717,60.50996],[27.49174,60.51063],[27.61961,60.46734],[27.56821,60.50461],[27.62281,60.52587],[27.64526,60.51519],[27.61695,60.52034],[27.58782,60.49801],[27.61796,60.48149],[27.7023,60.49469],[27.74028,60.4841],[27.73532,60.51727],[27.71179,60.51653],[27.74789,60.51956],[27.72003,60.53287],[27.71775,60.56439],[27.73967,60.57154],[27.73468,60.58089],[27.77117,60.57929],[27.77344,60.55162],[27.79868,60.54453],[27.75522,60.54093],[27.77925,60.50955],[27.75805,60.47059],[27.74794,60.47845],[27.74789,60.45157],[27.67289,60.43022],[27.70076,60.42312],[27.69945,60.41157],[27.81935,60.38803],[27.8312,60.32095],[27.77784,60.27561],[27.51194,60.25972],[27.46389,60.22833],[27.18833,60.17667],[26.915,60.17333],[26.64,60.11333],[26.54333,60.10667],[26.33943,59.99492],[26.13277,59.96825],[25.96778,59.86157],[25.16943,59.88823],[24.95277,59.86822],[23.49445,59.52652],[23.15945,59.52818],[22.75113,59.41485],[22.16447,59.37983],[21.77613,59.31148],[21.18613,59.19148],[20.48147,58.8445],[20.15333,59.44502],[19.0832,60.19168],[19.15833,60.37167],[19.235,60.67833],[19.525,62.7],[20.4,63.33333],[20.69667,63.485],[20.94,63.52167],[21.5,63.66667],[24.0754,65.47532],[24.8091,65.46109],[25.07523,65.5901],[25.08381,65.58885],[25.08855,65.56725],[25.10923,65.57329],[25.11468,65.55015],[25.15069,65.56978],[25.16391,65.56266],[25.18386,65.60342],[25.20175,65.60512],[25.18495,65.6032],[25.17382,65.56452],[25.20803,65.56019],[25.21044,65.54221],[25.2844,65.50338],[25.28078,65.48917],[25.32837,65.4822],[25.32431,65.46798],[25.35202,65.45762],[25.32275,65.44801],[25.36384,65.42821],[25.31744,65.42466],[25.33549,65.41807],[25.30319,65.4004],[25.25909,65.41062],[25.26768,65.39164],[25.2534,65.38945],[25.29076,65.38235],[25.25871,65.36772],[25.29163,65.36467],[25.29356,65.35404],[25.27391,65.34951],[25.28532,65.33753],[25.37679,65.32791],[25.33968,65.31599],[25.27538,65.33863],[25.2301,65.3321],[25.31653,65.28875],[25.26461,65.27116],[25.33669,65.25958],[25.29216,65.24403],[25.34611,65.23424],[25.28116,65.23704],[25.26964,65.2318],[25.29029,65.21611],[25.25615,65.21906],[25.35723,65.18022],[25.36989,65.182],[25.36165,65.17732],[25.26672,65.19962],[25.27288,65.17565],[25.22593,65.16959],[25.23787,65.13604],[25.22692,65.12757],[25.38436,65.09705],[25.37397,65.0906],[25.40898,65.06008],[25.38929,65.05748],[25.46811,65.01583],[25.40418,64.99729],[25.48148,64.97385],[25.48658,64.9588],[25.42866,64.94662],[25.32706,64.9901],[25.21083,65.0048],[25.21262,64.98467],[25.1907,64.9795],[25.22336,64.94353],[25.39141,64.89852],[25.31467,64.82938],[25.29414,64.82914],[25.29597,64.86122],[25.21522,64.87184],[25.18511,64.90864],[25.14532,64.89806],[25.12998,64.91774],[25.09343,64.92174],[24.95538,64.90715],[24.95959,64.88827],[24.93261,64.88102],[24.81079,64.88998],[24.71987,64.87004],[24.6722,64.84025],[24.66461,64.80174],[24.64543,64.80742],[24.64664,64.83253],[24.54342,64.81809],[24.58068,64.78552],[24.55541,64.77302],[24.56608,64.73061],[24.49102,64.69654],[24.42592,64.69082],[24.47146,64.6874],[24.40489,64.66815],[24.41782,64.6581],[24.38246,64.63311],[24.42958,64.64195],[24.36005,64.60471],[24.3801,64.60101],[24.36285,64.59165],[24.38177,64.57969],[24.35492,64.56641],[24.37501,64.55721],[24.37031,64.54502],[24.30495,64.52458],[24.24966,64.53539],[24.29028,64.50258],[24.25196,64.50743],[24.21616,64.48978],[24.25107,64.47019],[24.22596,64.47988],[24.22568,64.46542],[24.22225,64.48183],[24.20032,64.48515],[24.17926,64.45963],[24.08133,64.44216],[24.09963,64.42685],[24.0887,64.41412],[24.03068,64.41433],[23.98261,64.37019],[23.98525,64.35413],[23.91548,64.32738],[23.91423,64.28165],[23.90628,64.28831],[23.84711,64.29182],[23.82146,64.27346],[23.81046,64.25486],[23.83439,64.25607],[23.81439,64.23891],[23.68042,64.21641],[23.72035,64.18662],[23.66631,64.16394],[23.67663,64.15384],[23.66182,64.14395],[23.62653,64.16016],[23.65236,64.1452],[23.62721,64.14222],[23.64233,64.11727],[23.58208,64.11764],[23.59892,64.10309],[23.58595,64.09067],[23.65347,64.06426],[23.62773,64.07147],[23.61546,64.04607],[23.58403,64.05595],[23.59,64.04643],[23.55814,64.04215],[23.47442,64.05747],[23.39714,64.09296],[23.41158,64.0825],[23.38115,64.05952],[23.39187,64.01559],[23.37491,64.0027],[23.39242,63.99205],[23.37481,63.99052],[23.39642,63.97967],[23.3644,63.96919],[23.4066,63.9418],[23.36827,63.92914],[23.38321,63.9222],[23.36313,63.92322],[23.37035,63.91311],[23.28702,63.9481],[23.28225,63.93766],[23.32424,63.92035],[23.28934,63.90987],[23.21255,63.92056],[23.22052,63.90937],[23.20791,63.90239],[23.12886,63.91822],[23.17156,63.86623],[23.07455,63.91738],[23.13348,63.8704],[23.11786,63.87789],[23.12335,63.86576],[23.10341,63.85603],[23.08925,63.87999],[23.04242,63.87657],[23.02723,63.86622],[23.04275,63.86032],[23.01854,63.85015],[23.04366,63.83329],[23.02921,63.82427],[22.96445,63.8401],[23.01839,63.8143],[23.00477,63.79631],[23.02406,63.7926],[23.00275,63.78233],[22.99016,63.78688],[22.98911,63.81666],[22.94095,63.82894],[22.97038,63.82817],[22.94269,63.8442],[22.97091,63.84091],[22.96253,63.85292],[22.97537,63.85408],[22.94419,63.86547],[22.97214,63.86393],[22.93583,63.87829],[22.94114,63.8919],[22.90002,63.90114],[22.86895,63.8932],[22.85156,63.90485],[22.85449,63.89333],[22.83256,63.90537],[22.82129,63.89859],[22.83457,63.89319],[22.81125,63.89017],[22.83108,63.8714],[22.9062,63.86133],[22.91077,63.85118],[22.8869,63.84918],[22.90313,63.83599],[22.87015,63.84473],[22.85926,63.83998],[22.87075,63.82979],[22.83721,63.85659],[22.78844,63.86086],[22.81964,63.84341],[22.68845,63.8431],[22.71108,63.82745],[22.69308,63.833],[22.6927,63.81795],[22.66967,63.81228],[22.7241,63.78605],[22.75481,63.79521],[22.70524,63.77753],[22.71338,63.76833],[22.67335,63.7657],[22.70025,63.73731],[22.75471,63.71721],[22.7416,63.71377],[22.76748,63.69814],[22.77398,63.7101],[22.7573,63.71754],[22.77538,63.72204],[22.75352,63.72641],[22.78605,63.73],[22.77214,63.7466],[22.79938,63.74929],[22.80312,63.7353],[22.83281,63.78085],[22.79947,63.77457],[22.76234,63.79746],[22.7904,63.80581],[22.84139,63.78971],[22.85156,63.80776],[22.87844,63.80429],[22.93693,63.75878],[22.89689,63.76658],[22.89799,63.75057],[22.87629,63.75681],[22.86014,63.74094],[22.92723,63.71864],[22.88869,63.72698],[22.90585,63.71076],[22.89506,63.71055],[22.90121,63.69461],[22.87974,63.69889],[22.86499,63.67773],[22.84732,63.69431],[22.86494,63.70324],[22.83231,63.70854],[22.83091,63.68568],[22.86147,63.66785],[22.85951,63.64882],[22.82505,63.6698],[22.8217,63.65605],[22.81813,63.67501],[22.78384,63.68943],[22.77732,63.65955],[22.76295,63.68741],[22.77239,63.69196],[22.72594,63.71415],[22.69317,63.7166],[22.6887,63.68188],[22.66948,63.70772],[22.63004,63.70047],[22.64776,63.7141],[22.61653,63.72397],[22.59376,63.66622],[22.55371,63.67314],[22.51648,63.64906],[22.51862,63.62201],[22.42957,63.60409],[22.42776,63.59135],[22.46166,63.5961],[22.46707,63.58096],[22.51539,63.60093],[22.5,63.57255],[22.48515,63.57716],[22.53409,63.53675],[22.47571,63.57492],[22.48089,63.56586],[22.46266,63.56528],[22.48551,63.5411],[22.45258,63.513],[22.44741,63.47645],[22.43922,63.49217],[22.41591,63.47557],[22.41795,63.48792],[22.40516,63.48662],[22.41551,63.49933],[22.39778,63.51288],[22.36081,63.51036],[22.38721,63.51651],[22.3847,63.53052],[22.34717,63.54975],[22.36493,63.54639],[22.38036,63.57392],[22.32294,63.58735],[22.34237,63.57072],[22.29029,63.52332],[22.29418,63.51041],[22.40297,63.43934],[22.27377,63.49439],[22.26478,63.48105],[22.2119,63.48033],[22.20451,63.45525],[22.38487,63.34587],[22.39048,63.33038],[22.34946,63.32298],[22.36955,63.29234],[22.285,63.31461],[22.2428,63.28125],[22.23894,63.25514],[22.19863,63.27108],[22.20713,63.26354],[22.18364,63.2554],[22.18237,63.23396],[22.12815,63.24496],[22.08521,63.21744],[22.09127,63.25667],[22.02529,63.25381],[22.04495,63.24443],[22.02215,63.24021],[22.04246,63.22402],[22.04273,63.20137],[21.97442,63.20573],[21.98318,63.18309],[22.008,63.17817],[22.00451,63.15915],[21.96755,63.1672],[21.95621,63.18196],[21.97358,63.18527],[21.86339,63.17637],[21.97431,63.18605],[21.96047,63.21605],[22.02989,63.21399],[21.99716,63.22891],[22.01869,63.25217],[21.98627,63.2667],[21.96814,63.24798],[21.94772,63.26408],[21.9315,63.23186],[21.9215,63.25288],[21.93299,63.26876],[21.91856,63.27833],[21.81494,63.25094],[21.8108,63.26477],[21.79257,63.25999],[21.80932,63.27651],[21.77529,63.25771],[21.79476,63.25368],[21.74162,63.24265],[21.75562,63.21969],[21.70193,63.23768],[21.67074,63.2101],[21.58027,63.24732],[21.58948,63.25268],[21.57489,63.2737],[21.60096,63.25473],[21.61232,63.26773],[21.58358,63.27668],[21.57934,63.2883],[21.54101,63.26792],[21.56446,63.24859],[21.52574,63.23766],[21.51924,63.2018],[21.56391,63.18973],[21.52498,63.18958],[21.52481,63.17375],[21.50253,63.17247],[21.52756,63.15259],[21.53659,63.16586],[21.56744,63.12043],[21.60408,63.11956],[21.58043,63.10662],[21.59845,63.09393],[21.57056,63.10296],[21.54904,63.08926],[21.57625,63.07972],[21.60105,63.0921],[21.68847,63.05405],[21.66699,63.04278],[21.62403,63.06146],[21.60882,63.05408],[21.54839,63.08305],[21.52451,63.07932],[21.52618,63.05771],[21.49765,63.05637],[21.47215,63.07605],[21.47195,63.02744],[21.44673,63.02074],[21.49461,63.00499],[21.47236,62.9884],[21.4949,62.96647],[21.4292,62.9499],[21.40685,62.87982],[21.38858,62.88257],[21.38411,62.90525],[21.366,62.90496],[21.36557,62.8886],[21.39631,62.87716],[21.36297,62.87321],[21.247,62.8976],[21.26269,62.86688],[21.24115,62.86525],[21.2484,62.83823],[21.20854,62.80507],[21.17456,62.81775],[21.14091,62.81305],[21.14169,62.79633],[21.12203,62.80069],[21.14656,62.7477],[21.18135,62.74301],[21.14144,62.70183],[21.08931,62.70045],[21.08277,62.68407],[21.10778,62.68162],[21.09233,62.67661],[21.08225,62.62934],[21.09951,62.62453],[21.05811,62.62476],[21.10037,62.60643],[21.13557,62.6447],[21.14417,62.61674],[21.19275,62.62502],[21.19112,62.61389],[21.22768,62.60767],[21.1709,62.58413],[21.17161,62.56811],[21.15342,62.57307],[21.1866,62.5381],[21.10349,62.55542],[21.11388,62.52355],[21.15653,62.53023],[21.13266,62.48835],[21.1127,62.48917],[21.17124,62.47536],[21.16371,62.45836],[21.20833,62.49556],[21.16858,62.42338],[21.24382,62.44718],[21.22653,62.40348],[21.25588,62.38209],[21.30073,62.40489],[21.27691,62.38431],[21.30553,62.38061],[21.30703,62.34914],[21.32956,62.37072],[21.36549,62.37151],[21.34713,62.32456],[21.32555,62.31774],[21.31282,62.33207],[21.29241,62.30094],[21.3102,62.2999],[21.3096,62.31497],[21.33707,62.29494],[21.35573,62.31392],[21.34115,62.26271],[21.3198,62.24459],[21.35497,62.24698],[21.38237,62.28501],[21.37801,62.22949],[21.39224,62.21654],[21.4148,62.2245],[21.39916,62.20457],[21.36086,62.18631],[21.36538,62.1354],[21.32901,62.1437],[21.33121,62.16525],[21.30524,62.1444],[21.31784,62.14028],[21.32158,62.06655],[21.30667,62.07294],[21.30945,62.0395],[21.27989,61.99344],[21.33937,62.00035],[21.30894,61.98963],[21.32746,61.97184],[21.31116,61.96647],[21.36378,61.93839],[21.41899,61.95335],[21.40001,61.93983],[21.43764,61.92427],[21.41817,61.91369],[21.4635,61.88577],[21.44657,61.8874],[21.47081,61.8723],[21.4671,61.84868],[21.49344,61.84254],[21.46793,61.83733],[21.50366,61.8196],[21.5511,61.82024],[21.50548,61.81836],[21.51883,61.7989],[21.5053,61.78393],[21.48433,61.78818],[21.49936,61.79435],[21.49571,61.82003],[21.49603,61.80734],[21.42264,61.80147],[21.52495,61.74821],[21.53312,61.75786],[21.48189,61.77827],[21.50405,61.78033],[21.60429,61.71901],[21.54469,61.73695],[21.5413,61.7106],[21.50679,61.72463],[21.55443,61.6941],[21.52901,61.6957],[21.53488,61.68222],[21.60904,61.6452],[21.58767,61.64379],[21.60449,61.62938],[21.64372,61.6185],[21.60346,61.61905],[21.6302,61.60594],[21.61616,61.6021],[21.74718,61.52785],[21.69945,61.55374],[21.54043,61.58556],[21.52203,61.61044],[21.46779,61.59963],[21.50006,61.58811],[21.48081,61.56748],[21.51912,61.56657],[21.54277,61.52425],[21.57897,61.53708],[21.63215,61.51452],[21.57772,61.49469],[21.45068,61.50937],[21.51728,61.49314],[21.5007,61.48649],[21.53635,61.48273],[21.59829,61.44516],[21.56259,61.42446],[21.45604,61.44276],[21.48185,61.43078],[21.44796,61.42992],[21.55856,61.38495],[21.50472,61.37639],[21.57562,61.3381],[21.49307,61.30518],[21.53856,61.28188],[21.47715,61.27624],[21.60314,61.23028],[21.58633,61.22353],[21.60194,61.21643],[21.54447,61.23334],[21.52396,61.22099],[21.52779,61.23549],[21.50714,61.24456],[21.43624,61.25041],[21.42039,61.24381],[21.42721,61.23525],[21.53051,61.20947],[21.50617,61.20606],[21.53389,61.1876],[21.43866,61.19355],[21.45266,61.16816],[21.37109,61.19734],[21.40761,61.20719],[21.39656,61.21386],[21.3555,61.21285],[21.36847,61.20714],[21.33416,61.19351],[21.35051,61.18706],[21.33662,61.1796],[21.44063,61.17112],[21.42761,61.16761],[21.46085,61.14418],[21.48276,61.14183],[21.42575,61.1332],[21.47832,61.12749],[21.44542,61.11291],[21.45953,61.10431],[21.43842,61.101],[21.49223,61.07465],[21.3718,61.09115],[21.37303,61.07912],[21.43491,61.06812],[21.43095,61.0495],[21.32686,61.08954],[21.29702,61.08433],[21.3079,61.05764],[21.34742,61.0449],[21.31824,61.03775],[21.38102,61.02451],[21.34063,61.01633],[21.4383,60.95027],[21.42818,60.93778],[21.44531,60.91964],[21.43731,60.91171],[21.40292,60.93721],[21.40287,60.92456],[21.3687,60.92969],[21.40493,60.93939],[21.28836,61.00964],[21.29606,61.0028],[21.24901,60.97804],[21.3214,60.95882],[21.32475,60.93892],[21.29765,60.94713],[21.32164,60.92847],[21.28876,60.92912],[21.28992,60.9155],[21.23133,60.92343],[21.20609,60.90806],[21.27893,60.88982],[21.17901,60.88861],[21.19903,60.88391],[21.17786,60.88511],[21.17507,60.86991],[21.21786,60.87647],[21.18006,60.85903],[21.22298,60.84553],[21.22884,60.85989],[21.21357,60.86692],[21.24047,60.86002],[21.23537,60.8759],[21.26957,60.87497],[21.25927,60.88346],[21.27894,60.88981],[21.29549,60.88567],[21.31996,60.8959],[21.38903,60.89778],[21.37545,60.90949],[21.44039,60.89249],[21.3431,60.88848],[21.2999,60.87125],[21.36138,60.86058],[21.33553,60.84634],[21.35513,60.84332],[21.34972,60.82076],[21.37871,60.83381],[21.39426,60.82248],[21.37597,60.79727],[21.40821,60.79845],[21.39486,60.78559],[21.41286,60.78439],[21.38509,60.77692],[21.45675,60.74618],[21.42939,60.74184],[21.47165,60.70602],[21.37135,60.71725],[21.4111,60.71739],[21.42851,60.73413],[21.37537,60.76586],[21.39851,60.76541],[21.37606,60.7741],[21.36815,60.766],[21.39299,60.7464],[21.37083,60.74081],[21.39507,60.73431],[21.34056,60.7155],[21.35967,60.71313],[21.34077,60.70419],[21.36817,60.69749],[21.36068,60.69035],[21.32818,60.6971],[21.38136,60.6698],[21.36238,60.66875],[21.376,60.65669],[21.39384,60.66567],[21.4309,60.65058],[21.42378,60.64318],[21.45081,60.64758],[21.43815,60.64116],[21.45909,60.63059],[21.39295,60.635],[21.42902,60.61809],[21.40559,60.612],[21.43881,60.61346],[21.42505,60.60101],[21.44787,60.58518],[21.51468,60.57492],[21.49074,60.58514],[21.51765,60.59715],[21.53459,60.59003],[21.51258,60.58333],[21.52619,60.57246],[21.5729,60.56716],[21.55929,60.55844],[21.6083,60.52385],[21.58878,60.5149],[21.59414,60.5303],[21.56093,60.54361],[21.57682,60.51008],[21.55652,60.52563],[21.55938,60.50176],[21.52238,60.51751],[21.51611,60.49569],[21.54028,60.49552],[21.55923,60.48525],[21.54857,60.49453],[21.57693,60.50983],[21.58561,60.49147],[21.65846,60.51835],[21.68524,60.55316],[21.66914,60.56297],[21.67692,60.58222],[21.71777,60.59194],[21.70384,60.60974],[21.7409,60.59117],[21.84198,60.63605],[21.80085,60.50497],[21.73986,60.4939],[21.79767,60.52606],[21.79381,60.54928],[21.75696,60.55637],[21.71371,60.52228],[21.69563,60.49369],[21.6995,60.46198],[21.74231,60.47178],[21.7277,60.47945],[21.73911,60.493],[21.7641,60.47296],[21.77983,60.4965],[21.91572,60.48678],[21.88105,60.50602],[21.8668,60.54527],[21.88433,60.54437],[21.88486,60.52995],[21.90743,60.55137],[21.92016,60.52607],[21.95953,60.53593],[21.95658,60.50737],[21.99752,60.51245],[21.98202,60.49615],[22.02435,60.49065],[22.01301,60.48066],[22.03536,60.47552],[22.0126,60.4722],[22.02082,60.46181],[22.0914,60.44517],[22.1244,60.46562],[22.11638,60.44581],[22.16499,60.43957],[22.08831,60.42733],[22.09408,60.41657],[22.10958,60.42583],[22.10961,60.41096],[22.18613,60.42678],[22.20348,60.43874],[22.24199,60.4379],[22.23599,60.42401],[22.283,60.40614],[22.29455,60.38439],[22.50025,60.41883],[22.47527,60.38564],[22.58482,60.37623],[22.63308,60.39943],[22.60122,60.3616],[22.56337,60.3541],[22.56611,60.33837],[22.45553,60.26518],[22.49624,60.25285],[22.60955,60.29102],[22.63012,60.28473],[22.56326,60.26936],[22.57347,60.25817],[22.55439,60.25585],[22.55197,60.23968],[22.5748,60.24146],[22.58751,60.26214],[22.5888,60.24619],[22.61411,60.24816],[22.53071,60.22926],[22.52092,60.21347],[22.60519,60.22626],[22.54073,60.20456],[22.47438,60.20627],[22.5077,60.22867],[22.49309,60.23762],[22.46661,60.23761],[22.46163,60.20371],[22.41439,60.18109],[22.41431,60.16024],[22.61755,60.14932],[22.43624,60.13657],[22.42337,60.11809],[22.49319,60.10667],[22.46494,60.10653],[22.48448,60.07825],[22.46641,60.07359],[22.46013,60.09901],[22.42356,60.1106],[22.40503,60.10439],[22.41818,60.09645],[22.41022,60.08615],[22.40246,60.10013],[22.36553,60.08954],[22.36295,60.05976],[22.38504,60.03095],[22.37648,60.018],[22.39139,60.00043],[22.40445,60.00676],[22.39351,60.03241],[22.40853,60.02997],[22.40736,60.00857],[22.43775,60.03123],[22.44686,60.0117],[22.43372,60.00587],[22.45325,59.99761],[22.46191,60.01913],[22.55539,60.02606],[22.61182,60.05909],[22.59792,60.03391],[22.57303,60.02678],[22.64916,60.01809],[22.67109,60.04794],[22.69581,60.00662],[22.72566,60.01724],[22.75536,60.00449],[22.74691,60.0299],[22.76296,60.03388],[22.76255,60.01227],[22.78298,60.01758],[22.77364,60.02513],[22.78717,60.03676],[22.75443,60.04331],[22.77859,60.0475],[22.77661,60.06362],[22.75349,60.064],[22.83761,60.0934],[22.85768,60.12758],[22.8836,60.13721],[22.85872,60.13958],[22.87596,60.14894],[22.82941,60.17473],[22.86838,60.18684],[22.85277,60.1982],[22.86162,60.21223],[22.83569,60.21334],[22.89601,60.22283],[22.90149,60.25071],[22.93825,60.25912],[22.98391,60.30261],[22.95103,60.31488],[22.91408,60.3066],[22.84476,60.23759],[22.63076,60.23013]],[[24.34901,60.02523],[24.34862,60.02504],[24.34864,60.02493],[24.34901,60.02523]],[[24.34864,60.02493],[24.32188,60.00312],[24.35193,60.00826],[24.34864,60.02493]],[[21.59411,63.27662],[21.63488,63.27641],[21.65094,63.25687],[21.67243,63.26119],[21.66945,63.2834],[21.68158,63.29725],[21.71543,63.2828],[21.69324,63.29817],[21.69367,63.31567],[21.74363,63.27399],[21.77972,63.27872],[21.78096,63.29225],[21.75482,63.30301],[21.7693,63.31869],[21.7063,63.31483],[21.69544,63.32878],[21.71057,63.33079],[21.69481,63.3339],[21.6796,63.32777],[21.69179,63.32133],[21.66416,63.32722],[21.62019,63.30348],[21.6437,63.29137],[21.63057,63.28164],[21.63488,63.27641],[21.59411,63.27662]],[[21.67243,63.26119],[21.67253,63.26047],[21.6856,63.26384],[21.67243,63.26119]],[[21.44673,63.02074],[21.44576,63.02106],[21.44531,63.02037],[21.44673,63.02074]],[[21.43072,63.01458],[21.45269,63.03184],[21.42692,63.03013],[21.45454,63.04204],[21.43922,63.04392],[21.45075,63.07621],[21.38281,63.08739],[21.3776,63.07462],[21.40413,63.0788],[21.38953,63.06835],[21.41581,63.05315],[21.33046,63.03836],[21.43072,63.01458]],[[21.43072,63.01458],[21.4297,63.01399],[21.43516,63.0128],[21.43072,63.01458]],[[21.43516,63.0128],[21.4422,63.00997],[21.43384,63.00113],[21.45721,63.00799],[21.43516,63.0128]],[[21.36378,61.93839],[21.36307,61.93786],[21.36389,61.93727],[21.36378,61.93839]],[[21.36389,61.93727],[21.36523,61.92337],[21.38026,61.92541],[21.36389,61.93727]],[[21.22298,60.84553],[21.2224,60.8441],[21.22487,60.84494],[21.22298,60.84553]],[[21.22487,60.84494],[21.24164,60.83966],[21.22791,60.83835],[21.24481,60.82488],[21.23474,60.81203],[21.25457,60.82051],[21.24532,60.83014],[21.26189,60.82766],[21.24075,60.80601],[21.27103,60.80258],[21.28793,60.81102],[21.267,60.83095],[21.29004,60.82873],[21.26411,60.8583],[21.22487,60.84494]],[[21.29004,60.82873],[21.29013,60.82863],[21.2914,60.8286],[21.29004,60.82873]],[[21.2914,60.8286],[21.31638,60.82618],[21.30031,60.84105],[21.30419,60.82824],[21.2914,60.8286]],[[26.72848,60.42268],[26.73308,60.40635],[26.73156,60.42607],[26.72848,60.42268]],[[26.73156,60.42607],[26.73216,60.42673],[26.73149,60.4269],[26.73156,60.42607]],[[26.73216,60.42673],[26.75641,60.42052],[26.74145,60.43696],[26.73216,60.42673]],[[23.35034,59.87626],[23.37904,59.87667],[23.35695,59.86719],[23.36923,59.86229],[23.43959,59.88065],[23.42819,59.88651],[23.35034,59.87626]],[[23.41734,59.86941],[23.40954,59.86759],[23.41851,59.86841],[23.41734,59.86941]],[[23.41851,59.86841],[23.43037,59.85833],[23.41636,59.85589],[23.43583,59.85618],[23.43266,59.86972],[23.41851,59.86841]],[[21.81839,60.12204],[21.83351,60.121],[21.82278,60.1274],[21.85688,60.13098],[21.82484,60.13386],[21.81839,60.12204]],[[21.83351,60.121],[21.83474,60.12026],[21.83653,60.12079],[21.83351,60.121]],[[21.83653,60.12079],[21.89903,60.11644],[21.86764,60.12998],[21.83653,60.12079]],[[21.78385,60.44178],[21.81274,60.43284],[21.78312,60.42463],[21.81347,60.42082],[21.79688,60.41518],[21.8233,60.40967],[21.79042,60.39896],[21.82541,60.37867],[21.92409,60.36414],[21.82382,60.36675],[21.88318,60.34908],[22.01837,60.34131],[22.05001,60.35506],[22.02752,60.35893],[22.03554,60.36899],[22.01897,60.36931],[22.03339,60.37501],[22.01565,60.38191],[21.94698,60.37873],[21.99756,60.39011],[21.98973,60.40145],[21.90006,60.40197],[21.95877,60.40553],[21.97464,60.41522],[21.89622,60.47807],[21.84027,60.49151],[21.81838,60.47885],[21.82951,60.45899],[21.80926,60.45882],[21.8154,60.44352],[21.78385,60.44178]],[[21.95877,60.40553],[21.95806,60.4051],[21.97828,60.40671],[21.95877,60.40553]],[[21.42349,61.21647],[21.47265,61.19636],[21.45888,61.20889],[21.50485,61.19991],[21.49324,61.21482],[21.46169,61.21946],[21.46323,61.20852],[21.44415,61.21859],[21.42349,61.21647]],[[21.44415,61.21859],[21.44791,61.21897],[21.43115,61.22544],[21.44415,61.21859]],[[21.14459,60.32347],[21.15365,60.31727],[21.17156,60.32213],[21.15508,60.3323],[21.14459,60.32347]],[[21.15365,60.31727],[21.14483,60.31488],[21.15905,60.31358],[21.15365,60.31727]],[[21.21226,60.63914],[21.23353,60.63444],[21.24836,60.61771],[21.23762,60.60935],[21.25746,60.60086],[21.2712,60.59884],[21.269,60.60741],[21.29181,60.60868],[21.2937,60.59594],[21.27727,60.59689],[21.28592,60.58217],[21.32185,60.57942],[21.32014,60.59632],[21.33575,60.60209],[21.31008,60.60867],[21.30798,60.62052],[21.35211,60.59894],[21.37503,60.57377],[21.35325,60.58023],[21.3299,60.56597],[21.32635,60.55287],[21.34473,60.55095],[21.33229,60.54413],[21.46877,60.47775],[21.49905,60.494],[21.48731,60.50832],[21.49579,60.51423],[21.48444,60.51126],[21.47785,60.53555],[21.5329,60.523],[21.51657,60.54676],[21.42914,60.55504],[21.41744,60.57963],[21.44496,60.57424],[21.39285,60.59646],[21.37174,60.5863],[21.35332,60.61856],[21.31455,60.62669],[21.3471,60.62161],[21.34726,60.63424],[21.32507,60.6388],[21.32969,60.62712],[21.30089,60.64595],[21.32261,60.66503],[21.27334,60.67289],[21.25989,60.66562],[21.28838,60.66228],[21.21226,60.63914]],[[21.49579,60.51423],[21.49579,60.51423],[21.49579,60.51423],[21.49579,60.51423]],[[21.49579,60.51423],[21.50716,60.52216],[21.4851,60.52965],[21.49579,60.51423]],[[20.91267,59.87687],[20.92079,59.87271],[20.93382,59.87796],[20.91267,59.87687]],[[20.92079,59.87271],[20.91846,59.87177],[20.93433,59.86577],[20.92079,59.87271]],[[20.86636,60.53209],[20.88354,60.52696],[20.89638,60.53484],[20.86636,60.53209]],[[20.88354,60.52696],[20.87893,60.52413],[20.91227,60.51837],[20.88354,60.52696]],[[21.29142,62.15678],[21.29224,62.13423],[21.2932,62.13574],[21.29142,62.15678]],[[21.2978,62.143],[21.2952,62.11203],[21.31022,62.10977],[21.30923,62.09344],[21.31438,62.11584],[21.2978,62.143]],[[21.96994,63.29099],[21.98415,63.2778],[22.05253,63.28723],[22.0855,63.27374],[22.05629,63.26788],[22.14752,63.25348],[22.17787,63.27406],[22.12494,63.28861],[22.15755,63.2916],[22.23676,63.26175],[22.22111,63.28034],[22.24126,63.31555],[22.23159,63.33827],[22.21671,63.34179],[22.19414,63.31094],[22.16678,63.32598],[22.15928,63.31115],[22.14572,63.33278],[22.06275,63.33061],[22.09398,63.29618],[22.07692,63.2871],[22.02723,63.3354],[21.99733,63.33238],[22.03052,63.31403],[21.99113,63.32365],[21.96994,63.29099]],[[22.23159,63.33827],[22.23263,63.33802],[22.227,63.34904],[22.23159,63.33827]],[[21.45337,63.10816],[21.48316,63.1067],[21.47547,63.11077],[21.45337,63.10816]],[[21.47547,63.11077],[21.47821,63.11109],[21.4659,63.11583],[21.47547,63.11077]],[[19.62858,60.28943],[19.63752,60.27737],[19.66195,60.2886],[19.64825,60.28225],[19.66596,60.26194],[19.65845,60.24767],[19.6901,60.22833],[19.70569,60.15316],[19.75166,60.09336],[19.78247,60.09296],[19.79155,60.10795],[19.80403,60.09765],[19.79515,60.11021],[19.8204,60.11355],[19.80894,60.10709],[19.81633,60.08944],[19.86731,60.08975],[19.874,60.09981],[19.85943,60.10506],[19.87947,60.11131],[19.87624,60.09788],[19.91212,60.08986],[19.89972,60.08475],[19.91622,60.07009],[19.92199,60.11899],[19.93564,60.07392],[19.95319,60.06793],[19.93876,60.07194],[19.93191,60.05734],[19.94392,60.05726],[19.96427,60.06677],[19.96388,60.08449],[19.94559,60.11111],[19.97095,60.11423],[19.98678,60.09103],[19.99354,60.11017],[20.01463,60.0956],[19.97576,60.07216],[20.01747,60.06959],[20.04882,60.03897],[20.08191,60.03447],[20.06644,60.0438],[20.08793,60.0499],[20.13101,60.00991],[20.10735,60.00722],[20.11582,59.99758],[20.16464,59.99478],[20.15685,60.00513],[20.17816,60.01467],[20.18977,59.98485],[20.17482,59.98181],[20.17586,59.96664],[20.23534,60.00869],[20.2057,60.02728],[20.21723,60.07474],[20.25175,60.07971],[20.24138,60.06938],[20.25676,60.0656],[20.28497,60.07798],[20.27102,60.07805],[20.27124,60.10614],[20.30254,60.11351],[20.28777,60.1198],[20.29618,60.14869],[20.25314,60.16615],[20.26345,60.15621],[20.25152,60.13649],[20.26023,60.15697],[20.23534,60.16875],[20.22108,60.15007],[20.23965,60.13458],[20.20872,60.1416],[20.22362,60.11761],[20.19607,60.0804],[20.08059,60.11326],[20.07659,60.08937],[20.0595,60.09535],[20.07272,60.0795],[20.05552,60.08289],[20.0695,60.0668],[20.01508,60.10108],[20.03935,60.0984],[20.05263,60.12042],[20.01955,60.13479],[20.0447,60.19052],[20.00847,60.1857],[20.00737,60.16634],[20.0,60.17577],[20.01371,60.19349],[19.9993,60.20726],[20.01875,60.23189],[19.97189,60.26914],[19.97663,60.30054],[19.97421,60.2708],[20.01353,60.25354],[20.02144,60.26745],[20.0124,60.24428],[20.0322,60.24444],[20.04598,60.22305],[20.03101,60.21167],[20.05731,60.19736],[20.08186,60.23463],[20.08371,60.20934],[20.06373,60.20123],[20.08018,60.18542],[20.12048,60.19832],[20.16665,60.17528],[20.181,60.19348],[20.19605,60.18734],[20.19197,60.20211],[20.23907,60.20867],[20.21101,60.24667],[20.23934,60.23504],[20.25501,60.25057],[20.24913,60.26692],[20.27516,60.28524],[20.20567,60.31051],[20.18083,60.2842],[20.17438,60.29466],[20.20902,60.33172],[20.18813,60.32789],[20.1934,60.34476],[20.14475,60.35258],[20.16827,60.31918],[20.12762,60.34198],[20.13794,60.35298],[20.09352,60.34489],[20.13034,60.3643],[20.0782,60.38234],[20.06407,60.35734],[20.06886,60.37183],[20.04619,60.36452],[20.02524,60.3785],[20.01262,60.37628],[20.02297,60.35007],[19.96182,60.38631],[19.95192,60.37801],[19.97462,60.37438],[19.93288,60.35426],[19.96352,60.41282],[19.93005,60.39549],[19.93696,60.40697],[19.91606,60.42316],[19.84836,60.42519],[19.8339,60.40182],[19.8149,60.41976],[19.79465,60.38825],[19.81299,60.3765],[19.7756,60.36248],[19.79543,60.35846],[19.78702,60.33376],[19.82831,60.33518],[19.80031,60.34919],[19.81086,60.35868],[19.79681,60.36272],[19.81169,60.36663],[19.83393,60.33713],[19.82677,60.32687],[19.87056,60.32579],[19.896,60.35947],[19.89118,60.33666],[19.91227,60.32852],[19.88651,60.31798],[19.89806,60.30544],[19.87344,60.3104],[19.87979,60.32523],[19.8434,60.31123],[19.80504,60.3077],[19.82709,60.27095],[19.80781,60.26326],[19.81585,60.25185],[19.80158,60.23231],[19.8336,60.23132],[19.81396,60.22191],[19.81166,60.1991],[19.79013,60.25182],[19.78075,60.24359],[19.76672,60.26493],[19.80936,60.31407],[19.80331,60.32333],[19.73827,60.33347],[19.7533,60.32247],[19.74671,60.30493],[19.76596,60.30095],[19.75168,60.30145],[19.74618,60.28105],[19.73099,60.29771],[19.70485,60.29297],[19.70267,60.26314],[19.67741,60.26716],[19.69886,60.27244],[19.69144,60.29462],[19.67686,60.27928],[19.67898,60.29785],[19.65819,60.3053],[19.62858,60.28943]],[[19.94392,60.05726],[19.95419,60.05399],[19.97338,60.05707],[19.94392,60.05726]],[[27.71387,60.46211],[27.72457,60.4566],[27.73485,60.466],[27.71387,60.46211]],[[27.54102,60.42817],[27.557,60.42937],[27.55237,60.44125],[27.54102,60.42817]],[[27.52752,60.45619],[27.53524,60.44646],[27.54691,60.44794],[27.52752,60.45619]],[[27.53469,60.47966],[27.54728,60.47358],[27.54469,60.48534],[27.53469,60.47966]],[[27.43332,60.39341],[27.4287,60.38114],[27.44352,60.38682],[27.43332,60.39341]],[[27.40453,60.40724],[27.42465,60.40295],[27.42502,60.41671],[27.40453,60.40724]],[[27.29374,60.28074],[27.30848,60.2761],[27.30517,60.28544],[27.29374,60.28074]],[[27.36778,60.47475],[27.3844,60.44962],[27.41924,60.45631],[27.36778,60.47475]],[[27.34262,60.44759],[27.35428,60.44478],[27.35223,60.45583],[27.34262,60.44759]],[[27.13184,60.28473],[27.15306,60.28824],[27.15933,60.29527],[27.13184,60.28473]],[[27.16026,60.4537],[27.18458,60.44848],[27.17369,60.458],[27.16026,60.4537]],[[27.0447,60.43759],[27.0706,60.42408],[27.06448,60.44051],[27.0447,60.43759]],[[27.08162,60.49785],[27.09782,60.504],[27.08801,60.50757],[27.08162,60.49785]],[[27.01275,60.40747],[27.036,60.37556],[27.06718,60.37754],[27.06313,60.40403],[27.01275,60.40747]],[[26.98931,60.43291],[27.00403,60.41471],[27.03475,60.41048],[27.02238,60.42065],[27.04311,60.43725],[27.02991,60.44502],[27.03792,60.4549],[27.02833,60.46349],[26.98931,60.43291]],[[26.97799,60.42727],[26.98543,60.40751],[26.99609,60.40996],[26.97799,60.42727]],[[26.84288,60.44714],[26.85138,60.43677],[26.90741,60.41675],[26.92933,60.42991],[26.91002,60.43392],[26.92262,60.43398],[26.90492,60.44962],[26.9163,60.45584],[26.88032,60.46839],[26.87081,60.45136],[26.85748,60.45992],[26.86758,60.44996],[26.84288,60.44714]],[[26.84116,60.45511],[26.84043,60.45099],[26.85672,60.45018],[26.84116,60.45511]],[[26.74606,60.3665],[26.77039,60.34575],[26.78846,60.34664],[26.78339,60.36027],[26.74606,60.3665]],[[26.75125,60.46951],[26.76806,60.45792],[26.78276,60.4593],[26.76092,60.4727],[26.75125,60.46951]],[[26.60135,60.36831],[26.59741,60.35565],[26.61827,60.36497],[26.60135,60.36831]],[[26.5781,60.3773],[26.58588,60.36675],[26.58815,60.37233],[26.5781,60.3773]],[[26.50555,60.42177],[26.52556,60.39074],[26.51482,60.38718],[26.55046,60.37529],[26.55029,60.40117],[26.66034,60.41689],[26.65042,60.43461],[26.57578,60.44751],[26.58714,60.42439],[26.55779,60.42094],[26.55165,60.40542],[26.50555,60.42177]],[[26.42386,60.35534],[26.4338,60.34531],[26.43585,60.36215],[26.42386,60.35534]],[[26.33797,60.37174],[26.34965,60.36208],[26.36386,60.36374],[26.35081,60.37371],[26.33797,60.37174]],[[26.2611,60.32394],[26.27387,60.31568],[26.29192,60.31223],[26.27305,60.32058],[26.2611,60.32394]],[[26.26255,60.35708],[26.30351,60.33473],[26.31009,60.34345],[26.26255,60.35708]],[[26.16671,60.34912],[26.20128,60.31676],[26.24992,60.31986],[26.21378,60.34129],[26.16671,60.34912]],[[26.10651,60.34521],[26.12237,60.33881],[26.12769,60.3611],[26.11659,60.35649],[26.10651,60.34521]],[[26.08543,60.38905],[26.10765,60.38836],[26.11301,60.37219],[26.12074,60.38858],[26.09536,60.39596],[26.08543,60.38905]],[[25.96763,60.47041],[25.9827,60.46261],[25.98219,60.47357],[25.96763,60.47041]],[[26.04131,60.29953],[26.04537,60.28712],[26.11672,60.28064],[26.10687,60.26873],[26.14229,60.27971],[26.11374,60.29171],[26.14678,60.29027],[26.12898,60.30958],[26.09884,60.30176],[26.11284,60.29637],[26.0926,60.29905],[26.10967,60.29297],[26.09122,60.2872],[26.04131,60.29953]],[[25.9258,60.23482],[25.94256,60.23739],[25.93917,60.23916],[25.9258,60.23482]],[[25.93007,60.35301],[25.96258,60.30109],[25.93234,60.30274],[25.93702,60.2711],[25.99624,60.26566],[26.00473,60.27573],[25.98373,60.27855],[25.99773,60.28607],[26.03806,60.2837],[25.99094,60.29283],[26.01265,60.30937],[25.99398,60.33106],[25.93007,60.35301]],[[25.89413,60.22629],[25.91088,60.22221],[25.95015,60.21566],[25.91782,60.22554],[25.93546,60.22862],[25.90826,60.23578],[25.89413,60.22629]],[[25.84697,60.26549],[25.84649,60.25009],[25.86327,60.24903],[25.85394,60.25768],[25.84697,60.26549]],[[25.89925,60.20003],[25.92257,60.19883],[25.94115,60.19859],[25.92078,60.20275],[25.89925,60.20003]],[[25.80065,60.19694],[25.89618,60.20404],[25.91711,60.21226],[25.89165,60.22665],[25.83113,60.22993],[25.80065,60.19694]],[[25.65142,60.21781],[25.67054,60.21421],[25.69135,60.2114],[25.67629,60.22965],[25.65142,60.21781]],[[25.55355,60.22715],[25.55512,60.22307],[25.56631,60.22372],[25.55355,60.22715]],[[25.5233,60.20646],[25.5376,60.20629],[25.52523,60.19191],[25.54874,60.19276],[25.53999,60.20391],[25.55121,60.21006],[25.5233,60.20646]],[[25.574,60.30187],[25.56961,60.27162],[25.5878,60.26716],[25.5759,60.25478],[25.61562,60.23523],[25.64473,60.24451],[25.60092,60.22811],[25.62592,60.20224],[25.64429,60.21215],[25.63168,60.21275],[25.63743,60.22786],[25.68027,60.24117],[25.67303,60.2599],[25.61767,60.28232],[25.60265,60.31636],[25.574,60.30187]],[[25.52013,60.24792],[25.51408,60.23725],[25.53948,60.23467],[25.53763,60.25367],[25.52013,60.24792]],[[25.49203,60.20973],[25.50191,60.20462],[25.50969,60.21296],[25.49203,60.20973]],[[25.41139,60.16765],[25.41622,60.15673],[25.44284,60.1673],[25.41139,60.16765]],[[25.32208,60.17217],[25.34162,60.16725],[25.35673,60.16874],[25.34078,60.17499],[25.32208,60.17217]],[[25.30043,60.24787],[25.30746,60.23929],[25.35653,60.23042],[25.36608,60.23788],[25.30043,60.24787]],[[25.30259,60.2289],[25.30835,60.22027],[25.31969,60.2282],[25.30259,60.2289]],[[25.27672,60.23854],[25.28675,60.22506],[25.30576,60.23185],[25.28746,60.23793],[25.27672,60.23854]],[[25.10671,60.1574],[25.11425,60.15234],[25.14784,60.15911],[25.10671,60.1574]],[[25.06681,60.1857],[25.07808,60.1794],[25.07882,60.18907],[25.06681,60.1857]],[[24.83538,60.16383],[24.88499,60.14443],[24.89477,60.16167],[24.86105,60.1711],[24.83538,60.16383]],[[24.84313,60.18099],[24.85186,60.17384],[24.86759,60.18501],[24.84313,60.18099]],[[24.47683,59.99039],[24.49336,59.98457],[24.49555,59.99341],[24.47683,59.99039]],[[24.35915,59.94605],[24.37243,59.94601],[24.37971,59.95664],[24.36646,59.95605],[24.35915,59.94605]],[[24.34036,59.99027],[24.36989,59.99759],[24.37955,60.00441],[24.36724,60.00435],[24.34036,59.99027]],[[24.29655,60.03638],[24.30941,60.03799],[24.29892,60.04028],[24.29655,60.03638]],[[24.19332,59.99615],[24.2057,59.99408],[24.206,59.99703],[24.19332,59.99615]],[[24.15139,59.98354],[24.16218,59.97947],[24.17964,59.98651],[24.16536,59.98469],[24.15139,59.98354]],[[24.13616,60.00429],[24.13274,59.99728],[24.14907,60.00487],[24.13616,60.00429]],[[23.97385,60.01625],[23.99826,60.00649],[24.00104,60.01804],[23.97385,60.01625]],[[23.96013,59.93571],[23.984,59.92749],[24.0015,59.93226],[23.98211,59.9365],[23.96013,59.93571]],[[23.97361,59.97611],[23.9859,59.96993],[23.98901,59.97487],[23.97361,59.97611]],[[23.76401,59.94652],[23.77672,59.94587],[23.7723,59.95372],[23.76401,59.94652]],[[23.74763,59.93946],[23.74548,59.92644],[23.76806,59.92276],[23.8114,59.95028],[23.74763,59.93946]],[[23.67572,59.87624],[23.69177,59.88076],[23.69837,59.88969],[23.68738,59.88464],[23.67572,59.87624]],[[23.66337,59.87235],[23.67435,59.87364],[23.67392,59.87606],[23.66337,59.87235]],[[23.66905,59.89427],[23.6863,59.89944],[23.69655,59.9067],[23.6855,59.90385],[23.66905,59.89427]],[[23.55469,59.82701],[23.56444,59.82001],[23.58233,59.82337],[23.57553,59.832],[23.55469,59.82701]],[[23.5571,59.85248],[23.57166,59.85298],[23.56827,59.8565],[23.5571,59.85248]],[[23.48434,59.85276],[23.49883,59.84741],[23.51021,59.85281],[23.49939,59.85479],[23.48434,59.85276]],[[23.46735,59.85395],[23.46729,59.85202],[23.47796,59.85258],[23.46735,59.85395]],[[23.4038,59.8893],[23.41599,59.88687],[23.44429,59.89291],[23.41424,59.89217],[23.4038,59.8893]],[[23.37435,59.85136],[23.38529,59.84789],[23.38614,59.85177],[23.37435,59.85136]],[[23.33652,59.90115],[23.38463,59.89216],[23.39941,59.90215],[23.35961,59.90977],[23.33652,59.90115]],[[23.28335,59.88572],[23.31389,59.88095],[23.32879,59.88855],[23.29134,59.89284],[23.28335,59.88572]],[[23.25702,59.892],[23.27586,59.89314],[23.27213,59.89708],[23.25702,59.892]],[[22.93638,59.77691],[22.94306,59.76562],[22.95363,59.77291],[22.93638,59.77691]],[[22.90519,59.79697],[22.91621,59.79143],[22.91797,59.79642],[22.90519,59.79697]],[[22.89876,59.78596],[22.91004,59.78632],[22.90851,59.78975],[22.89876,59.78596]],[[23.07479,59.91658],[23.07533,59.90549],[23.14216,59.89294],[23.10743,59.9217],[23.11348,59.93238],[23.0921,59.93185],[23.1042,59.91675],[23.07479,59.91658]],[[22.98492,59.91378],[22.99176,59.90937],[23.00718,59.912],[22.98492,59.91378]],[[22.94305,59.89931],[22.95318,59.89103],[22.98263,59.88663],[22.97549,59.90241],[22.94305,59.89931]],[[22.96484,60.31274],[22.97844,60.3073],[22.97906,60.31335],[22.96484,60.31274]],[[22.90699,60.01904],[22.92857,60.00346],[22.97567,60.03503],[22.96366,60.05102],[22.90699,60.01904]],[[22.84805,60.05539],[22.89011,60.04671],[22.88195,60.03497],[22.85156,60.04241],[22.86293,60.01054],[22.88568,60.00808],[22.87753,60.01855],[22.89714,60.02613],[22.88253,60.03201],[22.91709,60.0428],[22.90596,60.05181],[22.92408,60.05495],[22.9089,60.06304],[22.9344,60.06741],[22.90822,60.07215],[22.84805,60.05539]],[[22.85467,60.07865],[22.87025,60.07095],[22.88151,60.07865],[22.85467,60.07865]],[[22.83778,60.0813],[22.95798,60.08482],[22.97304,60.0985],[22.96498,60.11852],[22.92642,60.12497],[22.88934,60.11918],[22.85772,60.09968],[22.86873,60.08441],[22.83778,60.0813]],[[22.75261,59.92743],[22.76849,59.92797],[22.75602,59.93371],[22.75261,59.92743]],[[22.80087,60.05098],[22.81433,60.03058],[22.81459,60.05014],[22.80087,60.05098]],[[22.79255,60.06614],[22.80791,60.0617],[22.83492,60.06388],[22.81622,60.07328],[22.79255,60.06614]],[[22.71524,59.93798],[22.726,59.93454],[22.72731,59.93966],[22.71524,59.93798]],[[22.7176,60.0106],[22.71625,59.99765],[22.74451,60.00465],[22.7176,60.0106]],[[22.64877,60.01329],[22.66137,59.99337],[22.68017,59.99539],[22.68043,60.02557],[22.65856,60.02851],[22.66708,60.01913],[22.64877,60.01329]],[[22.61858,60.01313],[22.62158,60.00235],[22.64091,60.00901],[22.61858,60.01313]],[[22.5788,59.90761],[22.59614,59.90067],[22.62033,59.90644],[22.59546,59.90785],[22.5788,59.90761]],[[22.60126,59.9965],[22.60917,59.96535],[22.58617,59.95977],[22.62174,59.94169],[22.67134,59.94141],[22.62485,59.94915],[22.65699,59.94775],[22.62253,59.9549],[22.6492,59.96304],[22.63256,59.99125],[22.60126,59.9965]],[[22.52622,59.99969],[22.52868,59.99529],[22.55271,59.99657],[22.52622,59.99969]],[[22.53137,59.90441],[22.5456,59.89522],[22.56549,59.90474],[22.546,59.9109],[22.53137,59.90441]],[[22.5,59.9548],[22.48699,59.91856],[22.51145,59.91777],[22.52134,59.93677],[22.5,59.9548]],[[22.5,59.98856],[22.50153,59.96055],[22.52212,59.95832],[22.53873,59.94688],[22.58903,59.96716],[22.5557,59.96734],[22.58739,59.97652],[22.56512,59.98675],[22.5,59.98856]],[[22.41857,60.00209],[22.40706,59.97825],[22.44077,59.99371],[22.41857,60.00209]],[[22.40886,59.84086],[22.41603,59.83186],[22.44165,59.82475],[22.42601,59.8398],[22.40886,59.84086]],[[22.37419,59.83327],[22.37724,59.8058],[22.42549,59.81071],[22.37419,59.83327]],[[22.37763,59.86297],[22.39063,59.85231],[22.37186,59.84738],[22.47693,59.84472],[22.46991,59.86213],[22.51865,59.85452],[22.49512,59.86262],[22.5166,59.87761],[22.49521,59.87984],[22.53257,59.89018],[22.52403,59.90255],[22.47708,59.88996],[22.48059,59.8721],[22.4144,59.86481],[22.41206,59.85353],[22.37763,59.86297]],[[22.36932,59.88156],[22.3877,59.87457],[22.38487,59.88363],[22.36932,59.88156]],[[22.37018,59.90123],[22.36998,59.8899],[22.39975,59.90107],[22.37018,59.90123]],[[22.34965,59.90627],[22.36383,59.90436],[22.39966,59.90517],[22.37451,59.92497],[22.34965,59.90627]],[[22.30823,59.80079],[22.32432,59.80752],[22.34208,59.80698],[22.32533,59.82492],[22.30823,59.80079]],[[22.30928,59.85628],[22.33601,59.85538],[22.31348,59.85415],[22.33864,59.84481],[22.33867,59.85936],[22.31527,59.86583],[22.30928,59.85628]],[[22.34428,59.92763],[22.36042,59.91889],[22.38133,59.94141],[22.35762,59.93387],[22.34428,59.92763]],[[22.34397,59.9927],[22.33671,59.96666],[22.34948,59.96493],[22.32974,59.94859],[22.3423,59.93217],[22.37327,59.9493],[22.37097,59.96538],[22.35249,59.96448],[22.37495,59.99112],[22.36394,59.99881],[22.34397,59.9927]],[[22.35143,60.03052],[22.34921,60.01179],[22.3609,60.02198],[22.35143,60.03052]],[[22.40334,60.12918],[22.42021,60.12531],[22.40539,60.13095],[22.40334,60.12918]],[[22.46849,60.24958],[22.48322,60.24821],[22.47157,60.25339],[22.46849,60.24958]],[[22.43188,60.3577],[22.5,60.35519],[22.53549,60.37734],[22.45065,60.37237],[22.44094,60.36693],[22.45776,60.36488],[22.43188,60.3577]],[[22.42183,60.36565],[22.42084,60.36043],[22.43516,60.36381],[22.42183,60.36565]],[[22.31675,60.38299],[22.313,60.364],[22.3482,60.36502],[22.45252,60.38179],[22.46845,60.38968],[22.45825,60.39516],[22.48111,60.40282],[22.46822,60.40817],[22.31675,60.38299]],[[22.14641,60.40614],[22.17587,60.40881],[22.15854,60.39189],[22.19444,60.38648],[22.27902,60.39112],[22.21925,60.43271],[22.14641,60.40614]],[[22.37359,60.12277],[22.39215,60.1118],[22.391,60.12621],[22.37359,60.12277]],[[22.22389,59.83275],[22.23419,59.83644],[22.23313,59.83769],[22.22389,59.83275]],[[22.2733,59.9524],[22.28965,59.95247],[22.30707,59.95644],[22.28977,59.96452],[22.2733,59.9524]],[[22.375,60.22077],[22.39329,60.22415],[22.38587,60.23006],[22.375,60.22077]],[[22.36793,60.23623],[22.37977,60.23219],[22.39305,60.23645],[22.38105,60.23978],[22.36793,60.23623]],[[22.30971,60.20775],[22.3634,60.22682],[22.32907,60.22756],[22.30971,60.20775]],[[22.18468,59.85171],[22.21492,59.85223],[22.20222,59.85464],[22.20974,59.86349],[22.18468,59.85171]],[[22.15974,59.84107],[22.17272,59.83995],[22.17537,59.84308],[22.15974,59.84107]],[[22.17194,59.86812],[22.18566,59.86644],[22.21644,59.87248],[22.18587,59.87779],[22.17194,59.86812]],[[22.30017,60.14157],[22.31841,60.12586],[22.32861,60.13835],[22.30017,60.14157]],[[22.28799,60.16588],[22.3062,60.15358],[22.28475,60.14763],[22.33822,60.14808],[22.33927,60.16471],[22.32054,60.16147],[22.36481,60.16945],[22.39188,60.20868],[22.30943,60.193],[22.2937,60.17567],[22.31034,60.17588],[22.28799,60.16588]],[[22.11478,59.85464],[22.12743,59.84006],[22.13522,59.85247],[22.11478,59.85464]],[[22.11911,59.86454],[22.13816,59.86049],[22.15985,59.85703],[22.14095,59.8628],[22.11911,59.86454]],[[22.25123,60.15555],[22.24717,60.1382],[22.27951,60.1395],[22.27573,60.16231],[22.25123,60.15555]],[[22.12344,59.90456],[22.13433,59.90461],[22.13321,59.90834],[22.12344,59.90456]],[[22.21103,60.13369],[22.23352,60.13704],[22.24489,60.14308],[22.2201,60.14306],[22.21103,60.13369]],[[22.1749,60.1682],[22.25014,60.16579],[22.26707,60.17522],[22.24494,60.18054],[22.1749,60.1682]],[[22.03187,59.84456],[22.04346,59.84568],[22.04665,59.85333],[22.03187,59.84456]],[[22.1493,60.14813],[22.16594,60.14549],[22.19372,60.15524],[22.1714,60.15322],[22.1493,60.14813]],[[22.11398,60.2343],[22.18165,60.24128],[22.17348,60.21944],[22.20771,60.21589],[22.16745,60.20706],[22.21805,60.18794],[22.29945,60.21362],[22.3274,60.23571],[22.31937,60.25058],[22.33132,60.23724],[22.42107,60.24975],[22.41781,60.27201],[22.46888,60.29677],[22.47373,60.31349],[22.42478,60.30273],[22.52303,60.34365],[22.40899,60.35856],[22.42436,60.37465],[22.33157,60.36048],[22.34262,60.35234],[22.31968,60.35039],[22.30633,60.32798],[22.39342,60.32803],[22.35352,60.29486],[22.42448,60.30273],[22.36463,60.29381],[22.35866,60.27187],[22.31041,60.26477],[22.30819,60.27119],[22.29106,60.27172],[22.23267,60.24791],[22.11398,60.2343]],[[22.10143,60.32477],[22.11628,60.31633],[22.08809,60.28549],[22.10465,60.27521],[22.19231,60.26953],[22.20009,60.29289],[22.16809,60.30236],[22.22843,60.29725],[22.1984,60.28493],[22.20919,60.27993],[22.20619,60.25896],[22.1168,60.26782],[22.10335,60.25259],[22.23767,60.25134],[22.22541,60.26682],[22.26717,60.2674],[22.30014,60.29648],[22.33191,60.2943],[22.31943,60.28893],[22.33055,60.28188],[22.35944,60.28955],[22.34858,60.29646],[22.36385,60.3175],[22.29568,60.31364],[22.26433,60.33142],[22.10143,60.32477]],[[22.04154,60.22535],[22.05956,60.22693],[22.04366,60.2295],[22.04154,60.22535]],[[22.04788,60.24801],[22.05931,60.2311],[22.07513,60.22827],[22.08765,60.24796],[22.04788,60.24801]],[[22.09922,60.34999],[22.16263,60.36305],[22.14688,60.35119],[22.19309,60.34099],[22.30734,60.35982],[22.30128,60.37382],[22.25687,60.38748],[22.23745,60.37938],[22.26564,60.37613],[22.18277,60.3657],[22.2282,60.38195],[22.12479,60.38076],[22.09922,60.34999]],[[22.02289,60.40561],[22.04565,60.39812],[22.06889,60.40496],[22.04782,60.41782],[22.02289,60.40561]],[[21.92326,60.48553],[21.94016,60.44712],[21.98389,60.4382],[21.99157,60.42303],[22.05414,60.42472],[22.06843,60.44565],[22.02747,60.44293],[22.0277,60.45885],[21.92326,60.48553]],[[21.79769,60.4638],[21.80917,60.46324],[21.81371,60.47642],[21.8088,60.47557],[21.79769,60.4638]],[[21.91984,60.3217],[22.00499,60.30781],[22.03891,60.32396],[21.99959,60.33669],[21.91984,60.3217]],[[21.86917,60.32606],[21.88394,60.3205],[21.91208,60.32395],[21.86917,60.32606]],[[21.95029,60.2387],[21.96617,60.23867],[21.96042,60.24932],[21.95029,60.2387]],[[21.96916,60.2835],[22.00212,60.28748],[22.01239,60.29763],[22.00236,60.29967],[21.96916,60.2835]],[[22.10679,60.14616],[22.12816,60.13808],[22.13377,60.151],[22.10679,60.14616]],[[22.09182,60.17137],[22.13321,60.17578],[22.14946,60.19608],[22.09182,60.17137]],[[21.95964,59.86961],[21.96231,59.85742],[21.98382,59.86066],[21.97226,59.86672],[21.95964,59.86961]],[[22.0738,60.13639],[22.09371,60.1293],[22.09947,60.13468],[22.0738,60.13639]],[[22.06751,60.18332],[22.07701,60.17161],[22.1042,60.17934],[22.06751,60.18332]],[[22.01388,60.07987],[22.02915,60.08052],[22.01642,60.08339],[22.01388,60.07987]],[[21.98068,60.13489],[22.0296,60.13933],[22.00648,60.14584],[21.98068,60.13489]],[[21.93227,60.14104],[21.95087,60.14059],[21.9539,60.14928],[21.93227,60.14104]],[[21.93759,60.16742],[21.99112,60.14541],[21.98091,60.16642],[21.99783,60.16475],[21.99924,60.14756],[22.06853,60.16516],[22.06538,60.17987],[22.0365,60.18813],[22.10513,60.19771],[22.10153,60.21423],[22.08413,60.20704],[22.09335,60.21901],[21.95634,60.19414],[21.97034,60.19037],[21.93759,60.16742]],[[21.93572,60.22217],[21.96245,60.22121],[21.99145,60.22033],[21.97126,60.22517],[21.93572,60.22217]],[[21.92494,60.20785],[21.9384,60.20163],[21.9539,60.21313],[21.92494,60.20785]],[[21.89958,60.2362],[21.91355,60.23609],[21.91258,60.23764],[21.89958,60.2362]],[[21.87283,60.30967],[21.89557,60.28697],[21.95846,60.27622],[21.94696,60.27997],[21.98748,60.3068],[21.96215,60.3137],[21.87283,60.30967]],[[21.8575,60.31956],[21.86983,60.31507],[21.87977,60.31708],[21.86928,60.32009],[21.8575,60.31956]],[[21.80778,60.28001],[21.81621,60.27337],[21.82346,60.28183],[21.80778,60.28001]],[[21.81453,60.29585],[21.84651,60.28214],[21.85751,60.29533],[21.83001,60.2981],[21.81453,60.29585]],[[21.75113,60.2561],[21.76805,60.24551],[21.78984,60.25444],[21.77547,60.26182],[21.75113,60.2561]],[[21.89531,59.96916],[21.91851,59.96804],[21.912,59.97864],[21.89531,59.96916]],[[21.78536,59.81671],[21.79688,59.81362],[21.79896,59.81711],[21.78536,59.81671]],[[21.90562,60.11759],[21.91814,60.11502],[22.02014,60.12011],[21.97049,60.13051],[21.974,60.14087],[21.90562,60.11759]],[[21.90852,60.17044],[21.93458,60.16569],[21.93763,60.17985],[21.90852,60.17044]],[[21.83225,60.14042],[21.84422,60.13246],[21.9188,60.15093],[21.8613,60.16031],[21.83225,60.14042]],[[21.78647,60.05426],[21.79688,60.04939],[21.79927,60.05795],[21.78647,60.05426]],[[21.76375,59.88857],[21.76626,59.87882],[21.77953,59.88479],[21.76375,59.88857]],[[21.74426,59.90323],[21.75714,59.90457],[21.79765,59.91811],[21.77127,59.93015],[21.78134,59.91649],[21.75503,59.91539],[21.74426,59.90323]],[[21.73271,59.94628],[21.74785,59.94141],[21.77826,59.95324],[21.7958,59.97592],[21.74569,59.96658],[21.75555,59.95385],[21.73271,59.94628]],[[21.67118,59.90923],[21.68393,59.90151],[21.70034,59.90654],[21.68902,59.91602],[21.67118,59.90923]],[[21.71175,60.10509],[21.75327,60.11147],[21.78809,60.11604],[21.73503,60.11624],[21.71175,60.10509]],[[21.60324,59.88254],[21.60577,59.87458],[21.61391,59.88335],[21.60324,59.88254]],[[21.61528,59.93695],[21.63046,59.93151],[21.647,59.94141],[21.63233,59.93955],[21.61528,59.93695]],[[21.68608,60.12447],[21.69807,60.12041],[21.72983,60.12208],[21.6975,60.12807],[21.68608,60.12447]],[[21.72838,60.36959],[21.78386,60.37075],[21.78601,60.38176],[21.72838,60.36959]],[[21.7503,60.43881],[21.75925,60.42854],[21.77281,60.42847],[21.76275,60.43891],[21.7503,60.43881]],[[21.72765,60.45249],[21.73782,60.45034],[21.73792,60.45373],[21.72765,60.45249]],[[21.68611,60.45409],[21.70024,60.45265],[21.6907,60.46179],[21.68611,60.45409]],[[21.67883,60.4149],[21.67659,60.40082],[21.69234,60.39173],[21.6899,60.40375],[21.67883,60.4149]],[[21.64505,60.3751],[21.66618,60.37173],[21.70239,60.3622],[21.65292,60.38305],[21.64505,60.3751]],[[21.70348,60.29617],[21.71826,60.29134],[21.73714,60.29344],[21.72104,60.30178],[21.70348,60.29617]],[[21.6821,60.25905],[21.71389,60.25893],[21.71243,60.26321],[21.6821,60.25905]],[[21.68793,60.27502],[21.69433,60.26997],[21.70932,60.27556],[21.68793,60.27502]],[[21.65029,60.33442],[21.68965,60.32422],[21.72463,60.32477],[21.67147,60.34163],[21.65029,60.33442]],[[21.64062,60.22441],[21.65525,60.2234],[21.6556,60.22565],[21.64062,60.22441]],[[21.61256,60.28503],[21.64395,60.28033],[21.68539,60.28241],[21.64307,60.29925],[21.61256,60.28503]],[[21.63711,60.36174],[21.66474,60.34481],[21.71665,60.34029],[21.68342,60.35356],[21.6919,60.35975],[21.63711,60.36174]],[[21.68043,60.45129],[21.67976,60.43899],[21.69737,60.43925],[21.68995,60.41865],[21.70762,60.40571],[21.72464,60.41384],[21.70585,60.4461],[21.68043,60.45129]],[[21.72052,60.55588],[21.74478,60.556],[21.75214,60.57218],[21.73837,60.57794],[21.72052,60.55588]],[[21.59881,60.20137],[21.63585,60.18467],[21.66688,60.19042],[21.64167,60.2005],[21.59881,60.20137]],[[21.55521,60.22504],[21.60847,60.22271],[21.60046,60.23597],[21.63166,60.23942],[21.63813,60.25554],[21.58664,60.25348],[21.61763,60.26162],[21.58382,60.27347],[21.55521,60.22504]],[[21.72265,60.58334],[21.75183,60.5737],[21.7632,60.5881],[21.72265,60.58334]],[[21.67203,60.5169],[21.66074,60.49345],[21.68973,60.50984],[21.67203,60.5169]],[[21.64272,60.47809],[21.64893,60.45522],[21.66805,60.46363],[21.66783,60.47837],[21.64272,60.47809]],[[21.6038,60.43569],[21.61379,60.41413],[21.59866,60.41527],[21.60326,60.40498],[21.62841,60.41664],[21.62283,60.43126],[21.64396,60.42624],[21.6348,60.45896],[21.6038,60.43569]],[[21.61866,60.49186],[21.61348,60.48113],[21.62833,60.48197],[21.61866,60.49186]],[[21.60047,59.9798],[21.61716,59.98056],[21.61938,59.98866],[21.60047,59.9798]],[[21.61923,60.10356],[21.6609,60.09581],[21.69151,60.1006],[21.66579,60.1081],[21.61923,60.10356]],[[21.6055,60.10612],[21.65175,60.10678],[21.61869,60.1097],[21.6055,60.10612]],[[21.49448,60.04585],[21.4924,60.03465],[21.50112,60.04317],[21.49448,60.04585]],[[21.48114,60.15305],[21.49431,60.14729],[21.49933,60.15929],[21.48114,60.15305]],[[21.47198,60.162],[21.50324,60.16611],[21.514,60.18435],[21.48916,60.18432],[21.47198,60.162]],[[21.46283,60.10879],[21.49858,60.10403],[21.51821,60.10922],[21.49328,60.11786],[21.46283,60.10879]],[[21.44731,60.13992],[21.46062,60.13304],[21.4853,60.14252],[21.46772,60.14543],[21.44731,60.13992]],[[21.52183,60.29371],[21.5378,60.2825],[21.56706,60.27713],[21.5536,60.28592],[21.58252,60.29055],[21.56831,60.30344],[21.52183,60.29371]],[[21.57064,60.41425],[21.59033,60.40768],[21.58444,60.42063],[21.57064,60.41425]],[[21.47012,60.25613],[21.48294,60.25173],[21.48716,60.25966],[21.47012,60.25613]],[[21.45912,60.24449],[21.47806,60.24484],[21.47099,60.25019],[21.45912,60.24449]],[[21.54644,60.44451],[21.55948,60.43509],[21.57081,60.43365],[21.56094,60.44003],[21.54644,60.44451]],[[21.46709,60.38606],[21.48132,60.36956],[21.49544,60.38457],[21.46709,60.38606]],[[21.52445,60.54919],[21.54511,60.52856],[21.55917,60.53202],[21.53927,60.55669],[21.52445,60.54919]],[[21.51436,60.5604],[21.53073,60.55789],[21.52493,60.56536],[21.51436,60.5604]],[[21.39656,60.65204],[21.39312,60.64501],[21.40869,60.64743],[21.39656,60.65204]],[[21.31903,60.70137],[21.33662,60.69998],[21.33125,60.70586],[21.31903,60.70137]],[[21.32612,60.72399],[21.34218,60.72635],[21.34113,60.73392],[21.32612,60.72399]],[[21.32512,60.76186],[21.33635,60.75771],[21.3412,60.74445],[21.37779,60.75129],[21.3423,60.76816],[21.32512,60.76186]],[[21.33562,60.78991],[21.34842,60.78781],[21.35423,60.7972],[21.33562,60.78991]],[[21.25615,60.93612],[21.27492,60.9384],[21.26706,60.94215],[21.25615,60.93612]],[[21.32467,61.13844],[21.33445,61.13435],[21.3349,61.13522],[21.32467,61.13844]],[[21.4067,61.21391],[21.42995,61.19598],[21.45498,61.2012],[21.4067,61.21391]],[[21.40652,61.23463],[21.4175,61.2327],[21.42798,61.23304],[21.41717,61.2366],[21.40652,61.23463]],[[21.46383,61.34778],[21.50816,61.34008],[21.49871,61.35279],[21.46383,61.34778]],[[21.46575,61.35935],[21.46543,61.35649],[21.47726,61.356],[21.46575,61.35935]],[[21.38783,61.26057],[21.38605,61.25503],[21.40191,61.25589],[21.38783,61.26057]],[[21.45149,61.40653],[21.47216,61.39137],[21.50158,61.39486],[21.45149,61.40653]],[[21.30763,60.81555],[21.34509,60.81677],[21.33175,60.82902],[21.30763,60.81555]],[[21.50086,60.49155],[21.51128,60.48723],[21.51185,60.49409],[21.50086,60.49155]],[[21.37843,60.2798],[21.38697,60.27076],[21.44663,60.2702],[21.4457,60.29129],[21.37843,60.2798]],[[21.40046,60.41288],[21.41361,60.41434],[21.42864,60.39796],[21.44125,60.41552],[21.42249,60.42808],[21.40046,60.41288]],[[21.35436,60.39866],[21.36515,60.38488],[21.40309,60.36609],[21.40506,60.38463],[21.41439,60.39245],[21.36796,60.4061],[21.35436,60.39866]],[[21.35298,60.41511],[21.36721,60.41069],[21.41664,60.43685],[21.37428,60.42821],[21.35298,60.41511]],[[21.35918,60.45018],[21.37956,60.4534],[21.3731,60.45749],[21.35918,60.45018]],[[21.34679,60.50926],[21.39102,60.49439],[21.36357,60.52045],[21.34679,60.50926]],[[21.28659,60.57374],[21.32245,60.55574],[21.32735,60.57504],[21.31654,60.5765],[21.28659,60.57374]],[[21.39662,60.20886],[21.45762,60.21263],[21.4545,60.22559],[21.4737,60.22919],[21.456,60.23196],[21.47253,60.23932],[21.41948,60.23171],[21.44531,60.24358],[21.41675,60.23752],[21.39662,60.20886]],[[21.30089,60.2393],[21.40697,60.24051],[21.42668,60.24791],[21.42152,60.26575],[21.35766,60.26318],[21.36001,60.25088],[21.4166,60.24844],[21.30776,60.24952],[21.31709,60.24295],[21.30089,60.2393]],[[21.30389,60.26507],[21.31822,60.26148],[21.32021,60.27438],[21.30389,60.26507]],[[21.30469,60.34406],[21.31996,60.33415],[21.33743,60.33771],[21.30469,60.34406]],[[21.27583,60.2915],[21.30094,60.28222],[21.30356,60.29139],[21.27583,60.2915]],[[21.29671,59.95857],[21.3217,59.96154],[21.31244,59.96969],[21.29671,59.95857]],[[21.14609,59.77977],[21.1493,59.77579],[21.16236,59.78074],[21.14609,59.77977]],[[21.23025,59.99288],[21.24351,59.98396],[21.25577,59.98394],[21.24777,59.99143],[21.23025,59.99288]],[[21.16646,59.87676],[21.17846,59.87456],[21.17787,59.8759],[21.16646,59.87676]],[[21.29599,60.15347],[21.31368,60.15253],[21.32209,60.16381],[21.30827,60.16926],[21.29599,60.15347]],[[21.25677,60.25223],[21.27696,60.25744],[21.2737,60.2591],[21.25677,60.25223]],[[21.28349,60.3077],[21.30497,60.30051],[21.31166,60.3084],[21.28349,60.3077]],[[21.27862,60.32109],[21.30796,60.32587],[21.28895,60.33336],[21.27862,60.32109]],[[21.07944,59.871],[21.07983,59.86818],[21.09013,59.8724],[21.07944,59.871]],[[21.21387,60.193],[21.25645,60.19077],[21.2389,60.19819],[21.21387,60.193]],[[21.29261,60.37403],[21.31374,60.35858],[21.32049,60.37187],[21.34138,60.36672],[21.33497,60.35227],[21.36392,60.35217],[21.36128,60.36585],[21.3137,60.39447],[21.29261,60.37403]],[[21.21101,60.24538],[21.2174,60.23338],[21.23994,60.25001],[21.21101,60.24538]],[[21.0496,59.94717],[21.04689,59.93789],[21.06588,59.93569],[21.0496,59.94717]],[[21.26189,60.42442],[21.27535,60.42248],[21.26549,60.42968],[21.26189,60.42442]],[[21.03136,59.95103],[21.03039,59.93817],[21.04388,59.94819],[21.03136,59.95103]],[[21.18301,60.32515],[21.18963,60.31989],[21.19724,60.32909],[21.18301,60.32515]],[[21.17898,60.34059],[21.17837,60.32604],[21.19402,60.3345],[21.17898,60.34059]],[[21.18621,60.39274],[21.20068,60.39664],[21.19414,60.40743],[21.18621,60.39274]],[[21.16946,60.36253],[21.17773,60.35354],[21.1873,60.37098],[21.16946,60.36253]],[[21.20266,60.4417],[21.21363,60.41117],[21.19761,60.41127],[21.212,60.39542],[21.23386,60.39889],[21.20266,60.4417]],[[21.06137,60.13962],[21.0715,60.13327],[21.08763,60.13644],[21.07646,60.14784],[21.06137,60.13962]],[[21.13895,60.34249],[21.15673,60.34061],[21.16219,60.35966],[21.13895,60.34249]],[[21.16566,60.4062],[21.16842,60.39154],[21.17867,60.39522],[21.16566,60.4062]],[[21.22912,60.5444],[21.2458,60.53859],[21.23783,60.55079],[21.22912,60.5444]],[[21.23022,60.57288],[21.25936,60.56466],[21.24149,60.56447],[21.25033,60.54382],[21.27255,60.54616],[21.27632,60.5263],[21.24811,60.53656],[21.23711,60.51282],[21.26168,60.50992],[21.30805,60.4856],[21.37074,60.48673],[21.3125,60.51856],[21.32259,60.53834],[21.2975,60.56312],[21.2464,60.58594],[21.23022,60.57288]],[[21.16906,60.44937],[21.17981,60.44384],[21.18529,60.45162],[21.16906,60.44937]],[[21.21791,60.6294],[21.22267,60.61227],[21.23578,60.60879],[21.23503,60.62687],[21.21791,60.6294]],[[21.2691,60.76817],[21.2989,60.76335],[21.28394,60.77414],[21.2691,60.76817]],[[21.19813,60.55038],[21.2097,60.5448],[21.20483,60.55636],[21.19813,60.55038]],[[21.16649,60.58025],[21.16123,60.56193],[21.17642,60.56857],[21.16649,60.58025]],[[21.08055,60.41465],[21.08455,60.40602],[21.09592,60.40613],[21.08055,60.41465]],[[21.16016,60.61377],[21.21209,60.59891],[21.22389,60.58033],[21.235,60.59751],[21.22305,60.60702],[21.16016,60.61377]],[[21.23266,60.77246],[21.24717,60.76971],[21.24604,60.77714],[21.23266,60.77246]],[[21.14507,60.81427],[21.17057,60.80807],[21.15946,60.81728],[21.14507,60.81427]],[[21.08715,60.50262],[21.10123,60.49996],[21.11107,60.49802],[21.10267,60.50994],[21.08715,60.50262]],[[21.04735,60.2726],[21.06149,60.26084],[21.05873,60.27513],[21.04735,60.2726]],[[21.0353,60.30423],[21.06047,60.29166],[21.05144,60.30925],[21.0353,60.30423]],[[20.91065,60.02658],[20.91755,60.02169],[20.92392,60.03254],[20.91065,60.02658]],[[20.99662,60.2239],[21.00409,60.21497],[21.01466,60.23054],[20.99662,60.2239]],[[20.91468,59.85886],[20.93064,59.86068],[20.93433,59.86499],[20.91468,59.85886]],[[20.85458,59.92418],[20.89045,59.90221],[20.93166,59.89899],[20.96005,59.91552],[20.91098,59.91885],[20.9873,59.91545],[21.00441,59.92879],[20.98864,59.93113],[20.99492,59.93925],[20.95488,59.94768],[21.00614,59.94625],[20.97208,59.95328],[20.98652,59.95407],[20.97458,59.96712],[20.91021,59.95536],[20.92965,59.94889],[20.91003,59.94845],[20.92441,59.93679],[20.87351,59.94742],[20.85458,59.92418]],[[21.05222,60.3619],[21.06382,60.34842],[21.05014,60.35048],[21.08492,60.33205],[21.09842,60.34285],[21.06289,60.36875],[21.05222,60.3619]],[[21.05585,60.38192],[21.09137,60.36814],[21.0693,60.39165],[21.05585,60.38192]],[[20.8814,60.02074],[20.88116,60.01632],[20.89141,60.01895],[20.8814,60.02074]],[[21.04359,60.42561],[21.03411,60.40342],[21.05452,60.3958],[21.07164,60.41361],[21.04359,60.42561]],[[21.01282,60.40591],[21.00869,60.38467],[21.02578,60.38303],[21.01618,60.37295],[21.03188,60.38331],[21.03628,60.3963],[21.01282,60.40591]],[[21.01291,60.43871],[21.03437,60.42752],[21.05353,60.44072],[21.01291,60.43871]],[[20.98644,60.37799],[20.99573,60.36943],[21.00201,60.37519],[20.98644,60.37799]],[[21.00722,60.4312],[21.00823,60.42358],[21.01874,60.42491],[21.00722,60.4312]],[[21.035,60.5031],[21.07669,60.48206],[21.05331,60.46512],[21.06339,60.45271],[21.08863,60.4474],[21.1064,60.4761],[21.035,60.5031]],[[21.04459,60.53247],[21.06391,60.51805],[21.10464,60.51881],[21.08254,60.53421],[21.04459,60.53247]],[[21.02719,60.55729],[21.04192,60.54087],[21.06837,60.55852],[21.02719,60.55729]],[[20.95284,60.3179],[20.96833,60.2996],[20.99532,60.30346],[20.98983,60.33225],[20.95284,60.3179]],[[20.97099,60.39607],[20.98824,60.39145],[20.97787,60.40146],[20.97099,60.39607]],[[20.97115,60.4214],[20.99373,60.40601],[20.99845,60.42536],[20.97115,60.4214]],[[21.00539,60.52816],[21.01744,60.52194],[21.028,60.52245],[21.01954,60.53471],[21.00539,60.52816]],[[21.13279,60.79505],[21.16117,60.78189],[21.18059,60.78393],[21.14432,60.80841],[21.13279,60.79505]],[[21.42055,61.3773],[21.42942,61.36451],[21.43893,61.37227],[21.42055,61.3773]],[[20.92904,60.3578],[20.93499,60.34765],[20.94566,60.34299],[20.94415,60.35452],[20.92904,60.3578]],[[20.94515,60.42656],[20.96422,60.42456],[20.95034,60.43727],[20.94515,60.42656]],[[21.35489,61.26885],[21.35551,61.26422],[21.3677,61.26743],[21.35489,61.26885]],[[21.55157,61.62461],[21.57952,61.62076],[21.57005,61.6281],[21.55157,61.62461]],[[21.41519,61.67421],[21.4505,61.66634],[21.47566,61.63895],[21.45796,61.63756],[21.47863,61.62673],[21.44531,61.62388],[21.51796,61.62117],[21.50981,61.62764],[21.53374,61.63391],[21.47552,61.64398],[21.46951,61.66795],[21.41519,61.67421]],[[21.17368,60.99417],[21.18323,60.98735],[21.18496,60.99697],[21.17368,60.99417]],[[20.79099,60.07181],[20.8082,60.06493],[20.82241,60.07098],[20.80818,60.07584],[20.79099,60.07181]],[[20.91658,60.35296],[20.90964,60.33268],[20.9469,60.29999],[20.93817,60.32855],[20.91658,60.35296]],[[20.91724,60.38299],[20.91419,60.36795],[20.9271,60.3734],[20.91724,60.38299]],[[20.83772,60.25546],[20.85591,60.23874],[20.86744,60.25183],[20.85646,60.26626],[20.85527,60.25435],[20.83772,60.25546]],[[20.91988,60.47709],[20.92481,60.45736],[20.94159,60.45453],[20.92621,60.44256],[20.9458,60.43532],[20.95503,60.44828],[20.94326,60.4646],[20.95222,60.48723],[20.9356,60.48826],[20.94018,60.46719],[20.91988,60.47709]],[[20.8678,60.38052],[20.8624,60.36768],[20.87784,60.34835],[20.87478,60.37239],[20.8678,60.38052]],[[21.36018,61.41444],[21.37697,61.40293],[21.38875,61.40728],[21.36018,61.41444]],[[20.8751,60.42847],[20.88458,60.42027],[20.8818,60.43347],[20.8751,60.42847]],[[21.00514,60.7248],[21.01481,60.715],[21.02668,60.72862],[21.00514,60.7248]],[[21.34427,61.4802],[21.34484,61.47012],[21.36716,61.47782],[21.34427,61.4802]],[[20.83628,60.41482],[20.84452,60.40886],[20.85525,60.40378],[20.85136,60.41752],[20.83628,60.41482]],[[21.00281,60.84653],[21.03289,60.83584],[21.01856,60.84971],[21.00281,60.84653]],[[21.37461,61.63028],[21.45934,61.60452],[21.4232,61.62324],[21.44438,61.63111],[21.41362,61.64012],[21.37461,61.63028]],[[20.77402,60.32261],[20.78451,60.31604],[20.78595,60.31964],[20.77402,60.32261]],[[20.82207,60.23201],[20.82191,60.22499],[20.83865,60.22921],[20.82207,60.23201]],[[20.74283,60.0751],[20.75289,60.07284],[20.75344,60.07766],[20.74283,60.0751]],[[20.71447,60.07662],[20.72359,60.06503],[20.73321,60.07341],[20.71447,60.07662]],[[20.7147,60.17285],[20.73839,60.16347],[20.72981,60.17587],[20.7147,60.17285]],[[20.73427,60.26714],[20.78027,60.22531],[20.84134,60.24654],[20.83101,60.27184],[20.79482,60.29166],[20.74863,60.28236],[20.7553,60.2598],[20.73427,60.26714]],[[20.74219,60.30497],[20.73502,60.28446],[20.7636,60.29297],[20.74219,60.30497]],[[20.7321,60.33553],[20.74356,60.31302],[20.78029,60.32782],[20.79468,60.35277],[20.75396,60.36999],[20.76167,60.36023],[20.7321,60.33553]],[[20.76024,60.39591],[20.78742,60.38273],[20.77106,60.41112],[20.76024,60.39591]],[[20.63399,60.14271],[20.66022,60.11504],[20.68915,60.11184],[20.67065,60.14872],[20.63399,60.14271]],[[20.65892,60.20811],[20.67359,60.1963],[20.71302,60.19452],[20.70462,60.22024],[20.67339,60.23452],[20.65892,60.20811]],[[20.75877,60.4252],[20.75854,60.41379],[20.76516,60.4224],[20.75877,60.4252]],[[21.43417,61.84308],[21.46925,61.84056],[21.44561,61.8502],[21.43417,61.84308]],[[20.56447,60.09065],[20.59863,60.08507],[20.60284,60.10381],[20.58758,60.106],[20.56447,60.09065]],[[21.32714,61.8518],[21.33389,61.84292],[21.34277,61.85093],[21.32714,61.8518]],[[20.48276,60.11036],[20.52972,60.08603],[20.60121,60.07746],[20.53886,60.0857],[20.55326,60.09002],[20.53248,60.09417],[20.56615,60.09699],[20.56068,60.1084],[20.48276,60.11036]],[[20.49806,60.14519],[20.51926,60.14963],[20.50685,60.15499],[20.49806,60.14519]],[[20.59825,60.40544],[20.61733,60.39746],[20.59814,60.39644],[20.61017,60.39264],[20.6292,60.40389],[20.6157,60.41969],[20.59825,60.40544]],[[20.49939,60.0727],[20.52876,60.06771],[20.54468,60.07672],[20.49939,60.0727]],[[20.44692,60.08576],[20.46785,60.08181],[20.51715,60.08579],[20.46884,60.09693],[20.44692,60.08576]],[[20.49204,60.29339],[20.50414,60.28103],[20.51759,60.28332],[20.50535,60.30184],[20.49204,60.29339]],[[20.42142,60.29907],[20.4476,60.30901],[20.44882,60.32082],[20.42142,60.29907]],[[20.39551,60.35068],[20.38823,60.33475],[20.41565,60.34481],[20.39551,60.35068]],[[20.37521,60.30725],[20.3815,60.27741],[20.40337,60.27277],[20.40575,60.30464],[20.37521,60.30725]],[[20.38234,60.07419],[20.38689,60.07201],[20.39542,60.07943],[20.38234,60.07419]],[[20.6211,60.03534],[20.62872,60.02778],[20.63866,60.04015],[20.6211,60.03534]],[[20.55794,59.93716],[20.58046,59.93671],[20.57306,59.94141],[20.55794,59.93716]],[[20.49377,60.01702],[20.51207,60.00629],[20.55,60.00762],[20.53941,60.01073],[20.55384,60.02116],[20.58141,60.00852],[20.62736,60.04352],[20.60333,60.04686],[20.61469,60.05013],[20.58913,60.06219],[20.52622,60.0531],[20.53567,60.04412],[20.49377,60.01702]],[[20.46329,59.99005],[20.47774,59.98518],[20.47575,59.99574],[20.46329,59.99005]],[[20.45789,59.98907],[20.45544,59.97873],[20.47891,59.98062],[20.45789,59.98907]],[[20.36581,60.05441],[20.38204,60.05159],[20.36828,60.03572],[20.39766,60.04306],[20.39062,60.05413],[20.36581,60.05441]],[[20.31585,60.0227],[20.33185,60.02202],[20.32629,60.02892],[20.31585,60.0227]],[[20.32835,60.07512],[20.3474,60.0685],[20.35374,60.0863],[20.32835,60.07512]],[[20.28066,59.9807],[20.2975,59.95619],[20.3043,59.96873],[20.33234,59.96598],[20.30781,59.9769],[20.33584,59.98344],[20.32179,59.98984],[20.38592,59.9778],[20.41498,59.98948],[20.395,60.00863],[20.43439,59.98721],[20.45752,59.99842],[20.43103,60.01518],[20.33261,60.01754],[20.32744,60.0],[20.28066,59.9807]],[[20.35806,60.19885],[20.35959,60.18702],[20.37035,60.19517],[20.35806,60.19885]],[[20.29817,60.08854],[20.3055,60.07887],[20.31573,60.09172],[20.29817,60.08854]],[[20.32816,60.16534],[20.35138,60.16504],[20.34836,60.17886],[20.32816,60.16534]],[[20.31881,60.28755],[20.34469,60.27766],[20.34335,60.2581],[20.32121,60.25471],[20.3245,60.23189],[20.38102,60.23861],[20.35355,60.22487],[20.37587,60.22457],[20.36524,60.21897],[20.37351,60.19613],[20.42923,60.24373],[20.37062,60.27734],[20.31881,60.28755]],[[20.30644,60.26914],[20.31058,60.2559],[20.31538,60.27053],[20.30644,60.26914]],[[20.30068,60.2465],[20.29563,60.23466],[20.31115,60.23503],[20.30068,60.2465]],[[20.29713,60.26385],[20.28963,60.24649],[20.30322,60.24929],[20.29713,60.26385]],[[20.28368,60.16168],[20.30412,60.14635],[20.31926,60.15831],[20.28368,60.16168]],[[20.28309,60.17793],[20.2945,60.16953],[20.30126,60.17799],[20.28309,60.17793]],[[20.25014,60.18717],[20.26744,60.18048],[20.28426,60.2013],[20.31893,60.20498],[20.30545,60.21458],[20.31619,60.22629],[20.25014,60.18717]],[[20.24135,60.21089],[20.26206,60.20318],[20.27995,60.22119],[20.24761,60.21912],[20.24135,60.21089]],[[20.29098,60.34664],[20.29958,60.33304],[20.33116,60.34771],[20.37764,60.33528],[20.3865,60.3523],[20.33976,60.35951],[20.33779,60.34712],[20.33631,60.36427],[20.321,60.36545],[20.29098,60.34664]],[[20.29427,60.40733],[20.30414,60.4027],[20.31736,60.41319],[20.30921,60.42084],[20.29427,60.40733]],[[20.2823,60.4099],[20.29867,60.41469],[20.28781,60.42079],[20.2823,60.4099]],[[20.26611,60.39941],[20.29061,60.39223],[20.27723,60.40725],[20.26611,60.39941]],[[21.23321,62.39509],[21.2139,62.34315],[21.23492,62.3536],[21.23576,62.34245],[21.25618,62.35165],[21.25303,62.38392],[21.23321,62.39509]],[[20.25892,60.44229],[20.26532,60.43472],[20.27668,60.43785],[20.26933,60.4487],[20.25892,60.44229]],[[20.21464,60.46203],[20.2173,60.4496],[20.23575,60.46329],[20.21464,60.46203]],[[21.17774,62.41362],[21.19329,62.41762],[21.19688,62.39564],[21.16428,62.36907],[21.19451,62.38492],[21.1887,62.35928],[21.19664,62.37445],[21.21001,62.36311],[21.21711,62.39422],[21.19716,62.38984],[21.21188,62.41197],[21.19321,62.42507],[21.17774,62.41362]],[[20.10671,60.37867],[20.12937,60.37222],[20.13937,60.37615],[20.12329,60.39212],[20.10671,60.37867]],[[20.07399,60.39304],[20.0978,60.38251],[20.12008,60.3986],[20.10006,60.405],[20.07399,60.39304]],[[21.06123,62.58139],[21.05528,62.56281],[21.07099,62.56637],[21.05233,62.53955],[21.09176,62.53058],[21.08546,62.54701],[21.10622,62.55755],[21.09557,62.57006],[21.06123,62.58139]],[[19.97154,60.3941],[19.99032,60.3782],[19.98534,60.39963],[19.97154,60.3941]],[[21.34892,62.94134],[21.38625,62.93098],[21.39284,62.91089],[21.39494,62.93215],[21.41869,62.93176],[21.40204,62.95194],[21.42819,62.9725],[21.40035,62.95705],[21.40768,62.96608],[21.38365,62.96843],[21.34892,62.94134]],[[21.35894,62.96841],[21.37154,62.96503],[21.36871,62.9743],[21.35894,62.96841]],[[21.36448,62.99122],[21.37961,62.98402],[21.38206,62.98559],[21.36448,62.99122]],[[21.32414,62.92633],[21.33211,62.91586],[21.33619,62.91999],[21.32414,62.92633]],[[21.31895,63.00544],[21.39011,62.99183],[21.4422,62.98621],[21.40011,63.00711],[21.41751,63.01107],[21.37727,63.01835],[21.36379,63.01169],[21.37815,63.0013],[21.31895,63.00544]],[[21.71185,63.25391],[21.73019,63.2387],[21.73025,63.25311],[21.71185,63.25391]],[[22.18605,63.3805],[22.18725,63.37522],[22.19816,63.37548],[22.18605,63.3805]],[[22.42983,63.54196],[22.44392,63.5322],[22.43898,63.55123],[22.42983,63.54196]],[[22.42238,63.53012],[22.42011,63.52278],[22.43469,63.51872],[22.42238,63.53012]],[[22.43218,63.58772],[22.42457,63.57006],[22.4596,63.53455],[22.45348,63.54434],[22.47039,63.53947],[22.44167,63.57005],[22.4568,63.57367],[22.43218,63.58772]],[[22.8205,63.6887],[22.82835,63.67122],[22.84001,63.67635],[22.8205,63.6887]],[[22.88003,63.70282],[22.8918,63.70251],[22.89093,63.706],[22.88003,63.70282]],[[22.80331,63.72545],[22.82892,63.71829],[22.85086,63.72562],[22.82823,63.73102],[22.80331,63.72545]],[[22.66765,63.74558],[22.6851,63.75052],[22.67414,63.75474],[22.66765,63.74558]],[[25.41437,65.04187],[25.39533,65.00651],[25.44273,65.0173],[25.41437,65.04187]],[[25.28617,65.09444],[25.3309,65.07496],[25.34938,65.07545],[25.3358,65.0829],[25.35472,65.09912],[25.28617,65.09444]],[[25.13771,65.10055],[25.19587,65.10921],[25.19099,65.09701],[25.25161,65.08121],[25.2357,65.09795],[25.24601,65.10366],[25.15276,65.11436],[25.13771,65.10055]],[[25.20401,65.26593],[25.20658,65.25686],[25.22653,65.26597],[25.20401,65.26593]],[[25.10414,65.13224],[25.11249,65.12486],[25.14553,65.13068],[25.12635,65.14076],[25.10414,65.13224]],[[25.22305,65.30747],[25.2192,65.29915],[25.23893,65.2994],[25.22305,65.30747]],[[24.99607,65.42416],[24.99386,65.41226],[25.01742,65.41047],[25.02377,65.41834],[24.99607,65.42416]],[[24.81672,65.38939],[24.82676,65.37468],[24.85756,65.38605],[24.84125,65.39274],[24.81672,65.38939]],[[24.37629,64.68499],[24.37464,64.68237],[24.39029,64.68513],[24.37629,64.68499]],[[24.54884,65.03956],[24.58285,64.99847],[24.65364,64.95967],[24.75161,64.97905],[24.73375,64.97333],[24.77206,64.94382],[24.7568,64.9345],[24.87918,64.96888],[24.86953,64.98815],[24.88281,64.99865],[24.86538,65.02005],[24.82188,65.03224],[24.82809,65.04801],[25.01196,65.03009],[25.06187,65.0426],[25.02457,65.05855],[24.88575,65.05965],[24.88366,65.07014],[24.90146,65.06902],[24.88542,65.08353],[24.82633,65.0958],[24.64799,65.08266],[24.54884,65.03956]],[[23.59798,64.18531],[23.6663,64.18095],[23.68525,64.17809],[23.64521,64.21915],[23.59798,64.18531]],[[23.51096,64.08284],[23.54219,64.07751],[23.55469,64.06696],[23.55137,64.08248],[23.53519,64.09218],[23.53652,64.07957],[23.51096,64.08284]],[[23.55725,64.19796],[23.5666,64.19058],[23.57389,64.19476],[23.55725,64.19796]],[[23.18906,63.9516],[23.22485,63.93544],[23.20731,63.95224],[23.18906,63.9516]],[[22.75319,63.87748],[22.75102,63.86551],[22.77514,63.86652],[22.75319,63.87748]],[[22.7574,63.88539],[22.7739,63.88181],[22.79882,63.87956],[22.78193,63.89335],[22.7574,63.88539]],[[22.75314,63.91371],[22.75452,63.91161],[22.76807,63.91201],[22.75314,63.91371]],[[22.73959,63.92123],[22.77914,63.91951],[22.76334,63.93032],[22.73959,63.92123]],[[22.63025,63.79409],[22.63277,63.78276],[22.64424,63.7801],[22.63025,63.79409]],[[22.64331,63.75428],[22.65985,63.73903],[22.66189,63.75571],[22.64331,63.75428]],[[22.57417,63.7176],[22.57229,63.71199],[22.58391,63.71483],[22.57417,63.7176]],[[22.58266,63.76388],[22.60752,63.74851],[22.62267,63.76216],[22.65414,63.76825],[22.60403,63.78319],[22.58266,63.76388]],[[22.58673,63.81374],[22.59826,63.79429],[22.63537,63.80395],[22.66256,63.76242],[22.68506,63.77882],[22.66674,63.81042],[22.65355,63.81108],[22.64435,63.83577],[22.64312,63.80586],[22.58673,63.81374]],[[22.55257,63.78104],[22.55393,63.75092],[22.56422,63.78027],[22.55257,63.78104]],[[22.3678,63.59604],[22.37722,63.58661],[22.38298,63.59109],[22.3678,63.59604]],[[22.35853,63.61498],[22.38402,63.59911],[22.40554,63.60662],[22.39604,63.62134],[22.36985,63.62897],[22.35853,63.61498]],[[22.17116,63.42267],[22.18079,63.41765],[22.20216,63.41831],[22.18293,63.42492],[22.17116,63.42267]],[[22.12232,63.46357],[22.13612,63.45345],[22.15015,63.46425],[22.13545,63.46831],[22.12232,63.46357]],[[21.99434,63.27076],[22.01307,63.26813],[22.0202,63.28004],[22.00399,63.27924],[21.99434,63.27076]],[[21.92849,63.29228],[21.95388,63.27977],[21.96099,63.29889],[21.92849,63.29228]],[[21.94196,63.33538],[22.04811,63.34749],[22.09597,63.36591],[22.07814,63.3796],[22.10262,63.37818],[22.09429,63.38955],[22.03023,63.38287],[22.01128,63.39698],[21.94196,63.33538]],[[21.86932,63.29543],[21.8792,63.28728],[21.89459,63.28726],[21.89142,63.30245],[21.86932,63.29543]],[[21.79589,63.2932],[21.82315,63.29835],[21.80557,63.30565],[21.79589,63.2932]],[[21.79196,63.423],[21.78528,63.40443],[21.8103,63.4198],[21.79196,63.423]],[[21.77897,63.43016],[21.77818,63.42413],[21.78995,63.42679],[21.77897,63.43016]],[[21.7733,63.45867],[21.7906,63.45195],[21.77391,63.44396],[21.79072,63.44445],[21.77959,63.43253],[21.82777,63.43112],[21.81708,63.45344],[21.7733,63.45867]],[[21.73533,63.46771],[21.73636,63.46351],[21.75012,63.46617],[21.73533,63.46771]],[[21.71031,63.4106],[21.72598,63.41151],[21.72628,63.41286],[21.71031,63.4106]],[[21.7036,63.44351],[21.73049,63.4453],[21.69979,63.43145],[21.73882,63.42717],[21.75696,63.43074],[21.74619,63.44081],[21.76333,63.44334],[21.74328,63.45048],[21.7521,63.45604],[21.72632,63.45981],[21.7036,63.44351]],[[21.68714,63.41632],[21.69726,63.41246],[21.69974,63.41603],[21.68714,63.41632]],[[21.64892,63.39802],[21.662,63.3916],[21.65108,63.3834],[21.69088,63.38749],[21.69782,63.39867],[21.64892,63.39802]],[[21.49727,63.13375],[21.51449,63.12925],[21.52777,63.13185],[21.50627,63.14177],[21.49727,63.13375]],[[21.47227,63.13437],[21.47267,63.12303],[21.48148,63.12792],[21.47227,63.13437]],[[21.47645,63.15638],[21.53441,63.1328],[21.54605,63.13254],[21.53967,63.14196],[21.48473,63.16528],[21.47645,63.15638]],[[21.4542,63.08987],[21.45932,63.07246],[21.46315,63.08002],[21.4542,63.08987]],[[21.45091,63.11402],[21.45375,63.11152],[21.4646,63.11538],[21.45091,63.11402]],[[21.23085,63.33143],[21.28079,63.3322],[21.27838,63.31098],[21.29031,63.30839],[21.3495,63.32046],[21.3343,63.29046],[21.40115,63.3172],[21.3941,63.3346],[21.43158,63.35368],[21.39892,63.36482],[21.42355,63.36728],[21.24717,63.36013],[21.25365,63.3391],[21.23085,63.33143]],[[21.1836,63.37756],[21.18614,63.36416],[21.2423,63.36122],[21.2634,63.39435],[21.24024,63.3977],[21.1836,63.37756]],[[21.15365,63.35533],[21.15161,63.35111],[21.16688,63.35392],[21.15365,63.35533]],[[21.37602,63.09215],[21.39462,63.09377],[21.38469,63.09887],[21.37602,63.09215]],[[21.43437,63.20006],[21.44625,63.19616],[21.44713,63.20211],[21.43437,63.20006]],[[21.35127,63.05317],[21.39574,63.0504],[21.3711,63.05735],[21.38481,63.06628],[21.35127,63.05317]],[[21.38034,63.17127],[21.39446,63.15483],[21.41206,63.15892],[21.38817,63.16532],[21.40867,63.18061],[21.38034,63.17127]],[[21.30446,63.09164],[21.32091,63.08942],[21.32236,63.09634],[21.30446,63.09164]],[[21.2456,63.00793],[21.25668,62.99751],[21.26417,63.00534],[21.2456,63.00793]],[[21.16103,63.01349],[21.23037,62.99595],[21.2333,62.98428],[21.25379,62.98919],[21.22712,63.00127],[21.24113,63.0141],[21.20782,63.0174],[21.19036,63.02933],[21.18955,63.01676],[21.16103,63.01349]],[[21.17867,62.92866],[21.17007,62.91071],[21.24019,62.86611],[21.23063,62.90509],[21.2436,62.9051],[21.22148,62.91526],[21.23037,62.89666],[21.20003,62.91454],[21.20111,62.9313],[21.18492,62.9336],[21.19147,62.92255],[21.17867,62.92866]],[[21.06658,62.67137],[21.07343,62.65742],[21.08814,62.66926],[21.07767,62.6703],[21.06658,62.67137]],[[21.05926,62.74582],[21.05112,62.71618],[21.07946,62.70381],[21.09642,62.72319],[21.05926,62.74582]],[[21.08622,62.9183],[21.0982,62.91714],[21.09824,62.92745],[21.08622,62.9183]],[[21.1202,63.00046],[21.16237,62.97335],[21.15038,62.96187],[21.13269,62.97436],[21.16431,62.94247],[21.18685,62.95714],[21.22305,62.9482],[21.21172,62.99065],[21.14662,63.01401],[21.1202,63.00046]],[[21.11692,63.02168],[21.12766,63.01324],[21.14058,63.02753],[21.11692,63.02168]],[[21.08999,62.99953],[21.10185,62.99273],[21.11267,62.99437],[21.10176,62.99742],[21.08999,62.99953]],[[19.74965,60.41502],[19.77265,60.38445],[19.80001,60.41377],[19.76989,60.40263],[19.77054,60.42956],[19.74965,60.41502]],[[19.73332,60.4028],[19.74446,60.3939],[19.75033,60.40384],[19.73332,60.4028]],[[19.73194,60.37408],[19.73181,60.35472],[19.74871,60.36493],[19.7717,60.33559],[19.78092,60.35837],[19.75705,60.36499],[19.76805,60.37181],[19.73194,60.37408]],[[19.699,60.31594],[19.72391,60.31958],[19.71716,60.33208],[19.699,60.31594]],[[19.70611,60.38737],[19.71645,60.37125],[19.74093,60.37995],[19.73454,60.39481],[19.70611,60.38737]],[[19.71391,60.415],[19.72662,60.39639],[19.71643,60.41399],[19.73583,60.43927],[19.71391,60.415]],[[19.67996,60.33577],[19.69816,60.3355],[19.69475,60.3528],[19.67996,60.33577]],[[19.69046,60.38263],[19.6875,60.36719],[19.70755,60.35859],[19.70815,60.37101],[19.69046,60.38263]],[[20.02147,60.22107],[20.03034,60.21947],[20.03598,60.23003],[20.02147,60.22107]],[[20.25642,60.06076],[20.25471,60.05669],[20.26745,60.05842],[20.25642,60.06076]],[[20.129,59.93236],[20.12808,59.92861],[20.14268,59.93566],[20.129,59.93236]],[[20.08919,59.9907],[20.11664,59.98954],[20.13949,59.99242],[20.10634,59.99446],[20.08919,59.9907]],[[20.07608,59.99629],[20.09133,59.99522],[20.08634,60.00301],[20.07608,59.99629]],[[20.03162,60.02266],[20.02796,60.00938],[20.04413,60.00944],[20.03162,60.02266]],[[19.99399,59.98815],[19.99601,59.98415],[20.00459,59.99066],[19.99399,59.98815]],[[19.98088,59.99514],[19.98116,59.98998],[19.99486,59.99796],[19.98088,59.99514]],[[19.94328,59.98075],[19.96146,59.97835],[19.95469,59.98429],[19.94328,59.98075]],[[19.9538,60.04145],[19.96703,60.03533],[19.95671,60.02315],[19.98468,60.0203],[19.9695,60.01698],[20.00288,60.00786],[20.02249,60.01719],[19.96905,60.03337],[19.98635,60.03811],[19.98758,60.05119],[19.9538,60.04145]],[[19.92138,60.03641],[19.92914,60.02762],[19.94026,60.03238],[19.92138,60.03641]],[[21.08164,63.2729],[21.09841,63.26277],[21.11211,63.26607],[21.09421,63.27351],[21.08164,63.2729]],[[21.08612,63.3669],[21.11519,63.37022],[21.09375,63.37472],[21.08612,63.3669]],[[21.07497,63.35443],[21.08866,63.34854],[21.10682,63.36198],[21.09571,63.36428],[21.07497,63.35443]],[[21.05345,63.43562],[21.05312,63.41597],[21.09796,63.42065],[21.08462,63.42223],[21.09737,63.42425],[21.08886,63.43931],[21.05345,63.43562]],[[19.55525,60.34592],[19.59257,60.32686],[19.62541,60.3699],[19.5887,60.36107],[19.55525,60.34592]],[[20.81356,62.98625],[20.8399,62.9614],[20.87158,62.97768],[20.84536,62.97458],[20.82964,63.00095],[20.81356,62.98625]],[[19.67117,60.16926],[19.68106,60.16245],[19.69465,60.17847],[19.6845,60.1843],[19.67117,60.16926]],[[20.80706,63.05426],[20.82608,63.04399],[20.8574,63.05107],[20.82497,63.06058],[20.83871,63.05222],[20.80706,63.05426]],[[19.3276,60.20341],[19.33705,60.1927],[19.33845,60.20406],[19.3276,60.20341]],[[19.32217,60.21203],[19.33249,60.2065],[19.32523,60.21478],[19.32217,60.21203]],[[20.91277,59.87977],[20.94449,59.88085],[20.95456,59.89539],[20.88268,59.89306],[20.90759,59.88814],[20.90087,59.88477],[20.91277,59.87977]],[[23.55421,59.91698],[23.6213,59.90219],[23.61224,59.91261],[23.65121,59.92563],[23.63183,59.91636],[23.65942,59.91807],[23.64152,59.91114],[23.65994,59.90607],[23.66369,59.92122],[23.72254,59.92269],[23.71531,59.93709],[23.52672,59.92611],[23.38441,59.9103],[23.41451,59.90931],[23.40054,59.90362],[23.41633,59.89516],[23.52051,59.88797],[23.56891,59.89884],[23.53078,59.90422],[23.55421,59.91698]],[[21.80729,60.12463],[21.81502,60.1243],[21.80218,60.13256],[21.81752,60.14235],[21.81011,60.15197],[21.83947,60.15715],[21.80425,60.15749],[21.9098,60.1762],[21.86302,60.18901],[21.92997,60.1808],[21.94613,60.19225],[21.88113,60.20629],[21.8921,60.2192],[21.86686,60.22175],[21.72838,60.20088],[21.71089,60.17578],[21.75367,60.16872],[21.70567,60.16437],[21.71724,60.1456],[21.69193,60.13369],[21.81296,60.12084],[21.80729,60.12463]],[[20.46619,60.05731],[20.47235,60.06583],[20.45342,60.0704],[20.37598,60.02711],[20.392,60.0192],[20.4402,60.02136],[20.46282,60.05266],[20.4625,60.03277],[20.476,60.03054],[20.45396,60.025],[20.46359,60.01291],[20.53929,60.06206],[20.46619,60.05731]],[[22.4609,59.96054],[22.46982,59.96259],[22.46645,59.97776],[22.44186,59.98769],[22.43638,59.96959],[22.42979,59.98232],[22.41689,59.9739],[22.39198,59.93045],[22.42602,59.9239],[22.43752,59.95517],[22.45706,59.95966],[22.4477,59.95078],[22.46521,59.92309],[22.44522,59.91949],[22.47162,59.91719],[22.4888,59.92895],[22.4609,59.96054]],[[19.6062,60.15596],[19.59118,60.16606],[19.60897,60.18535],[19.59072,60.19435],[19.58531,60.22339],[19.63681,60.16837],[19.63944,60.18173],[19.65368,60.18486],[19.65287,60.16454],[19.68846,60.18923],[19.67594,60.19182],[19.67356,60.22954],[19.64244,60.24022],[19.65247,60.26075],[19.62791,60.26735],[19.60393,60.31358],[19.5734,60.26544],[19.56609,60.28675],[19.56173,60.26072],[19.53748,60.26236],[19.53577,60.24729],[19.51741,60.25528],[19.53571,60.26472],[19.48727,60.25192],[19.49225,60.26918],[19.47976,60.26944],[19.47606,60.23437],[19.5111,60.23704],[19.51808,60.25274],[19.51538,60.2378],[19.54269,60.23628],[19.54559,60.21649],[19.5157,60.20176],[19.52504,60.18844],[19.51423,60.17802],[19.53566,60.15448],[19.61281,60.15152],[19.60679,60.15556],[19.62244,60.16322],[19.60659,60.17114],[19.6062,60.15596]],[[25.24119,60.22242],[25.24914,60.22327],[25.25244,60.23404],[25.21574,60.22809],[25.22436,60.22132],[25.21219,60.22052],[25.22347,60.20743],[25.26689,60.21702],[25.25344,60.22322],[25.24119,60.22242]],[[21.52592,60.14153],[21.50037,60.12237],[21.54809,60.10804],[21.66771,60.11831],[21.64311,60.14236],[21.69055,60.15607],[21.69271,60.17771],[21.65651,60.18297],[21.57037,60.18395],[21.50649,60.14233],[21.52592,60.14153]],[[20.41486,60.1792],[20.4189,60.19135],[20.39155,60.17215],[20.4063,60.1753],[20.38632,60.16621],[20.396,60.15868],[20.43364,60.16327],[20.44429,60.17587],[20.42625,60.18438],[20.41486,60.1792]],[[21.35614,60.1793],[21.36818,60.17578],[21.44073,60.18535],[21.4313,60.18572],[21.47028,60.20976],[21.37221,60.20205],[21.35518,60.21009],[21.39866,60.22563],[21.33571,60.22355],[21.38232,60.23434],[21.25992,60.22534],[21.24496,60.21444],[21.25871,60.20421],[21.29274,60.21782],[21.28198,60.20702],[21.30334,60.20059],[21.34604,60.20719],[21.31077,60.19255],[21.35549,60.17949],[21.33671,60.17671],[21.34962,60.17096],[21.35614,60.1793]],[[20.04025,60.42997],[20.06385,60.42398],[20.0686,60.4408],[20.03844,60.43275],[20.03449,60.43884],[20.00362,60.43641],[20.02679,60.43731],[20.02692,60.42234],[20.04025,60.42997]],[[20.74254,60.23832],[20.73665,60.25469],[20.72548,60.24169],[20.72495,60.22046],[20.74584,60.22913],[20.74339,60.23595],[20.75685,60.23031],[20.75213,60.2448],[20.74254,60.23832]],[[21.53008,60.24396],[21.54706,60.24139],[21.54001,60.25522],[21.52877,60.24665],[21.52451,60.25545],[21.4928,60.234],[21.53478,60.23426],[21.53008,60.24396]],[[21.12956,62.85292],[21.12772,62.86314],[21.11264,62.85715],[21.12727,62.85325],[21.11072,62.85568],[21.11922,62.84502],[21.09038,62.83667],[21.14295,62.82641],[21.21884,62.83793],[21.24097,62.85474],[21.15874,62.87128],[21.16789,62.86003],[21.13043,62.86366],[21.13656,62.8519],[21.12956,62.85292]],[[21.1944,63.31616],[21.17511,63.32843],[21.20218,63.32269],[21.19136,63.33506],[21.24192,63.35793],[21.15375,63.34329],[21.16316,63.32259],[21.11969,63.31859],[21.13025,63.31522],[21.11073,63.2939],[21.08603,63.30822],[21.10312,63.29165],[21.08634,63.2829],[21.13077,63.26493],[21.10464,63.25405],[21.14823,63.22992],[21.13988,63.21266],[21.1622,63.20527],[21.16626,63.18514],[21.20946,63.18551],[21.19641,63.20255],[21.22258,63.18573],[21.22364,63.1975],[21.23172,63.1699],[21.30671,63.15655],[21.32891,63.15972],[21.32022,63.16653],[21.33298,63.17694],[21.31122,63.17864],[21.36016,63.19798],[21.36239,63.21257],[21.37732,63.21191],[21.37147,63.19123],[21.38658,63.18533],[21.41919,63.18867],[21.41453,63.20366],[21.46258,63.20647],[21.44531,63.21987],[21.45181,63.25402],[21.421,63.27673],[21.43045,63.27288],[21.43089,63.2847],[21.41919,63.29885],[21.38565,63.29111],[21.41808,63.27792],[21.37095,63.28177],[21.3193,63.25737],[21.27764,63.26648],[21.27127,63.25663],[21.28859,63.2494],[21.26345,63.25193],[21.27438,63.24215],[21.25791,63.23463],[21.19936,63.25407],[21.22194,63.25367],[21.22774,63.27346],[21.26484,63.285],[21.27183,63.31071],[21.25462,63.3168],[21.26052,63.30158],[21.23812,63.29666],[21.24923,63.31927],[21.21448,63.32303],[21.1944,63.31616]]],[[[22.60519,60.22626],[22.61503,60.22957],[22.63076,60.23013],[22.60519,60.22626]]],[[[23.02515,60.31311],[23.02498,60.31066],[23.02291,60.30974],[23.02515,60.31311]]],[[[25.81882,60.28107],[25.81829,60.27825],[25.81155,60.28125],[25.81882,60.28107]]],[[[22.75481,63.79521],[22.76189,63.79773],[22.76234,63.79746],[22.75481,63.79521]]],[[[21.59845,63.09393],[21.60225,63.0927],[21.60105,63.0921],[21.59845,63.09393]]],[[[21.27893,60.88982],[21.27895,60.88982],[21.27894,60.88981],[21.27893,60.88982]]],[[[21.37537,60.76586],[21.37478,60.76587],[21.37405,60.76665],[21.37537,60.76586]]],[[[21.57682,60.51008],[21.57705,60.5099],[21.57693,60.50983],[21.57682,60.51008]]],[[[21.73986,60.4939],[21.73911,60.493],[21.73833,60.49362],[21.73986,60.4939]]],[[[22.16499,60.43957],[22.19413,60.44421],[22.20348,60.43874],[22.16499,60.43957]]],[[[21.18653,63.31346],[21.1944,63.31616],[21.19648,63.31483],[21.18653,63.31346]]],[[[21.18653,63.31346],[21.18746,63.28635],[21.14633,63.2786],[21.11173,63.29358],[21.16115,63.29333],[21.1738,63.30427],[21.16411,63.31037],[21.18653,63.31346]]],[[[21.52592,60.14153],[21.5282,60.14324],[21.58847,60.13894],[21.52592,60.14153]]],[[[23.17127,59.94613],[23.17954,59.94836],[23.17952,59.94617],[23.17127,59.94613]]],[[[23.17985,59.97203],[23.19544,59.97545],[23.21866,59.95886],[23.17954,59.94836],[23.17985,59.97203]]],[[[19.83325,60.28503],[19.84654,60.30812],[19.86031,60.29451],[19.86624,60.31097],[19.86916,60.28752],[19.89575,60.30256],[19.89534,60.28165],[19.86369,60.26634],[19.8585,60.23833],[19.82376,60.25328],[19.835,60.27987],[19.84046,60.26551],[19.85526,60.27944],[19.83325,60.28503]]],[[[22.30984,60.26469],[22.31041,60.26477],[22.3161,60.24831],[22.30984,60.26469]]],[[[20.02229,60.26962],[20.02273,60.26971],[20.02144,60.26745],[20.02229,60.26962]]],[[[19.8434,60.31123],[19.8486,60.3117],[19.84654,60.30812],[19.8434,60.31123]]],[[[20.01671,60.2836],[20.04404,60.29676],[20.03023,60.29279],[20.04173,60.30092],[20.03266,60.31712],[20.0443,60.31721],[20.05738,60.30541],[20.03529,60.2825],[20.04778,60.27498],[20.02273,60.26971],[20.02716,60.2775],[20.01671,60.2836]]],[[[22.63308,60.39943],[22.65663,60.42732],[22.64246,60.40393],[22.63308,60.39943]]],[[[21.81347,60.42082],[21.82639,60.42521],[21.8231,60.41961],[21.81347,60.42082]]],[[[21.81711,60.44178],[21.83294,60.44418],[21.86039,60.42167],[21.82639,60.42521],[21.83117,60.43337],[21.81711,60.44178]]],[[[21.27218,60.54808],[21.29737,60.54878],[21.27255,60.54616],[21.27218,60.54808]]],[[[27.17992,60.56615],[27.18152,60.5659],[27.18034,60.56525],[27.17992,60.56615]]],[[[27.16296,60.56883],[27.1725,60.58203],[27.17992,60.56615],[27.16296,60.56883]]],[[[21.30952,60.60881],[21.31008,60.60867],[21.31269,60.59403],[21.30952,60.60881]]],[[[21.26507,60.62265],[21.269,60.60741],[21.26704,60.6073],[21.26507,60.62265]]],[[[21.26542,60.9049],[21.32086,60.89627],[21.31996,60.8959],[21.26542,60.9049]]],[[[21.46016,61.11814],[21.46139,61.11857],[21.48936,61.11257],[21.46016,61.11814]]],[[[21.39766,62.20265],[21.39916,62.20457],[21.43145,62.21993],[21.39766,62.20265]]],[[[22.65269,63.81112],[22.65355,63.81108],[22.66179,63.7889],[22.65269,63.81112]]],[[[23.91423,64.28165],[23.94148,64.2588],[23.91422,64.28139],[23.91423,64.28165]]],[[[24.79606,65.05111],[24.82916,65.05071],[24.82809,65.04801],[24.79606,65.05111]]],[[[25.36989,65.182],[25.39002,65.19342],[25.43628,65.19133],[25.36989,65.182]]],[[[25.29128,65.3666],[25.33356,65.36078],[25.29163,65.36467],[25.29128,65.3666]]],[[[25.07915,65.59199],[25.08396,65.59428],[25.08715,65.59205],[25.07915,65.59199]]],[[[20.90759,59.88814],[20.91574,59.89222],[20.93286,59.88315],[20.90759,59.88814]]],[[[22.45706,59.95966],[22.46026,59.96269],[22.4609,59.96054],[22.45706,59.95966]]],[[[23.55152,59.91787],[23.55835,59.91924],[23.55421,59.91698],[23.55152,59.91787]]],[[[23.52684,59.92287],[23.53467,59.92347],[23.55152,59.91787],[23.52721,59.91301],[23.52684,59.92287]]],[[[20.46289,60.05688],[20.46619,60.05731],[20.46282,60.05266],[20.46289,60.05688]]],[[[21.80335,60.12728],[21.80729,60.12463],[21.80233,60.12485],[21.80335,60.12728]]],[[[19.6062,60.15596],[19.60679,60.15556],[19.60619,60.15527],[19.6062,60.15596]]],[[[20.4063,60.1753],[20.41486,60.1792],[20.41412,60.17697],[20.4063,60.1753]]],[[[21.35549,60.17949],[21.3564,60.17963],[21.35614,60.1793],[21.35549,60.17949]]],[[[21.64594,60.18126],[21.64739,60.18149],[21.65489,60.18125],[21.64594,60.18126]]],[[[21.41877,60.18375],[21.42099,60.18614],[21.4313,60.18572],[21.41877,60.18375]]],[[[25.22436,60.22132],[25.24119,60.22242],[25.22515,60.2207],[25.22436,60.22132]]],[[[20.7407,60.23708],[20.74254,60.23832],[20.74339,60.23595],[20.7407,60.23708]]],[[[21.52603,60.24457],[21.52877,60.24665],[21.53008,60.24396],[21.52603,60.24457]]],[[[20.03575,60.43111],[20.03844,60.43275],[20.04025,60.42997],[20.03575,60.43111]]],[[[21.12727,62.85325],[21.12956,62.85292],[21.12961,62.85263],[21.12727,62.85325]]],[[[21.63488,63.27641],[21.63728,63.27639],[21.63488,63.27641],[21.63488,63.27641]]],[[[21.41808,63.27792],[21.41955,63.2778],[21.421,63.27673],[21.41808,63.27792]]]]}},{"id":"31","type":"Feature","properties":{"zone_id":"DE011_OFF","name":"Germany Offshore Node 011","parent_zone":"DE00_OFF","level":"PEOF","area_km2":21846.01},"geometry":{"type":"MultiPolygon","coordinates":[[[[9.97959,53.47907],[9.96043,53.48202],[9.92878,53.53901],[9.90508,53.53888],[9.92808,53.51988],[9.8785,53.54007],[9.89924,53.5171],[9.85567,53.54275],[9.82165,53.54703],[9.81629,53.52936],[9.68576,53.54763],[9.53952,53.61207],[9.48975,53.6798],[9.40224,53.73671],[9.32314,53.82794],[9.26993,53.85874],[9.08048,53.86043],[9.02058,53.84127],[9.02703,53.82942],[8.98688,53.84056],[8.78685,53.83379],[8.71408,53.87043],[8.72401,53.85522],[8.70331,53.86352],[8.71041,53.87245],[8.68711,53.89211],[8.60826,53.87853],[8.55814,53.83407],[8.48394,53.69435],[8.48367,53.65583],[8.5769,53.53785],[8.56124,53.51092],[8.52149,53.50121],[8.50115,53.47725],[8.50196,53.3795],[8.51895,53.31936],[8.5081,53.35259],[8.49524,53.32687],[8.4991,53.3533],[8.48656,53.4182],[8.47491,53.40256],[8.48015,53.45779],[8.50571,53.50095],[8.5568,53.52543],[8.5496,53.53797],[8.51615,53.55593],[8.39438,53.57007],[8.33622,53.61445],[8.27203,53.60952],[8.24101,53.57832],[8.23118,53.52078],[8.31609,53.52176],[8.31484,53.45967],[8.25934,53.40114],[8.20198,53.40461],[8.15358,53.44723],[8.09939,53.44581],[8.06392,53.47809],[8.06512,53.50589],[8.15515,53.51367],[8.17194,53.53668],[8.15921,53.53132],[8.16978,53.5419],[8.16003,53.55503],[8.17237,53.55422],[8.14029,53.57687],[8.15679,53.58509],[8.13206,53.58234],[8.1197,53.59945],[8.12571,53.6218],[8.09625,53.62967],[8.10977,53.64247],[8.04481,53.6418],[8.02172,53.7092],[7.8113,53.71152],[7.52986,53.67139],[7.29655,53.6803],[7.15622,53.62813],[7.09171,53.57992],[7.10335,53.55596],[7.14205,53.5414],[7.13201,53.53183],[7.09618,53.51931],[7.03752,53.53732],[7.0494,53.50792],[7.02551,53.48348],[6.9991,53.37318],[7.01408,53.34327],[7.17656,53.33404],[7.18881,53.3453],[7.18861,53.33429],[7.33953,53.32103],[7.40113,53.28786],[7.39846,53.23923],[7.42967,53.22505],[7.4125,53.20008],[7.42659,53.22413],[7.39381,53.23845],[7.39557,53.28886],[7.35845,53.29467],[7.3329,53.31805],[7.24603,53.3195],[7.22945,53.29373],[7.23595,53.27386],[7.21527,53.24995],[7.2051,53.25251],[7.18313,53.2878],[7.13999,53.2924],[7.11179,53.31856],[7.02746,53.31914],[6.97972,53.34201],[6.94624,53.38915],[6.93531,53.52049],[6.82503,53.53084],[6.76251,53.51187],[6.6547,53.51743],[6.62772,53.56135],[6.53489,53.63602],[6.33222,53.75167],[6.26361,53.81556],[6.10722,54.0],[6.0202,54.15163],[7.59196,54.17631],[7.43237,55.19839],[7.98555,55.08936],[8.38275,55.06699],[8.42924,55.0804],[8.47863,55.05638],[8.51597,54.97169],[8.55932,54.97643],[8.6367,54.91147],[8.58743,54.88593],[8.55895,54.88352],[8.59092,54.88465],[8.60711,54.83941],[8.6928,54.76999],[8.70643,54.73984],[8.68657,54.73006],[8.74467,54.70798],[8.75168,54.68111],[8.82251,54.64586],[8.84181,54.61493],[8.8133,54.59743],[8.87893,54.60623],[8.89035,54.59245],[8.87007,54.56331],[8.87209,54.52843],[8.80563,54.49775],[8.81862,54.4857],[8.8073,54.47009],[8.91779,54.46489],[8.98165,54.52097],[9.02339,54.47327],[8.96157,54.45777],[8.86631,54.40434],[8.80665,54.41292],[8.60895,54.38604],[8.60616,54.37079],[8.68058,54.36825],[8.67279,54.36035],[8.68477,54.35667],[8.63896,54.34018],[8.60419,54.35801],[8.58248,54.32],[8.58905,54.29372],[8.62085,54.28236],[8.59234,54.30059],[8.61161,54.29244],[8.60245,54.30998],[8.64531,54.27275],[8.68118,54.26783],[8.70982,54.28753],[8.82334,54.29139],[8.85172,54.26576],[8.85951,54.27796],[8.84341,54.28835],[8.87116,54.27102],[8.99137,54.33165],[8.98044,54.3572],[9.00694,54.3789],[9.03117,54.37545],[9.0079,54.37804],[8.9824,54.35732],[8.99374,54.332],[8.94635,54.30882],[8.93266,54.27877],[8.89779,54.25829],[8.84414,54.26326],[8.83264,54.2473],[8.83424,54.2173],[8.80795,54.17317],[8.82586,54.145],[8.86075,54.12215],[8.92692,54.13189],[8.98582,54.06084],[8.96618,54.03574],[8.87865,54.04624],[8.81988,54.02413],[8.83501,54.02326],[8.91469,53.92536],[8.97056,53.89279],[9.12624,53.88646],[9.19207,53.91955],[9.28956,53.99839],[9.28487,53.98618],[9.1973,53.91512],[9.13412,53.8868],[9.22867,53.88657],[9.32756,53.86],[9.38745,53.82382],[9.4071,53.83467],[9.40148,53.7943],[9.43012,53.74952],[9.5212,53.71213],[9.5676,53.63583],[9.55549,53.62039],[9.67676,53.57041],[9.9534,53.53925],[9.96134,53.52176],[9.93595,53.53976],[9.96532,53.48272],[9.97959,53.47907]],[[8.55895,54.88352],[8.50995,54.88176],[8.50143,54.87863],[8.55895,54.88352]],[[8.50143,54.87863],[8.37464,54.89444],[8.35401,54.96825],[8.38067,54.99717],[8.44036,55.01681],[8.39566,55.04579],[8.46285,55.04566],[8.39954,55.0531],[8.29948,54.91225],[8.27976,54.75181],[8.2985,54.74254],[8.29619,54.84221],[8.33232,54.86316],[8.30288,54.85901],[8.31006,54.87407],[8.36506,54.87541],[8.41592,54.84713],[8.50143,54.87863]],[[9.5346,53.64581],[9.56365,53.63084],[9.54031,53.66367],[9.5346,53.64581]],[[9.49525,53.71122],[9.52642,53.66353],[9.53025,53.67644],[9.49525,53.71122]],[[9.44183,53.71999],[9.46916,53.69971],[9.46898,53.7125],[9.44183,53.71999]],[[9.39196,53.79433],[9.4049,53.77039],[9.41158,53.77051],[9.39196,53.79433]],[[8.67617,54.05317],[8.69331,54.05477],[8.69171,54.06594],[8.67617,54.05317]],[[8.72492,54.4682],[8.7253,54.46219],[8.73555,54.46765],[8.72492,54.4682]],[[8.70965,54.63232],[8.72918,54.62866],[8.73938,54.63549],[8.72687,54.64189],[8.70965,54.63232]],[[8.68162,54.67254],[8.71013,54.67249],[8.72128,54.68772],[8.70246,54.68383],[8.68162,54.67254]],[[8.58788,54.52972],[8.59126,54.50863],[8.62625,54.48831],[8.68509,54.505],[8.70636,54.53837],[8.69162,54.55685],[8.58788,54.52972]],[[8.49195,53.92922],[8.49352,53.91242],[8.51774,53.92206],[8.49195,53.92922]],[[8.52975,54.62574],[8.54812,54.61719],[8.64823,54.63953],[8.66261,54.66196],[8.60432,54.64209],[8.53934,54.63622],[8.52975,54.62574]],[[8.50912,54.57465],[8.54836,54.55662],[8.5751,54.56511],[8.5511,54.57949],[8.50912,54.57465]],[[8.46509,54.5267],[8.47235,54.49579],[8.49815,54.50544],[8.49183,54.52495],[8.50441,54.53151],[8.47504,54.54635],[8.46509,54.5267]],[[8.45006,54.45132],[8.48646,54.41282],[8.52641,54.43592],[8.48791,54.45382],[8.47394,54.47661],[8.45006,54.45132]],[[8.3511,53.83039],[8.37247,53.82857],[8.37331,53.83541],[8.3511,53.83039]],[[8.45645,54.56929],[8.46034,54.55525],[8.50079,54.55798],[8.47961,54.57718],[8.45645,54.56929]],[[8.39711,54.71831],[8.40244,54.70036],[8.46638,54.68409],[8.55449,54.67923],[8.59136,54.72243],[8.58357,54.74406],[8.53946,54.75551],[8.43085,54.74591],[8.39711,54.71831]],[[8.29199,54.66968],[8.35486,54.61614],[8.39549,54.61229],[8.3857,54.62301],[8.40291,54.62618],[8.36095,54.65019],[8.33917,54.6935],[8.3553,54.71161],[8.29199,54.66968]],[[8.13412,53.72304],[8.14928,53.71128],[8.1639,53.7212],[8.13412,53.72304]],[[7.98808,53.76999],[8.0136,53.74734],[8.02222,53.75443],[8.01926,53.77871],[7.98808,53.76999]],[[7.84953,53.78926],[7.86294,53.7797],[7.9653,53.77797],[7.89515,53.79374],[7.84953,53.78926]],[[7.87276,54.18771],[7.88937,54.1699],[7.89205,54.18373],[7.87276,54.18771]],[[7.66915,53.75584],[7.77974,53.76593],[7.80589,53.77511],[7.69164,53.77852],[7.66915,53.75584]],[[7.46948,53.74523],[7.47328,53.72229],[7.53915,53.74277],[7.62753,53.74891],[7.58072,53.75694],[7.46948,53.74523]],[[7.1381,53.70524],[7.3346,53.71517],[7.19725,53.72146],[7.1381,53.70524]],[[6.86465,53.63909],[6.8875,53.62587],[6.90254,53.63631],[6.90796,53.65135],[6.86465,53.63909]],[[6.85719,53.65909],[6.97613,53.66851],[7.08973,53.68384],[6.93219,53.67584],[6.85719,53.65909]],[[6.81404,53.64025],[6.83903,53.64707],[6.82377,53.64812],[6.83421,53.65879],[6.81404,53.64025]],[[6.63061,53.59798],[6.65605,53.59926],[6.66177,53.57851],[6.69544,53.56517],[6.73509,53.56914],[6.74046,53.55668],[6.7564,53.56784],[6.72151,53.5835],[6.81096,53.6025],[6.73032,53.61314],[6.63609,53.6127],[6.63061,53.59798]]],[[[9.5788,54.21276],[9.6053,54.242],[9.58278,54.214],[9.5788,54.21276]]],[[[9.6053,54.242],[9.63705,54.28139],[9.70683,54.30301],[9.7144,54.33506],[9.80811,54.36412],[9.97514,54.34447],[9.96493,54.34118],[9.96118,54.32699],[9.9625,54.3412],[9.80643,54.36241],[9.72891,54.33009],[9.70291,54.29748],[9.64228,54.28272],[9.6053,54.242]]],[[[9.16932,54.31737],[9.17069,54.31729],[9.17077,54.3172],[9.16932,54.31737]]],[[[9.97862,54.34406],[10.022,54.35959],[10.04325,54.36055],[9.97862,54.34406]]],[[[9.14826,54.31985],[9.16932,54.31737],[9.14809,54.31867],[9.14826,54.31985]]],[[[9.14742,54.31995],[9.14866,54.32247],[9.14826,54.31985],[9.14742,54.31995]]],[[[9.16123,54.3278],[9.17679,54.33535],[9.19718,54.33135],[9.19133,54.31641],[9.22482,54.32291],[9.21775,54.34502],[9.23123,54.33863],[9.22505,54.32161],[9.19083,54.3152],[9.19513,54.33079],[9.1632,54.32769],[9.17379,54.3171],[9.16123,54.3278]]],[[[9.09712,54.36606],[9.15521,54.33584],[9.14866,54.32247],[9.1506,54.33553],[9.09712,54.36606]]],[[[9.03117,54.37545],[9.09268,54.3686],[9.09712,54.36606],[9.03117,54.37545]]],[[[10.06759,53.46066],[10.14125,53.41787],[10.06369,53.45754],[10.07107,53.45565],[10.06759,53.46066]]],[[[10.06369,53.45754],[9.97959,53.47907],[10.04303,53.46928],[10.06369,53.45754]]],[[[9.9534,53.53925],[9.95241,53.54143],[9.97063,53.53728],[9.9534,53.53925]]],[[[9.97063,53.53728],[10.03999,53.52935],[10.06137,53.51377],[10.05177,53.49278],[10.0665,53.46224],[10.05025,53.48565],[10.05528,53.51796],[9.97063,53.53728]]],[[[10.0665,53.46224],[10.06759,53.46066],[10.06712,53.46093],[10.0665,53.46224]]],[[[8.4899,53.29024],[8.48393,53.23536],[8.53082,53.19151],[8.62308,53.16702],[8.64573,53.1297],[8.7405,53.11531],[8.77324,53.08482],[8.87039,53.05978],[8.88088,53.02406],[8.86399,53.03445],[8.87019,53.0582],[8.77596,53.08177],[8.73999,53.10934],[8.74139,53.09629],[8.7268,53.11313],[8.64724,53.12607],[8.61846,53.16673],[8.51927,53.19298],[8.48076,53.22747],[8.4899,53.29024]]],[[[8.49351,53.32341],[8.49524,53.32687],[8.4899,53.29024],[8.49351,53.32341]]],[[[9.3439,54.13912],[9.34464,54.14105],[9.40993,54.15989],[9.3439,54.13912]]],[[[9.28956,53.99839],[9.30158,54.02959],[9.29238,54.00066],[9.28956,53.99839]]],[[[9.30158,54.02959],[9.33569,54.13654],[9.3439,54.13912],[9.30158,54.02959]]],[[[9.04502,53.80108],[9.05773,53.80348],[9.04587,53.79918],[9.04502,53.80108]]],[[[9.02703,53.82942],[9.03304,53.82776],[9.04502,53.80108],[9.0427,53.80064],[9.02703,53.82942]]],[[[9.40993,54.15989],[9.5788,54.21276],[9.57348,54.20688],[9.40993,54.15989]]],[[[9.4204,54.83106],[9.44303,54.82124],[9.49127,54.83648],[9.59395,54.89078],[9.62841,54.87879],[9.62891,54.84731],[9.72337,54.82177],[9.81112,54.84308],[9.85254,54.81874],[9.90114,54.83068],[9.97588,54.81376],[10.06814,54.77944],[10.18592,54.75919],[10.24738,54.66591],[10.29204,54.6436],[10.49454,54.61419],[10.61169,54.55249],[10.74636,54.52256],[10.82207,54.55485],[10.87967,54.62241],[11.07727,54.63895],[11.24961,54.60142],[11.58079,54.42848],[11.67075,54.36483],[11.71735,54.36522],[10.8061,53.99316],[10.7857,53.99704],[10.75285,54.05212],[10.80487,54.09597],[10.87344,54.08653],[10.95395,54.14063],[11.09349,54.1979],[11.07535,54.34616],[11.05872,54.35417],[11.07853,54.34511],[11.12709,54.37459],[11.11835,54.39445],[11.02537,54.3675],[10.98266,54.37933],[11.0217,54.38049],[10.9304,54.38193],[10.78768,54.3113],[10.7124,54.30472],[10.59837,54.36407],[10.3317,54.43552],[10.22916,54.41399],[10.17839,54.36101],[10.17049,54.33352],[10.18421,54.32784],[10.13402,54.31086],[10.15731,54.33698],[10.14237,54.36497],[10.04325,54.36055],[10.08482,54.37112],[10.15395,54.36876],[10.16117,54.38557],[10.19184,54.3898],[10.16869,54.43374],[10.19905,54.4555],[10.13656,54.48366],[9.86898,54.44743],[9.84375,54.46038],[9.83915,54.4758],[9.87086,54.47117],[9.96505,54.50271],[10.02668,54.54976],[10.03335,54.65741],[10.01506,54.66099],[10.03323,54.66987],[9.94959,54.67423],[9.93712,54.623],[9.74887,54.54634],[9.737,54.52497],[9.70072,54.51545],[9.71558,54.49161],[9.62441,54.51136],[9.58073,54.50086],[9.57336,54.47544],[9.57751,54.50038],[9.54844,54.51212],[9.58661,54.51005],[9.62769,54.5309],[9.63307,54.5144],[9.71325,54.52007],[9.76854,54.57973],[9.81138,54.57957],[9.80413,54.58781],[9.81994,54.58364],[9.90821,54.63423],[9.93283,54.62757],[9.9378,54.67246],[9.97716,54.68255],[9.98317,54.70097],[9.99195,54.68115],[10.02192,54.69189],[10.03403,54.67221],[10.03762,54.68762],[9.98895,54.71686],[9.9558,54.77955],[9.90757,54.79709],[9.906,54.76382],[9.84307,54.75615],[9.79195,54.79699],[9.60496,54.83041],[9.58958,54.85228],[9.61332,54.87578],[9.58937,54.87582],[9.49613,54.822],[9.46481,54.82242],[9.43553,54.78873],[9.43955,54.80795],[9.4204,54.83106]],[[11.0161,54.49219],[11.00901,54.4413],[11.04324,54.42835],[11.02218,54.44363],[11.09479,54.44524],[11.09509,54.40927],[11.17756,54.40155],[11.16591,54.41223],[11.17748,54.41994],[11.21288,54.41106],[11.31166,54.40929],[11.23381,54.50668],[11.06228,54.5344],[11.0161,54.49219]]]]}},{"id":"32","type":"Feature","properties":{"zone_id":"DE012_OFF","name":"Germany Offshore Node 012","parent_zone":"DE00_OFF","level":"PEOF","area_km2":13639.92},"geometry":{"type":"Polygon","coordinates":[[[5.40534,54.44645],[6.41905,55.39015],[7.43237,55.19839],[7.59196,54.17631],[6.0202,54.15163],[6.0,54.18667],[5.40534,54.44645]]]}},{"id":"33","type":"Feature","properties":{"zone_id":"DE013_OFF","name":"Germany Offshore Node 013","parent_zone":"DE00_OFF","level":"PEOF","area_km2":6809.4},"geometry":{"type":"MultiPolygon","coordinates":[[[[4.27193,55.36136],[4.72873,55.42002],[4.75,55.40417],[5.15,55.25],[5.40333,55.25],[5.75,55.51119],[6.41905,55.39015],[5.40534,54.44645],[5.0,54.62],[5.0,55.0],[4.27193,55.36136]]],[[[3.37028,55.765],[3.399,55.83265],[3.37039,55.76495],[3.37028,55.765]]]]}},{"id":"34","type":"Feature","properties":{"zone_id":"DE02_OFF","name":"Germany Offshore Node 02","parent_zone":"DE00_OFF","level":"PEOF","area_km2":11997.79},"geometry":{"type":"MultiPolygon","coordinates":[[[[13.81409,53.86298],[13.89831,53.83969],[13.99028,53.84781],[14.03921,53.87338],[14.22244,53.86424],[14.2014,53.81051],[14.28782,53.78292],[14.26761,53.72019],[14.2786,53.71094],[14.24532,53.69372],[14.21505,53.70324],[14.27234,53.73739],[14.24915,53.7585],[14.18356,53.73586],[14.1229,53.73718],[13.90097,53.80256],[13.86766,53.83564],[13.81829,53.84214],[13.81409,53.86298]]],[[[13.80332,54.10437],[13.80578,54.10357],[13.80552,54.10292],[13.80332,54.10437]]],[[[13.78512,54.04948],[13.78513,54.0495],[13.78514,54.04949],[13.78512,54.04948]]],[[[13.7745,54.05984],[13.78964,54.06371],[13.80552,54.10292],[13.81221,54.09849],[13.78513,54.0495],[13.7745,54.05984]]],[[[13.74451,54.02907],[13.78512,54.04948],[13.76864,54.01961],[13.80126,54.01851],[13.85766,54.04844],[13.87877,54.03989],[13.85286,54.01326],[13.86192,53.99961],[13.92333,54.03529],[13.9088,54.04332],[13.91086,54.06369],[13.97398,54.0633],[14.00357,54.01076],[14.0296,54.01726],[14.04676,53.99579],[14.04233,53.942],[14.01264,53.94946],[14.02496,53.96196],[13.98429,53.96264],[13.96295,53.95734],[13.95875,53.93391],[13.95007,53.95854],[13.97364,53.97029],[13.9642,53.99033],[13.90648,53.98974],[13.89501,53.96667],[13.92294,53.94985],[13.93824,53.90947],[13.89276,53.87655],[13.82505,53.86603],[13.82342,53.87711],[13.91407,53.92192],[13.88147,53.95016],[13.85191,53.95291],[13.83459,53.98403],[13.74451,54.02907]],[[13.91577,54.02212],[13.92727,54.0163],[13.92955,54.03106],[13.91577,54.02212]]],[[[12.67705,54.37036],[12.6921,54.38909],[12.69353,54.38568],[12.67705,54.37036]]],[[[12.66407,54.40833],[12.66428,54.40835],[12.66418,54.40826],[12.66407,54.40833]]],[[[12.35874,54.30245],[12.39669,54.32324],[12.38997,54.34296],[12.41806,54.33636],[12.41472,54.36509],[12.4359,54.37848],[12.52402,54.36974],[12.55186,54.38932],[12.59279,54.38336],[12.57784,54.4041],[12.6376,54.42476],[12.66407,54.40833],[12.65625,54.40764],[12.66976,54.39096],[12.59165,54.35754],[12.55337,54.37941],[12.53433,54.36509],[12.55272,54.35894],[12.53462,54.33847],[12.47387,54.33002],[12.47874,54.30432],[12.41623,54.28809],[12.41825,54.25791],[12.46043,54.24986],[12.43248,54.2453],[12.36402,54.26595],[12.38286,54.27798],[12.35874,54.30245]],[[12.52485,54.35964],[12.52904,54.34569],[12.53556,54.35615],[12.52485,54.35964]]],[[[12.1096,54.10468],[12.15063,54.09437],[12.11746,54.09693],[12.1096,54.10468]]],[[[10.81493,54.00068],[11.71735,54.36522],[11.94044,54.36681],[12.11208,54.41108],[12.44325,54.68775],[12.74997,54.76381],[12.934,54.83381],[13.14808,55.00839],[13.78472,55.02083],[13.99283,54.96244],[14.17278,54.8125],[14.41417,54.8125],[14.41417,54.65833],[14.62923,54.5337],[14.75,54.5],[14.35222,54.16889],[14.20334,54.12771],[14.24412,53.98929],[14.22737,53.9276],[14.01436,54.05375],[13.86828,54.10329],[13.80337,54.17836],[13.74923,54.15838],[13.75755,54.13459],[13.80332,54.10437],[13.75753,54.1191],[13.74974,54.13907],[13.69642,54.14902],[13.71848,54.16363],[13.69645,54.17187],[13.62948,54.14063],[13.4911,54.12411],[13.47669,54.11631],[13.50047,54.08515],[13.45635,54.09106],[13.41124,54.15619],[13.38193,54.14239],[13.41822,54.17343],[13.39487,54.18063],[13.40013,54.17003],[13.31871,54.15991],[13.3465,54.18003],[13.3275,54.18376],[13.28627,54.23511],[13.21652,54.24092],[13.18494,54.26627],[13.14379,54.25349],[13.17904,54.27001],[13.10788,54.28057],[13.11208,54.30422],[13.07578,54.34569],[13.09338,54.36649],[13.02504,54.39665],[13.03502,54.43092],[13.01555,54.43938],[12.89737,54.40162],[12.87833,54.36525],[12.81019,54.34538],[12.78739,54.39588],[12.76738,54.37112],[12.74413,54.38363],[12.73493,54.37054],[12.69983,54.3987],[12.6921,54.38909],[12.68789,54.39909],[12.71478,54.40334],[12.70615,54.41199],[12.66428,54.40835],[12.68855,54.43006],[12.67889,54.41496],[12.73068,54.41578],[12.69691,54.43109],[12.72012,54.43186],[12.73934,54.41536],[12.8016,54.40824],[12.96227,54.43794],[12.65625,54.44252],[12.54889,54.45586],[12.53036,54.48228],[12.51099,54.48287],[12.45193,54.40429],[12.40789,54.3775],[12.33991,54.29847],[12.19548,54.24259],[12.13271,54.18855],[12.09514,54.18065],[12.10101,54.1691],[12.14244,54.17234],[12.12486,54.15046],[12.0978,54.15309],[12.09789,54.11623],[12.1096,54.10468],[12.09257,54.10895],[12.0871,54.18296],[11.8532,54.14512],[11.68071,54.15262],[11.52535,54.07168],[11.53185,54.0491],[11.60662,54.10383],[11.62571,54.08612],[11.5814,54.06324],[11.57231,54.03268],[11.52001,54.03275],[11.53452,54.02106],[11.49184,53.99312],[11.48986,53.96831],[11.46742,53.9733],[11.4921,54.0226],[11.37675,53.99564],[11.38996,53.96484],[11.42812,53.96108],[11.42799,53.98594],[11.44489,53.99702],[11.44286,53.96108],[11.48369,53.96786],[11.48053,53.92755],[11.4451,53.91199],[11.45205,53.89991],[11.40314,53.92147],[11.40563,53.93497],[11.36452,53.93519],[11.33394,53.95854],[11.28616,53.93019],[11.25837,53.93417],[11.24061,53.95157],[11.25755,53.98558],[11.21474,53.98468],[11.17892,54.01557],[11.04064,54.00636],[10.90409,53.96539],[10.81493,54.00068]],[[12.71782,54.40718],[12.73154,54.40471],[12.73591,54.41283],[12.71782,54.40718]],[[13.90835,54.24415],[13.91421,54.2418],[13.92278,54.25103],[13.90835,54.24415]],[[13.52448,54.3098],[13.54607,54.32548],[13.52955,54.32644],[13.52448,54.3098]],[[13.11091,54.31138],[13.12688,54.30421],[13.12297,54.31365],[13.11091,54.31138]],[[13.12109,54.44226],[13.20323,54.46878],[13.21348,54.46529],[13.20067,54.45683],[13.2239,54.46522],[13.22754,54.48459],[13.169,54.49219],[13.12109,54.44226]],[[13.14387,54.54657],[13.15921,54.53561],[13.15999,54.50333],[13.22997,54.51085],[13.22753,54.4859],[13.26818,54.47978],[13.19929,54.44749],[13.16919,54.45326],[13.14996,54.42865],[13.21222,54.42915],[13.23769,54.40972],[13.23808,54.38734],[13.25979,54.37981],[13.12914,54.3718],[13.11549,54.34329],[13.13232,54.31853],[13.18432,54.3003],[13.15453,54.30441],[13.13999,54.28179],[13.19424,54.29668],[13.19996,54.27024],[13.21847,54.27896],[13.27019,54.25366],[13.32069,54.25763],[13.31038,54.26548],[13.33536,54.27801],[13.32088,54.24516],[13.29063,54.25097],[13.39325,54.22109],[13.4236,54.23818],[13.41727,54.25507],[13.3667,54.26428],[13.35858,54.24772],[13.35224,54.26901],[13.38727,54.27948],[13.39061,54.26882],[13.42088,54.30315],[13.46625,54.3215],[13.45484,54.33553],[13.58057,54.35293],[13.61472,54.3307],[13.68154,54.34969],[13.61086,54.31616],[13.70412,54.32603],[13.64621,54.29687],[13.70211,54.29513],[13.7074,54.28079],[13.68504,54.28302],[13.71094,54.26897],[13.72528,54.27358],[13.71938,54.31319],[13.76665,54.34081],[13.72357,54.35614],[13.67331,54.40065],[13.61605,54.40128],[13.5723,54.45013],[13.57592,54.47793],[13.59752,54.47605],[13.60691,54.49708],[13.6771,54.53007],[13.67938,54.56233],[13.66081,54.57514],[13.42075,54.578],[13.39065,54.59894],[13.37576,54.6349],[13.4283,54.66048],[13.42855,54.6844],[13.26559,54.66573],[13.22027,54.64096],[13.22709,54.61306],[13.16315,54.55791],[13.22858,54.58697],[13.227,54.62451],[13.28233,54.64609],[13.28871,54.62782],[13.24537,54.55749],[13.33459,54.58259],[13.32834,54.59358],[13.3689,54.6145],[13.39696,54.57232],[13.50181,54.54819],[13.5145,54.51297],[13.50615,54.48129],[13.44808,54.47441],[13.41335,54.49364],[13.41406,54.51928],[13.377,54.55904],[13.33861,54.54866],[13.37071,54.57674],[13.35874,54.58082],[13.29801,54.55262],[13.30476,54.51409],[13.28753,54.5218],[13.29473,54.53724],[13.25471,54.55187],[13.14387,54.54657]],[[13.06184,54.46654],[13.07467,54.46902],[13.0847,54.51798],[13.11695,54.53776],[13.11099,54.58361],[13.12583,54.58389],[13.1386,54.59678],[13.14242,54.57435],[13.14584,54.5881],[13.15795,54.57932],[13.14446,54.60438],[13.09784,54.59024],[13.06184,54.46654]],[[12.99003,54.43936],[13.05116,54.44597],[13.04952,54.46013],[12.99003,54.43936]]]]}},{"id":"35","type":"Feature","properties":{"zone_id":"IE00_OFF","name":"Ireland Offshore Node 00","parent_zone":"IE00_OFF","level":"PEOF","area_km2":426825.05},"geometry":{"type":"MultiPolygon","coordinates":[[[[-9.74629,51.84904],[-9.56115,51.88112],[-9.64409,51.84534],[-9.73669,51.83315],[-9.7772,51.79818],[-9.82703,51.78339],[-9.78588,51.7651],[-9.84375,51.76618],[-9.83301,51.77443],[-9.84712,51.77815],[-9.84711,51.75797],[-9.88197,51.74116],[-9.86898,51.75745],[-9.88168,51.76419],[-9.98209,51.73312],[-10.00741,51.71571],[-9.94719,51.71415],[-9.97345,51.68566],[-10.09229,51.67383],[-10.10602,51.66406],[-10.06008,51.65294],[-10.07143,51.6347],[-10.0564,51.63182],[-10.15945,51.61426],[-10.14401,51.59797],[-10.16507,51.57993],[-10.11571,51.60092],[-10.04447,51.60251],[-10.05384,51.59315],[-10.03687,51.58849],[-9.96685,51.61766],[-9.93361,51.61504],[-9.90615,51.65206],[-9.73124,51.66635],[-9.72694,51.69086],[-9.71838,51.67567],[-9.66924,51.6821],[-9.67507,51.66972],[-9.62268,51.68037],[-9.54807,51.7134],[-9.53997,51.75091],[-9.53259,51.72966],[-9.50129,51.71642],[-9.45257,51.73196],[-9.46387,51.71561],[-9.43912,51.72046],[-9.46152,51.69781],[-9.44412,51.69238],[-9.46294,51.67896],[-9.7014,51.61313],[-9.85079,51.54284],[-9.72929,51.5592],[-9.63379,51.59894],[-9.53951,51.61199],[-9.66192,51.55882],[-9.6474,51.55617],[-9.66433,51.54484],[-9.65382,51.54304],[-9.75027,51.52304],[-9.83671,51.4838],[-9.80997,51.47362],[-9.82106,51.44824],[-9.79751,51.44866],[-9.77412,51.47045],[-9.76072,51.46067],[-9.7735,51.44675],[-9.70094,51.46902],[-9.75105,51.46396],[-9.70492,51.47592],[-9.70266,51.49352],[-9.6625,51.49927],[-9.66333,51.51602],[-9.64424,51.52035],[-9.62023,51.49739],[-9.63162,51.48972],[-9.58518,51.49647],[-9.59714,51.50222],[-9.58612,51.51453],[-9.58524,51.50326],[-9.54708,51.50849],[-9.53475,51.5292],[-9.52845,51.51237],[-9.45481,51.52501],[-9.43347,51.54228],[-9.45429,51.56031],[-9.41454,51.53919],[-9.39399,51.54652],[-9.43099,51.51103],[-9.41236,51.51381],[-9.41286,51.49576],[-9.36804,51.5262],[-9.32366,51.53376],[-9.39881,51.49563],[-9.38057,51.48642],[-9.35641,51.4981],[-9.39028,51.47334],[-9.34414,51.46739],[-9.26771,51.49997],[-9.27112,51.48366],[-9.2101,51.4856],[-9.21426,51.49807],[-9.17155,51.52816],[-9.17106,51.51304],[-9.10785,51.53743],[-9.1471,51.57934],[-9.08118,51.54523],[-9.06108,51.55175],[-9.06969,51.55938],[-9.01237,51.55929],[-9.02447,51.58012],[-9.01573,51.5651],[-8.95616,51.55216],[-8.95207,51.52818],[-8.93956,51.54584],[-8.89852,51.54591],[-8.8918,51.56963],[-8.86783,51.57602],[-8.86712,51.59267],[-8.89583,51.59765],[-8.85601,51.59884],[-8.87939,51.62226],[-8.84963,51.61081],[-8.84891,51.59269],[-8.77442,51.58122],[-8.76055,51.59308],[-8.7588,51.57031],[-8.71358,51.56904],[-8.67589,51.60878],[-8.70243,51.61814],[-8.68217,51.63629],[-8.76442,51.64394],[-8.68046,51.64373],[-8.67808,51.65866],[-8.65843,51.63415],[-8.56311,51.63903],[-8.56328,51.62311],[-8.53338,51.60362],[-8.52819,51.62759],[-8.55133,51.64242],[-8.52978,51.65638],[-8.52767,51.68622],[-8.50195,51.68423],[-8.50883,51.70017],[-8.59652,51.69479],[-8.63438,51.73753],[-8.59746,51.69925],[-8.50699,51.70483],[-8.49396,51.67407],[-8.47586,51.67315],[-8.45017,51.69321],[-8.48941,51.72074],[-8.45505,51.69691],[-8.44158,51.70978],[-8.44057,51.68479],[-8.42205,51.70111],[-8.33999,51.71614],[-8.29575,51.75443],[-8.30683,51.77192],[-8.33775,51.7641],[-8.27332,51.7982],[-8.27793,51.81055],[-8.29309,51.80772],[-8.32386,51.82216],[-8.30333,51.81785],[-8.29668,51.83601],[-8.35307,51.83516],[-8.33131,51.8487],[-8.33867,51.87429],[-8.40784,51.87748],[-8.39096,51.88072],[-8.39465,51.89864],[-8.44766,51.90169],[-8.39242,51.90523],[-8.33794,51.88511],[-8.31749,51.90439],[-8.33244,51.91127],[-8.28574,51.90495],[-8.32264,51.89613],[-8.30895,51.88707],[-8.3336,51.87797],[-8.31879,51.84233],[-8.26723,51.86103],[-8.21296,51.85804],[-8.20301,51.87794],[-8.28896,51.88513],[-8.28092,51.89361],[-8.19792,51.88326],[-8.17553,51.89832],[-8.17071,51.883],[-8.21016,51.86363],[-8.17549,51.85931],[-8.19411,51.8512],[-8.18279,51.84645],[-8.23916,51.83787],[-8.23404,51.82499],[-8.25153,51.82986],[-8.26453,51.81511],[-8.25352,51.79226],[-8.16901,51.78464],[-8.12929,51.80524],[-8.00184,51.82507],[-8.03098,51.83729],[-7.99793,51.8602],[-7.86571,51.88046],[-7.90444,51.89457],[-7.90439,51.91111],[-7.92802,51.90284],[-7.84149,51.9419],[-7.85819,51.98144],[-7.86894,51.98583],[-7.81724,51.97029],[-7.84101,51.95451],[-7.83001,51.94061],[-7.77451,51.95167],[-7.73236,51.93751],[-7.70913,51.94128],[-7.72272,51.95309],[-7.69766,51.97372],[-7.58578,51.99119],[-7.57433,52.03449],[-7.53294,52.05336],[-7.64253,52.06079],[-7.61466,52.08809],[-7.63751,52.10407],[-7.61008,52.08729],[-7.58594,52.10287],[-7.55229,52.07753],[-7.53999,52.0981],[-7.42733,52.12927],[-7.28372,52.14037],[-7.21941,52.12836],[-7.16985,52.13619],[-7.14892,52.15904],[-7.09114,52.14912],[-7.12812,52.16076],[-7.11948,52.16992],[-7.07518,52.16493],[-7.10806,52.127],[-6.98934,52.14526],[-6.94927,52.17849],[-6.98329,52.18928],[-6.96761,52.22887],[-6.9975,52.25433],[-6.98985,52.27214],[-7.02412,52.26787],[-7.04603,52.24898],[-7.03967,52.25528],[-7.06263,52.25523],[-7.04812,52.24717],[-7.0558,52.24055],[-7.08856,52.25327],[-7.04384,52.25698],[-7.00581,52.27921],[-7.01976,52.2972],[-6.98766,52.32099],[-6.99707,52.36029],[-6.98854,52.36252],[-6.9839,52.32218],[-7.01566,52.29502],[-6.97576,52.27318],[-6.97883,52.24823],[-6.90361,52.20058],[-6.91368,52.19078],[-6.90014,52.15861],[-6.93103,52.12232],[-6.88072,52.16142],[-6.82309,52.17488],[-6.81908,52.21037],[-6.8357,52.21709],[-6.76047,52.26232],[-6.75421,52.24829],[-6.79053,52.21463],[-6.80831,52.21854],[-6.78739,52.20417],[-6.70161,52.21464],[-6.63461,52.19806],[-6.59675,52.1695],[-6.48929,52.19049],[-6.36302,52.17212],[-6.31126,52.24063],[-6.37353,52.25732],[-6.38857,52.30949],[-6.39951,52.28864],[-6.42628,52.30521],[-6.42865,52.29348],[-6.47664,52.35245],[-6.50522,52.35327],[-6.46655,52.37774],[-6.47118,52.35319],[-6.45712,52.33994],[-6.43354,52.35596],[-6.35888,52.34775],[-6.35323,52.40893],[-6.19351,52.56266],[-6.22946,52.63212],[-6.18709,52.69908],[-6.14043,52.73284],[-6.1423,52.79901],[-6.10279,52.83993],[-6.05787,52.85722],[-6.05943,52.8806],[-5.99662,52.96416],[-6.04914,52.99795],[-6.03699,53.0961],[-6.07652,53.18926],[-6.10336,53.21079],[-6.11203,53.25725],[-6.09386,53.27686],[-6.12667,53.29011],[-6.12589,53.30288],[-6.15358,53.29537],[-6.20415,53.31616],[-6.20959,53.33766],[-6.1513,53.34236],[-6.24697,53.3471],[-6.18855,53.34545],[-6.22838,53.35978],[-6.18938,53.35793],[-6.1302,53.38749],[-6.10266,53.38611],[-6.0777,53.36008],[-6.05186,53.36111],[-6.04317,53.37875],[-6.12205,53.39392],[-6.13637,53.41027],[-6.11222,53.40057],[-6.12357,53.44323],[-6.20028,53.46374],[-6.14633,53.47488],[-6.13392,53.46918],[-6.1462,53.45495],[-6.1325,53.45416],[-6.09624,53.49011],[-6.12724,53.50912],[-6.07586,53.51912],[-6.07911,53.55218],[-6.09885,53.58497],[-6.15065,53.58732],[-6.18739,53.6301],[-6.21233,53.63308],[-6.23904,53.67594],[-6.24458,53.72094],[-6.30217,53.72069],[-6.2736,53.73657],[-6.24687,53.72309],[-6.23778,53.78502],[-6.21723,53.79506],[-6.2615,53.80886],[-6.23739,53.85978],[-6.3298,53.87599],[-6.36305,53.89629],[-6.37751,53.95561],[-6.33242,53.99399],[-6.41133,54.01485],[-6.36095,54.01006],[-6.36442,54.03129],[-6.35154,54.01149],[-6.16565,53.97664],[-6.10092,53.99996],[-6.132,54.03485],[-6.18479,54.04066],[-6.28222,54.11139],[-6.16159,54.05004],[-6.12196,54.04729],[-6.05483,53.96549],[-5.82564,53.87035],[-5.32217,53.76333],[-5.32217,53.74],[-5.2975,53.74],[-5.2975,53.70233],[-5.27233,53.70233],[-5.28333,53.53333],[-5.31667,53.53333],[-5.31667,53.43333],[-5.33333,53.43333],[-5.33333,53.15],[-5.31667,53.15],[-5.31667,52.98333],[-5.375,52.98333],[-5.375,52.86667],[-5.40833,52.86667],[-5.40833,52.73333],[-5.46667,52.73333],[-5.46667,52.53333],[-5.38,52.53333],[-5.38,52.4],[-5.58333,52.4],[-5.58333,52.26667],[-5.65,52.26667],[-5.65,52.2],[-5.7,52.2],[-5.7,52.13333],[-5.76667,52.13333],[-5.76667,52.06667],[-5.83333,52.06667],[-5.83333,52.0],[-5.9,52.0],[-5.9,51.96667],[-5.95,51.96667],[-5.95,51.9],[-6.0,51.9],[-6.0,51.83333],[-6.1,51.83333],[-6.1,51.66667],[-6.3,51.66667],[-6.3,51.5],[-6.55,51.5],[-6.55,51.33333],[-6.7,51.33333],[-6.7,51.16667],[-6.8,51.16667],[-6.8,51.0],[-7.05,51.0],[-7.05,50.83333],[-7.2,50.83333],[-7.2,50.66667],[-7.6,50.66667],[-7.6,50.5],[-8.0,50.5],[-8.0,50.33333],[-8.2,50.33333],[-8.2,50.16667],[-8.4,50.16667],[-8.4,50.0],[-8.53371,50.0],[-8.53371,49.83333],[-8.6,49.83333],[-8.6,49.66667],[-8.75,49.66667],[-8.75,49.5],[-9.05,49.5],[-9.05,49.33333],[-9.2,49.33333],[-9.2,49.16667],[-9.28333,49.16667],[-9.28333,49.0],[-9.4,49.0],[-9.40895,48.5],[-9.8,48.5],[-9.8,48.33333],[-9.91671,48.33333],[-9.91671,48.18019],[-10.82148,48.17921],[-11.58029,48.31549],[-12.4599,48.56034],[-12.99731,48.74142],[-13.49364,48.95714],[-14.03317,49.25796],[-14.64701,49.68802],[-15.04439,50.03313],[-15.36883,50.39927],[-15.60282,50.75132],[-15.87203,51.28884],[-15.9908,51.61403],[-16.05796,51.94347],[-16.07324,52.25158],[-16.04211,52.55922],[-15.96351,52.86442],[-15.83849,53.16116],[-15.89533,53.41503],[-15.98981,54.12452],[-15.97468,54.45462],[-15.90399,54.77862],[-15.78567,55.07956],[-15.60952,55.38418],[-15.41235,55.64033],[-15.07409,56.00317],[-14.78,56.26776],[-14.42776,56.52212],[-14.33411,56.58132],[-14.16667,56.57719],[-14.16667,56.66667],[-14.0,56.66667],[-14.0,56.7],[-12.2,56.7],[-12.2,56.54167],[-10.5,56.54167],[-10.5,56.35833],[-9.11667,56.35833],[-9.11667,56.16667],[-8.65833,56.16667],[-8.65833,56.08333],[-8.21667,56.08333],[-8.21667,56.0],[-7.38333,56.0],[-7.38333,55.91667],[-7.25,55.91667],[-7.25,55.83333],[-7.13333,55.83333],[-7.13333,55.75],[-7.03333,55.75],[-7.03333,55.66667],[-6.95,55.66667],[-6.95,55.58333],[-6.85,55.58333],[-6.85,55.5],[-6.8,55.5],[-6.8,55.46667],[-6.75,55.46667],[-6.74414,55.41486],[-6.85858,55.22999],[-6.88277,55.21265],[-6.96899,55.19844],[-7.08392,55.10755],[-7.25374,55.06691],[-7.15811,55.14894],[-6.95195,55.20927],[-6.92089,55.23661],[-7.15428,55.295],[-7.17618,55.32045],[-7.16986,55.3367],[-7.19462,55.34817],[-7.39799,55.37847],[-7.34836,55.35772],[-7.35527,55.3319],[-7.33007,55.31173],[-7.25396,55.29452],[-7.26612,55.28949],[-7.24736,55.27862],[-7.34785,55.28463],[-7.30413,55.29279],[-7.36109,55.31863],[-7.38374,55.29216],[-7.42921,55.27961],[-7.46779,55.29694],[-7.47107,55.28128],[-7.52788,55.28586],[-7.51002,55.26559],[-7.53476,55.2468],[-7.51839,55.2395],[-7.54535,55.21715],[-7.54079,55.2007],[-7.55551,55.19704],[-7.463,55.13748],[-7.45865,55.1187],[-7.48301,55.08748],[-7.45807,55.07997],[-7.45509,55.06282],[-7.51604,55.0839],[-7.53298,55.07303],[-7.52689,55.05911],[-7.47488,55.04427],[-7.51395,55.03987],[-7.51582,55.02502],[-7.59419,54.99523],[-7.62332,54.9642],[-7.63682,54.97204],[-7.6814,54.95177],[-7.63953,54.99621],[-7.55927,55.03493],[-7.57686,55.05483],[-7.64328,55.0395],[-7.63333,55.05726],[-7.5306,55.09461],[-7.51775,55.12266],[-7.57672,55.16992],[-7.57267,55.18046],[-7.6172,55.19095],[-7.62422,55.20454],[-7.60242,55.23142],[-7.63245,55.27814],[-7.69505,55.26494],[-7.69163,55.2535],[-7.71168,55.24637],[-7.75767,55.25795],[-7.75212,55.23678],[-7.79641,55.21698],[-7.78778,55.22473],[-7.78841,55.25696],[-7.81336,55.24846],[-7.81725,55.22568],[-7.86878,55.22501],[-7.87268,55.20108],[-7.82545,55.18178],[-7.85491,55.12878],[-7.87391,55.14471],[-7.90335,55.13497],[-7.85314,55.16345],[-7.91202,55.15637],[-7.87257,55.17257],[-7.89939,55.17344],[-7.89425,55.18841],[-7.98222,55.18485],[-7.9392,55.20563],[-7.98235,55.22764],[-8.01694,55.21453],[-8.02496,55.1741],[-8.12179,55.15782],[-8.13578,55.12057],[-8.1646,55.12707],[-8.15621,55.13837],[-8.17066,55.14344],[-8.13002,55.15492],[-8.1373,55.16367],[-8.16003,55.14656],[-8.28629,55.1598],[-8.32692,55.08925],[-8.30798,55.06653],[-8.32378,55.05063],[-8.29856,55.04316],[-8.3261,55.04275],[-8.31929,55.02363],[-8.33402,55.02322],[-8.33815,55.0459],[-8.31979,55.06424],[-8.33272,55.06738],[-8.35484,55.06115],[-8.34911,55.03906],[-8.40032,55.04176],[-8.39384,55.02525],[-8.40822,55.0153],[-8.42941,55.05199],[-8.42059,55.03419],[-8.44226,55.02953],[-8.3999,55.00207],[-8.45182,55.01309],[-8.46315,55.00186],[-8.42531,54.96445],[-8.36294,54.94798],[-8.43239,54.93504],[-8.45445,54.94545],[-8.4449,54.9298],[-8.46019,54.91907],[-8.38474,54.88292],[-8.38019,54.90481],[-8.34379,54.90723],[-8.34256,54.89098],[-8.31043,54.88888],[-8.32126,54.87375],[-8.39038,54.87948],[-8.38068,54.85048],[-8.31615,54.84446],[-8.25317,54.87464],[-8.33488,54.83431],[-8.40052,54.8532],[-8.56243,54.83201],[-8.41293,54.7735],[-8.43103,54.76284],[-8.4767,54.79209],[-8.54923,54.78278],[-8.43414,54.75547],[-8.65219,54.77563],[-8.74741,54.73848],[-8.74189,54.70892],[-8.80726,54.69922],[-8.78347,54.68868],[-8.80301,54.66637],[-8.79371,54.65914],[-8.69285,54.64199],[-8.68031,54.61846],[-8.62713,54.62178],[-8.64314,54.64775],[-8.62422,54.62236],[-8.60395,54.625],[-8.62166,54.61775],[-8.58417,54.61577],[-8.58641,54.60579],[-8.48676,54.63498],[-8.48449,54.6044],[-8.46282,54.60532],[-8.42724,54.65072],[-8.44112,54.6133],[-8.39141,54.63537],[-8.3774,54.61379],[-8.44723,54.59038],[-8.46126,54.56568],[-8.28737,54.64619],[-8.27179,54.63534],[-8.2981,54.60104],[-8.16693,54.64678],[-8.15481,54.64583],[-8.16693,54.64184],[-8.16107,54.62837],[-8.11572,54.6494],[-8.14499,54.63013],[-8.10815,54.63281],[-8.13167,54.62145],[-8.10901,54.61263],[-8.13226,54.61867],[-8.14951,54.60233],[-8.14961,54.62327],[-8.16452,54.62501],[-8.16537,54.59523],[-8.22329,54.57156],[-8.21033,54.54869],[-8.27016,54.52687],[-8.20053,54.50007],[-8.26047,54.50503],[-8.28346,54.47755],[-8.43766,54.45273],[-8.447,54.47096],[-8.46988,54.47025],[-8.49003,54.45449],[-8.46737,54.43972],[-8.49038,54.41831],[-8.54653,54.39293],[-8.56302,54.40254],[-8.55099,54.40712],[-8.56737,54.41423],[-8.57165,54.39206],[-8.68142,54.35642],[-8.64396,54.3193],[-8.64172,54.33359],[-8.59055,54.34338],[-8.50166,54.32249],[-8.52986,54.31486],[-8.56767,54.3311],[-8.57843,54.30627],[-8.51916,54.30081],[-8.47525,54.27709],[-8.58479,54.27646],[-8.61169,54.289],[-8.62647,54.25485],[-8.60239,54.26063],[-8.56997,54.23083],[-8.50998,54.21702],[-8.58325,54.20807],[-8.66211,54.2726],[-8.73033,54.26382],[-8.76401,54.27871],[-8.82685,54.25346],[-8.93106,54.29432],[-9.05785,54.29547],[-9.05467,54.27322],[-9.09514,54.21489],[-9.13599,54.20606],[-9.11341,54.19983],[-9.13586,54.17787],[-9.14062,54.12723],[-9.14262,54.18252],[-9.16377,54.19047],[-9.15982,54.20162],[-9.22403,54.21716],[-9.19644,54.22982],[-9.19476,54.24714],[-9.26406,54.22814],[-9.21387,54.25014],[-9.20722,54.28087],[-9.25206,54.27121],[-9.24693,54.29678],[-9.26376,54.3098],[-9.34848,54.3275],[-9.38228,54.29448],[-9.4015,54.31027],[-9.49837,54.32057],[-9.51816,54.31005],[-9.61678,54.32683],[-9.71053,54.31917],[-9.74895,54.34057],[-9.78347,54.33198],[-9.78655,54.34677],[-9.85728,54.32502],[-9.86398,54.30252],[-9.79087,54.29686],[-9.76427,54.28082],[-9.80265,54.29371],[-9.80531,54.27851],[-9.75387,54.25582],[-9.80299,54.26926],[-9.81368,54.28526],[-9.84017,54.28195],[-9.88052,54.25743],[-9.84903,54.22394],[-9.88114,54.23403],[-9.89363,54.22932],[-9.87569,54.2195],[-9.89013,54.21491],[-9.9578,54.21506],[-9.98501,54.22448],[-9.91438,54.22749],[-9.88668,54.26901],[-9.96113,54.27231],[-9.99678,54.30915],[-10.00934,54.29245],[-10.08373,54.26965],[-10.09715,54.24821],[-10.06936,54.2345],[-10.10785,54.24535],[-10.05565,54.21835],[-10.10525,54.19959],[-10.08581,54.18299],[-10.11976,54.14554],[-10.12278,54.11175],[-10.13717,54.10956],[-10.12928,54.09634],[-10.08247,54.08541],[-10.05872,54.09932],[-10.09413,54.11452],[-10.06494,54.12337],[-10.07518,54.13934],[-10.05533,54.14537],[-10.09356,54.158],[-10.03483,54.16312],[-10.04497,54.19165],[-10.01058,54.18127],[-9.9991,54.19612],[-10.02566,54.21492],[-10.00278,54.21552],[-10.01144,54.22649],[-9.95459,54.19486],[-9.92203,54.19509],[-9.94952,54.1741],[-9.98627,54.17958],[-9.92418,54.15318],[-9.95645,54.15572],[-9.96062,54.14208],[-9.90028,54.11744],[-9.99366,54.10282],[-9.96611,54.08242],[-9.97108,54.06088],[-9.9295,54.06001],[-9.89289,54.07191],[-9.90008,54.09647],[-9.88158,54.08679],[-9.87255,54.10963],[-9.83287,54.11452],[-9.8635,54.10676],[-9.8377,54.09311],[-9.87164,54.0833],[-9.87904,54.07036],[-9.84756,54.07228],[-9.86381,54.0551],[-9.88631,54.06974],[-9.90956,54.04823],[-9.89542,54.0119],[-9.89224,54.02485],[-9.87911,54.00737],[-9.92574,53.99485],[-9.89189,53.98373],[-9.87626,54.00552],[-9.82764,53.99123],[-9.84835,53.99483],[-9.852,53.96669],[-9.82983,53.96734],[-9.82121,53.95472],[-9.83898,53.96034],[-9.90783,53.95766],[-9.90739,53.9431],[-9.93894,53.93057],[-9.91401,53.96365],[-9.96655,53.95107],[-9.94455,53.98086],[-9.95725,53.98843],[-9.92788,53.99432],[-9.97272,54.03036],[-9.99457,54.01443],[-10.07169,54.02374],[-10.10162,54.00059],[-10.18828,54.0155],[-10.18837,53.99619],[-10.25899,53.97323],[-10.18829,53.96004],[-10.12532,53.9733],[-10.11683,53.95948],[-10.06886,53.97217],[-10.04564,53.95846],[-10.05425,53.91415],[-10.01934,53.9205],[-9.96063,53.87387],[-9.94448,53.8751],[-9.93632,53.89801],[-9.95554,53.91034],[-9.90412,53.9327],[-9.92966,53.9133],[-9.92461,53.8875],[-9.94436,53.87237],[-9.90534,53.86111],[-9.76457,53.90009],[-9.65426,53.89896],[-9.64901,53.88658],[-9.57562,53.89718],[-9.5651,53.8908],[-9.60149,53.88279],[-9.55509,53.88997],[-9.59396,53.87717],[-9.55702,53.87484],[-9.60222,53.86543],[-9.55574,53.85653],[-9.59452,53.85767],[-9.56405,53.84702],[-9.61776,53.84468],[-9.62014,53.83195],[-9.59895,53.83344],[-9.62713,53.82261],[-9.60242,53.81484],[-9.63298,53.81705],[-9.55042,53.80469],[-9.58431,53.78111],[-9.65703,53.78236],[-9.65052,53.80016],[-9.72027,53.77641],[-9.79222,53.78206],[-9.90494,53.76357],[-9.91213,53.75206],[-9.89416,53.73546],[-9.92167,53.69684],[-9.90228,53.67114],[-9.91431,53.65254],[-9.784,53.60208],[-9.67211,53.60751],[-9.78739,53.59409],[-9.88374,53.62997],[-9.84962,53.60992],[-9.89055,53.61861],[-9.92548,53.59884],[-10.05602,53.61109],[-10.02427,53.57828],[-9.96493,53.57079],[-10.00152,53.55997],[-9.96274,53.55041],[-10.00182,53.54524],[-10.02006,53.55989],[-10.01198,53.56631],[-10.04531,53.57248],[-10.12866,53.57675],[-10.09275,53.55281],[-10.16114,53.57072],[-10.15158,53.56169],[-10.20363,53.5431],[-10.14793,53.54135],[-10.13865,53.51718],[-10.1056,53.51234],[-10.13825,53.51478],[-10.11535,53.50593],[-10.12525,53.49945],[-10.01853,53.47243],[-10.08641,53.48824],[-10.10168,53.48107],[-10.08147,53.47308],[-10.09319,53.46727],[-10.03534,53.46017],[-10.07357,53.43926],[-10.1348,53.45651],[-10.13905,53.44345],[-10.17732,53.43879],[-10.15409,53.43608],[-10.19785,53.40515],[-10.14823,53.41986],[-10.12633,53.40486],[-10.14121,53.39659],[-10.07257,53.42041],[-10.03617,53.40761],[-10.05163,53.40337],[-10.0291,53.38471],[-9.9678,53.38229],[-9.98017,53.37231],[-9.9583,53.36644],[-9.95942,53.3783],[-9.91466,53.38879],[-9.91544,53.41402],[-9.90836,53.37792],[-9.89058,53.3772],[-9.90139,53.42266],[-9.885,53.41448],[-9.85376,53.42962],[-9.86627,53.43418],[-9.8276,53.42508],[-9.88704,53.41167],[-9.8654,53.38732],[-9.85838,53.40255],[-9.84824,53.39389],[-9.80217,53.41798],[-9.82311,53.40613],[-9.78881,53.40647],[-9.80272,53.39635],[-9.79262,53.3917],[-9.88957,53.36775],[-9.89543,53.35266],[-9.87857,53.35261],[-9.89557,53.34616],[-9.88314,53.33988],[-9.90801,53.32848],[-9.87151,53.3108],[-9.86294,53.33088],[-9.84659,53.3187],[-9.87619,53.30306],[-9.84111,53.28733],[-9.84375,53.3072],[-9.77407,53.29137],[-9.735,53.30617],[-9.69266,53.36023],[-9.64885,53.38695],[-9.63643,53.38322],[-9.64687,53.37041],[-9.62799,53.37877],[-9.62887,53.36123],[-9.68505,53.34998],[-9.62698,53.34755],[-9.66969,53.3407],[-9.64342,53.33017],[-9.58055,53.33564],[-9.58344,53.35015],[-9.61419,53.34651],[-9.59806,53.36653],[-9.61272,53.37924],[-9.5572,53.38321],[-9.59975,53.3609],[-9.55154,53.34199],[-9.56188,53.33411],[-9.57029,53.34737],[-9.57315,53.33307],[-9.62595,53.31864],[-9.60942,53.299],[-9.61968,53.29281],[-9.60061,53.29325],[-9.632,53.25318],[-9.61407,53.23055],[-9.58511,53.2357],[-9.58033,53.27063],[-9.54779,53.28033],[-9.55765,53.288],[-9.54186,53.27988],[-9.56853,53.26373],[-9.55028,53.25264],[-9.55527,53.23473],[-9.52536,53.22105],[-9.11163,53.25895],[-9.12012,53.24454],[-9.06903,53.2626],[-9.05142,53.25225],[-9.0444,53.26764],[-8.96783,53.26101],[-8.94696,53.27263],[-8.93415,53.2696],[-8.94533,53.25957],[-8.99244,53.24563],[-8.96426,53.24033],[-9.05048,53.21781],[-8.97177,53.20214],[-8.9893,53.2115],[-8.90346,53.22125],[-8.95569,53.19135],[-8.95994,53.17126],[-8.94423,53.16814],[-8.93422,53.13973],[-8.97571,53.16057],[-8.9606,53.16524],[-8.96838,53.17658],[-9.0848,53.16636],[-9.02326,53.15813],[-9.01327,53.14369],[-9.05279,53.15872],[-9.1283,53.15736],[-9.13845,53.14866],[-9.08929,53.14669],[-9.073,53.12253],[-9.09437,53.14364],[-9.15186,53.11963],[-9.16815,53.13537],[-9.26359,53.15427],[-9.28268,53.14492],[-9.31018,53.09359],[-9.35983,53.07207],[-9.36479,53.05113],[-9.41006,53.01882],[-9.39311,53.00765],[-9.47634,52.94122],[-9.46708,52.92975],[-9.35815,52.94314],[-9.35068,52.91851],[-9.44648,52.87681],[-9.42773,52.86707],[-9.45582,52.84836],[-9.43188,52.83522],[-9.49341,52.80849],[-9.47659,52.78209],[-9.50636,52.76958],[-9.4962,52.75056],[-9.52752,52.74795],[-9.53011,52.73583],[-9.54834,52.75167],[-9.61273,52.74277],[-9.63659,52.72775],[-9.61749,52.71561],[-9.65975,52.69243],[-9.65158,52.67748],[-9.69388,52.67482],[-9.81074,52.60341],[-9.88442,52.59134],[-9.87065,52.58603],[-9.9391,52.55809],[-9.69698,52.58229],[-9.70073,52.6117],[-9.60369,52.61767],[-9.5471,52.63925],[-9.57987,52.66651],[-9.54177,52.66721],[-9.5512,52.65713],[-9.53209,52.63017],[-9.49918,52.63408],[-9.41715,52.60218],[-9.26994,52.63946],[-9.33943,52.60115],[-9.31006,52.58684],[-9.26148,52.60224],[-9.25533,52.61971],[-9.16252,52.61844],[-9.07671,52.66923],[-9.0621,52.71153],[-9.03448,52.72452],[-9.04284,52.74949],[-8.94789,52.77904],[-8.96003,52.79859],[-8.94078,52.78671],[-8.94756,52.76966],[-8.97848,52.75497],[-8.94207,52.73546],[-8.96709,52.71837],[-8.96559,52.68344],[-8.91889,52.6792],[-8.86281,52.69781],[-8.71263,52.67396],[-8.69376,52.65349],[-8.63873,52.66059],[-8.69468,52.65218],[-8.71102,52.67021],[-8.74938,52.67459],[-8.79159,52.65625],[-8.8366,52.67231],[-8.95775,52.66066],[-8.99865,52.63937],[-8.98777,52.61924],[-9.00629,52.63471],[-9.00785,52.61794],[-9.06344,52.63697],[-9.08257,52.61217],[-9.12531,52.61543],[-9.29794,52.57118],[-9.36579,52.57218],[-9.36503,52.5912],[-9.45202,52.58113],[-9.47938,52.5678],[-9.49618,52.58017],[-9.54102,52.56593],[-9.62032,52.58138],[-9.68187,52.54536],[-9.66921,52.53976],[-9.68717,52.48359],[-9.65096,52.48938],[-9.63232,52.47134],[-9.7101,52.48138],[-9.76898,52.44959],[-9.86472,52.42723],[-9.92475,52.43017],[-9.94795,52.41217],[-9.83471,52.38739],[-9.84926,52.31167],[-9.83338,52.32343],[-9.82512,52.3117],[-9.86878,52.30283],[-9.83155,52.29986],[-9.86821,52.281],[-9.86318,52.29456],[-9.88439,52.30209],[-9.87684,52.27395],[-9.7756,52.27493],[-9.73651,52.2568],[-9.81896,52.24421],[-9.83001,52.25238],[-9.81097,52.25986],[-9.83301,52.26033],[-9.86305,52.23585],[-9.95564,52.23247],[-10.0253,52.2702],[-10.00372,52.30928],[-10.01589,52.31643],[-10.02402,52.30469],[-10.0584,52.30998],[-10.03329,52.28365],[-10.09533,52.24574],[-10.18119,52.23089],[-10.14527,52.26116],[-10.16199,52.26462],[-10.15645,52.28729],[-10.17765,52.2915],[-10.29476,52.25779],[-10.30714,52.24083],[-10.36088,52.23541],[-10.37454,52.21671],[-10.35683,52.21163],[-10.37982,52.1943],[-10.37102,52.17599],[-10.41428,52.18375],[-10.40967,52.20925],[-10.47621,52.17601],[-10.44076,52.17337],[-10.47924,52.15032],[-10.45984,52.12293],[-10.48417,52.10599],[-10.4523,52.09661],[-10.35066,52.10645],[-10.37617,52.11762],[-10.36209,52.13223],[-10.32078,52.11293],[-10.26588,52.11312],[-10.31183,52.12825],[-10.28725,52.14038],[-10.24687,52.11556],[-10.20636,52.13412],[-10.21501,52.12272],[-10.19337,52.10651],[-9.98616,52.14291],[-9.9355,52.10579],[-9.96483,52.14033],[-9.75316,52.15651],[-9.79886,52.14304],[-9.77402,52.12504],[-9.81266,52.13223],[-9.88905,52.11118],[-9.89942,52.13798],[-9.90959,52.10265],[-9.93407,52.08579],[-9.91724,52.0668],[-9.93488,52.07806],[-9.97203,52.05592],[-9.96642,52.08937],[-9.97868,52.05306],[-10.13227,52.02944],[-10.21402,51.99057],[-10.258,51.99147],[-10.26514,51.96633],[-10.3208,51.95171],[-10.26968,51.93863],[-10.18495,51.96132],[-10.27865,51.92992],[-10.25348,51.9217],[-10.25306,51.90442],[-10.27461,51.9131],[-10.29764,51.89579],[-10.40856,51.87795],[-10.38811,51.86736],[-10.3982,51.84338],[-10.33572,51.84529],[-10.33531,51.80453],[-10.35555,51.79707],[-10.34343,51.7831],[-10.27195,51.80705],[-10.24631,51.84347],[-10.18773,51.85704],[-10.20864,51.84424],[-10.17335,51.82606],[-10.17822,51.79227],[-10.22767,51.78154],[-10.14961,51.76424],[-10.14872,51.75168],[-10.11188,51.76254],[-10.14291,51.74089],[-10.12606,51.73682],[-10.05823,51.76966],[-10.01653,51.76817],[-9.94974,51.80007],[-9.89875,51.8032],[-9.90368,51.83542],[-9.89807,51.8126],[-9.86096,51.81449],[-9.87129,51.79522],[-9.82952,51.82449],[-9.8047,51.82941],[-9.80859,51.81672],[-9.74629,51.84904]],[[-6.36868,52.34627],[-6.37144,52.34585],[-6.35828,52.34471],[-6.36868,52.34627]],[[-8.55099,54.40712],[-8.54849,54.40604],[-8.5074,54.4237],[-8.55099,54.40712]],[[-9.60648,53.78381],[-9.58951,53.79401],[-9.60776,53.78396],[-9.60648,53.78381]],[[-10.57489,52.07355],[-10.51497,52.0952],[-10.50632,52.10397],[-10.52065,52.10983],[-10.57489,52.07355]],[[-10.30396,53.60114],[-10.28971,53.60338],[-10.26225,53.60868],[-10.29134,53.61825],[-10.30396,53.60114]],[[-10.2619,53.63384],[-10.23781,53.61295],[-10.18361,53.60871],[-10.17777,53.63136],[-10.20254,53.63748],[-10.23361,53.62038],[-10.2619,53.63384]],[[-10.22802,53.52432],[-10.21464,53.52197],[-10.21409,53.52686],[-10.22802,53.52432]],[[-10.22978,54.10583],[-10.1988,54.11966],[-10.21311,54.12563],[-10.22978,54.10583]],[[-10.20711,54.12542],[-10.18706,54.12866],[-10.20541,54.14745],[-10.20711,54.12542]],[[-8.56908,54.97558],[-8.51072,54.97217],[-8.48645,54.97399],[-8.49495,55.00237],[-8.54352,55.01965],[-8.56383,55.01464],[-8.55011,55.00129],[-8.56908,54.97558]],[[-8.46738,54.97329],[-8.44757,54.97002],[-8.46244,54.98258],[-8.46738,54.97329]],[[-8.45995,54.95203],[-8.43255,54.94748],[-8.41892,54.9499],[-8.44467,54.96661],[-8.45995,54.95203]],[[-8.46511,55.05679],[-8.45632,55.04737],[-8.43851,55.05055],[-8.44874,55.06188],[-8.46511,55.05679]],[[-8.24827,55.27659],[-8.24031,55.26268],[-8.2057,55.25173],[-8.19701,55.26156],[-8.24827,55.27659]],[[-8.67661,54.43317],[-8.6573,54.42905],[-8.64379,54.43292],[-8.66016,54.43666],[-8.67661,54.43317]],[[-8.60314,54.28917],[-8.59215,54.28721],[-8.57567,54.29985],[-8.5937,54.30594],[-8.60314,54.28917]],[[-9.87253,53.96806],[-9.85727,53.97199],[-9.85479,53.98756],[-9.8652,53.99646],[-9.87253,53.96806]],[[-10.14059,53.62942],[-10.13766,53.62584],[-10.12524,53.62724],[-10.14059,53.62942]],[[-10.14052,53.69366],[-10.09177,53.69641],[-10.08425,53.71264],[-10.1236,53.71266],[-10.14052,53.69366]],[[-10.05661,53.78657],[-9.9487,53.80281],[-9.94277,53.81192],[-9.98073,53.8291],[-10.03735,53.80731],[-10.05661,53.78657]],[[-9.96784,53.87124],[-9.94455,53.85675],[-9.94339,53.86856],[-9.96784,53.87124]],[[-9.67488,53.83105],[-9.6361,53.84622],[-9.66913,53.83873],[-9.64287,53.85069],[-9.67382,53.85055],[-9.67488,53.83105]],[[-9.66064,53.83211],[-9.6425,53.83031],[-9.62738,53.83196],[-9.64232,53.83739],[-9.66064,53.83211]],[[-9.64638,53.84162],[-9.63554,53.84159],[-9.63523,53.84524],[-9.64638,53.84162]],[[-10.18689,53.53446],[-10.17027,53.5226],[-10.14675,53.5264],[-10.17218,53.53677],[-10.18689,53.53446]],[[-9.82691,53.13611],[-9.65405,53.08864],[-9.63816,53.08917],[-9.63477,53.10854],[-9.67439,53.11479],[-9.65263,53.12553],[-9.66037,53.13323],[-9.70641,53.14233],[-9.75023,53.13032],[-9.76346,53.1496],[-9.81052,53.1508],[-9.82691,53.13611]],[[-9.77146,53.2291],[-9.72419,53.22334],[-9.71588,53.23954],[-9.69679,53.21904],[-9.64623,53.22864],[-9.64964,53.28489],[-9.68573,53.28557],[-9.62467,53.29285],[-9.62813,53.31913],[-9.65834,53.31123],[-9.6429,53.30331],[-9.70702,53.30373],[-9.69359,53.29043],[-9.71245,53.28637],[-9.6823,53.27148],[-9.72506,53.26406],[-9.704,53.25208],[-9.71241,53.24623],[-9.76024,53.26511],[-9.74349,53.24616],[-9.76705,53.24148],[-9.74442,53.23533],[-9.77146,53.2291]],[[-9.61483,53.08298],[-9.60936,53.06427],[-9.56139,53.08594],[-9.57987,53.10171],[-9.61483,53.08298]],[[-9.53622,52.81382],[-9.52277,52.80979],[-9.51669,52.81457],[-9.53622,52.81382]],[[-9.55589,53.04704],[-9.51206,53.05094],[-9.5053,53.06354],[-9.54378,53.06446],[-9.55589,53.04704]],[[-9.62571,53.27525],[-9.61276,53.27888],[-9.62316,53.28551],[-9.62571,53.27525]],[[-9.71737,53.27165],[-9.69594,53.27078],[-9.71872,53.28488],[-9.71737,53.27165]],[[-9.68425,53.32369],[-9.67877,53.31401],[-9.664,53.32648],[-9.68425,53.32369]],[[-9.1191,52.62377],[-9.10895,52.6153],[-9.10477,52.62619],[-9.1191,52.62377]],[[-9.05839,52.67594],[-9.0447,52.68145],[-9.05324,52.68519],[-9.05839,52.67594]],[[-9.04858,52.70614],[-9.02058,52.71217],[-9.03346,52.72098],[-9.04858,52.70614]],[[-9.0289,52.67707],[-9.01633,52.67221],[-9.01477,52.68093],[-9.0289,52.67707]],[[-9.02519,52.70156],[-9.00245,52.70879],[-8.99343,52.71785],[-9.01682,52.7106],[-9.02519,52.70156]],[[-10.4316,51.88289],[-10.2925,51.91256],[-10.28662,51.92631],[-10.35156,51.93586],[-10.35783,51.92207],[-10.40981,51.912],[-10.4316,51.88289]],[[-10.31771,51.93638],[-10.29931,51.9339],[-10.28822,51.93907],[-10.30739,51.94189],[-10.31771,51.93638]],[[-10.23875,51.58287],[-10.22395,51.58309],[-10.15885,51.60156],[-10.1704,51.60976],[-10.22645,51.59352],[-10.23875,51.58287]],[[-10.26685,51.73034],[-10.2529,51.72472],[-10.23607,51.73261],[-10.24717,51.73657],[-10.26685,51.73034]],[[-9.91934,51.61789],[-9.87885,51.61429],[-9.79857,51.63067],[-9.7811,51.64822],[-9.82239,51.63438],[-9.89968,51.63992],[-9.91934,51.61789]],[[-9.53495,51.67969],[-9.49379,51.6787],[-9.47739,51.70613],[-9.50283,51.69805],[-9.53495,51.67969]],[[-9.52938,51.42711],[-9.49521,51.42614],[-9.45958,51.44901],[-9.50221,51.44361],[-9.52938,51.42711]],[[-9.457,51.4886],[-9.43794,51.49066],[-9.42302,51.4993],[-9.44245,51.49989],[-9.457,51.4886]],[[-9.43475,51.45191],[-9.3923,51.47113],[-9.39823,51.48963],[-9.4149,51.48862],[-9.40982,51.47351],[-9.43561,51.4767],[-9.42475,51.47093],[-9.43475,51.45191]],[[-6.61704,52.1122],[-6.60264,52.12006],[-6.61684,52.12003],[-6.61704,52.1122]],[[-6.17891,53.35905],[-6.15734,53.35926],[-6.1163,53.38141],[-6.13722,53.37914],[-6.17891,53.35905]],[[-6.03105,53.48807],[-6.00974,53.48217],[-5.99693,53.49645],[-6.03105,53.48807]]],[[[-9.67004,51.86229],[-9.66532,51.8646],[-9.66503,51.86316],[-9.67004,51.86229]]],[[[-7.04603,52.24898],[-7.04795,52.24708],[-7.04812,52.24717],[-7.04603,52.24898]]],[[[-9.08047,52.67055],[-9.09942,52.6652],[-9.08884,52.67348],[-9.08047,52.67055]]],[[[-9.77667,51.47231],[-9.76379,51.48007],[-9.77412,51.47045],[-9.77667,51.47231]]],[[[-9.17155,51.52816],[-9.17224,51.54911],[-9.16856,51.53027],[-9.17155,51.52816]]],[[[-8.38673,51.81311],[-8.29327,51.80769],[-8.32853,51.80112],[-8.38673,51.81311]]],[[[-8.29327,51.80769],[-8.29309,51.80772],[-8.29299,51.80767],[-8.29327,51.80769]]],[[[-7.87757,51.98842],[-7.87714,51.98916],[-7.86894,51.98583],[-7.87757,51.98842]]],[[[-7.87313,52.06378],[-7.86461,52.08945],[-7.86664,52.0596],[-7.87313,52.06378]]],[[[-7.85241,52.03185],[-7.85146,52.04349],[-7.84787,52.03968],[-7.85241,52.03185]]],[[[-7.86664,52.0596],[-7.85097,52.0495],[-7.85146,52.04349],[-7.86664,52.0596]]],[[[-6.70002,52.21483],[-6.65117,52.22076],[-6.63194,52.20347],[-6.70002,52.21483]]],[[[-6.70729,52.21604],[-6.70002,52.21483],[-6.70161,52.21464],[-6.70729,52.21604]]],[[[-7.88776,51.99349],[-7.85917,52.02019],[-7.87714,51.98916],[-7.88776,51.99349]]],[[[-7.85917,52.02019],[-7.85241,52.03185],[-7.85289,52.02606],[-7.85917,52.02019]]],[[[-9.48219,52.56643],[-9.47938,52.5678],[-9.46975,52.56071],[-9.48219,52.56643]]],[[[-6.16797,53.50117],[-6.1286,53.50885],[-6.12328,53.49885],[-6.16797,53.50117]]],[[[-6.12946,53.51048],[-6.12724,53.50912],[-6.1286,53.50885],[-6.12946,53.51048]]],[[[-9.81528,53.92816],[-9.79627,53.93075],[-9.79731,53.93824],[-9.79336,53.91228],[-9.81528,53.92816]]],[[[-9.82121,53.95472],[-9.8205,53.9545],[-9.8177,53.94959],[-9.82121,53.95472]]],[[[-9.79731,53.93824],[-9.79875,53.94763],[-9.79862,53.94759],[-9.79731,53.93824]]],[[[-9.8271,53.96605],[-9.80241,53.97164],[-9.79875,53.94763],[-9.8205,53.9545],[-9.8271,53.96605]]],[[[-9.75387,54.25582],[-9.74982,54.25471],[-9.75072,54.25442],[-9.75387,54.25582]]],[[[-9.74982,54.25471],[-9.73191,54.26035],[-9.74497,54.25338],[-9.74982,54.25471]]],[[[-7.81622,55.19918],[-7.79788,55.21565],[-7.77031,55.19086],[-7.73544,55.19612],[-7.74556,55.18632],[-7.71041,55.168],[-7.72161,55.22238],[-7.70192,55.22463],[-7.71036,55.21331],[-7.69751,55.20244],[-7.71557,55.19577],[-7.66496,55.15836],[-7.69517,55.09917],[-7.71466,55.09969],[-7.68871,55.14245],[-7.70911,55.16556],[-7.76512,55.18828],[-7.80576,55.17815],[-7.79838,55.18818],[-7.81622,55.19918]]],[[[-7.79838,55.2161],[-7.79641,55.21698],[-7.79788,55.21565],[-7.79838,55.2161]]],[[[-7.09074,52.25309],[-7.15555,52.27923],[-7.08856,52.25327],[-7.09074,52.25309]]],[[[-7.31227,52.32347],[-7.22361,52.24476],[-7.15622,52.27883],[-7.21859,52.24191],[-7.26665,52.26673],[-7.31227,52.32347]]],[[[-6.53378,52.35409],[-6.50522,52.35327],[-6.50814,52.35142],[-6.53378,52.35409]]],[[[-6.98854,52.36252],[-6.98883,52.36509],[-6.96967,52.36743],[-6.98854,52.36252]]],[[[-6.96297,52.36825],[-6.96667,52.36821],[-6.9472,52.39549],[-6.96297,52.36825]]],[[[-6.56892,52.38195],[-6.55075,52.39494],[-6.56376,52.42224],[-6.54762,52.39417],[-6.56713,52.38106],[-6.53378,52.35409],[-6.54416,52.35439],[-6.56892,52.38195]]]]}},{"id":"36","type":"Feature","properties":{"zone_id":"IS00_OFF","name":"Iceland Offshore Node 00","parent_zone":"IS00_OFF","level":"PEOF","area_km2":762738.83},"geometry":{"type":"MultiPolygon","coordinates":[[[[-29.83232,62.20316],[-30.16697,62.51718],[-30.86792,63.30346],[-30.58167,63.92333],[-29.85667,65.21667],[-28.97833,66.21167],[-27.765,66.64],[-26.995,66.955],[-26.55667,67.065],[-25.6,67.38167],[-24.44167,67.63],[-21.75,68.13667],[-20.0,68.40833],[-17.33667,68.76333],[-15.75167,69.05],[-15.355,69.085],[-13.56,69.35667],[-13.26667,69.58333],[-12.13743,69.57914],[-11.45098,69.49486],[-10.75151,69.38283],[-10.06993,69.24466],[-9.47061,69.09499],[-8.88833,68.91844],[-8.38121,68.73301],[-7.91219,68.5267],[-7.48806,68.30004],[-7.05894,68.01122],[-6.71923,67.70818],[-6.55386,67.51536],[-5.89816,66.64103],[-5.75138,66.40919],[-5.65009,66.17725],[-5.59015,65.93719],[-5.57379,65.69336],[-6.08583,65.5073],[-6.78661,65.21764],[-9.25019,64.0],[-10.3149,63.5],[-12.14539,62.53932],[-12.9643,61.92611],[-13.30635,61.56744],[-14.00089,60.70654],[-14.39722,60.63973],[-14.93639,60.50081],[-15.42726,60.39475],[-16.35432,60.24628],[-17.59454,60.10645],[-18.6673,60.06408],[-19.98486,59.98196],[-20.57192,59.96899],[-21.16717,59.97978],[-21.77668,60.01594],[-22.75997,60.12994],[-24.16754,60.37813],[-24.851,60.43448],[-25.50574,60.51904],[-26.3738,60.68124],[-27.18634,60.89134],[-27.95365,61.15171],[-28.6527,61.45588],[-29.28862,61.80971],[-29.57872,62.006],[-29.83232,62.20316]],[[-15.48866,64.22931],[-15.48855,64.22922],[-15.48429,64.22991],[-15.48866,64.22931]],[[-15.48429,64.22991],[-15.46034,64.2332],[-15.18618,64.22938],[-15.36595,64.24886],[-15.48429,64.22991]],[[-15.48866,64.22931],[-15.50707,64.24258],[-15.51319,64.26495],[-15.45475,64.24358],[-15.41564,64.27131],[-15.38078,64.2697],[-15.36614,64.29038],[-15.35909,64.32023],[-15.38205,64.36443],[-15.3721,64.40091],[-15.38989,64.41044],[-15.36713,64.39877],[-15.36485,64.35644],[-15.32269,64.31444],[-15.33144,64.2948],[-15.26487,64.27589],[-15.215,64.28692],[-15.21286,64.24121],[-15.17546,64.26374],[-15.19514,64.2777],[-15.13952,64.27081],[-15.10629,64.29062],[-15.00928,64.25464],[-15.19188,64.23504],[-14.96048,64.24004],[-14.96276,64.25607],[-14.89557,64.28151],[-14.90092,64.29759],[-14.97426,64.29706],[-14.90802,64.34461],[-14.7197,64.39791],[-14.70971,64.4253],[-14.62882,64.42785],[-14.5407,64.40045],[-14.5303,64.42278],[-14.49694,64.43774],[-14.51003,64.45165],[-14.46638,64.49884],[-14.48912,64.51541],[-14.46756,64.54385],[-14.56377,64.53361],[-14.58516,64.54172],[-14.56812,64.55787],[-14.58864,64.57566],[-14.55723,64.5937],[-14.41258,64.59374],[-14.40728,64.62379],[-14.49467,64.65425],[-14.39456,64.65883],[-14.30711,64.63858],[-14.25478,64.65034],[-14.26403,64.66411],[-14.34,64.6738],[-14.34415,64.68879],[-14.39337,64.7057],[-14.40114,64.73239],[-14.47254,64.75454],[-14.47694,64.76461],[-14.455,64.77064],[-14.46595,64.78131],[-14.50905,64.79118],[-14.44401,64.78689],[-14.39208,64.74696],[-14.37635,64.75059],[-14.3708,64.73325],[-14.34938,64.73383],[-14.32436,64.70376],[-14.22774,64.68807],[-14.08318,64.69986],[-13.98458,64.73117],[-14.07311,64.77728],[-14.07008,64.7941],[-13.84034,64.80028],[-13.9537,64.83908],[-13.82939,64.82346],[-13.75127,64.86534],[-13.85584,64.89976],[-14.02678,64.91735],[-14.04319,64.93538],[-13.78714,64.90817],[-13.6818,64.91349],[-13.67978,64.94182],[-13.78108,64.94259],[-13.92563,65.00791],[-14.1784,65.01358],[-14.23663,65.02039],[-14.23853,65.0335],[-14.15598,65.02518],[-13.98735,65.04169],[-14.04082,65.07861],[-13.86131,65.0337],[-13.78515,64.98688],[-13.66068,64.98533],[-13.60125,64.99953],[-13.61947,65.03136],[-13.54746,65.04314],[-13.49411,65.07671],[-13.5462,65.08912],[-13.52367,65.11219],[-13.52823,65.14195],[-13.51244,65.16798],[-13.63608,65.08567],[-13.62466,65.11313],[-13.69838,65.10826],[-13.64924,65.1315],[-13.73632,65.1379],[-13.65341,65.1491],[-13.62384,65.17188],[-13.62837,65.19175],[-14.0168,65.19023],[-13.67099,65.21282],[-13.57381,65.26754],[-13.6949,65.2978],[-13.7309,65.28574],[-13.85712,65.29291],[-14.01068,65.26625],[-13.87089,65.30849],[-13.76701,65.30857],[-13.72274,65.32795],[-13.85615,65.36312],[-13.72919,65.3581],[-13.67486,65.37196],[-13.64888,65.38758],[-13.67357,65.40894],[-13.63376,65.42421],[-13.65953,65.46218],[-13.62032,65.46507],[-13.60561,65.51156],[-13.65104,65.5343],[-13.68434,65.52765],[-13.67451,65.55242],[-13.73424,65.5525],[-13.76887,65.52306],[-13.79702,65.52074],[-13.81399,65.52947],[-13.8158,65.56628],[-13.88311,65.57327],[-13.84493,65.58847],[-13.85969,65.61059],[-13.93624,65.6147],[-14.05571,65.57368],[-14.02846,65.58795],[-14.03995,65.59615],[-14.21049,65.62597],[-14.24741,65.62301],[-14.23116,65.6056],[-14.26598,65.60949],[-14.27045,65.59178],[-14.3059,65.59286],[-14.3037,65.57904],[-14.36605,65.53441],[-14.3521,65.47911],[-14.38054,65.45566],[-14.36517,65.44408],[-14.37989,65.43753],[-14.36983,65.39467],[-14.39866,65.35846],[-14.38659,65.31726],[-14.41792,65.25981],[-14.45482,65.25047],[-14.48633,65.21797],[-14.53803,65.21362],[-14.60717,65.16142],[-14.65083,65.15611],[-14.7253,65.10435],[-14.92127,65.03632],[-14.88423,65.06637],[-14.61959,65.18299],[-14.58123,65.21941],[-14.43995,65.26233],[-14.39684,65.31222],[-14.41124,65.34231],[-14.3931,65.37557],[-14.40354,65.3833],[-14.38577,65.4643],[-14.36264,65.49976],[-14.37623,65.53093],[-14.35472,65.56134],[-14.30696,65.57942],[-14.30787,65.5931],[-14.27736,65.59401],[-14.26463,65.61134],[-14.23696,65.60627],[-14.2506,65.62322],[-14.21632,65.6282],[-14.27256,65.65052],[-14.3271,65.63913],[-14.37335,65.60211],[-14.42173,65.59685],[-14.46551,65.56831],[-14.46264,65.59294],[-14.34675,65.6343],[-14.34895,65.65195],[-14.31543,65.6654],[-14.39751,65.71455],[-14.3286,65.7842],[-14.68101,65.75352],[-14.80494,65.71835],[-14.8555,65.72661],[-14.76344,65.79042],[-14.87555,65.75043],[-14.89855,65.75592],[-14.83227,65.77197],[-14.82778,65.79105],[-14.80425,65.78321],[-14.82512,65.80725],[-14.79874,65.83235],[-14.72098,65.84476],[-14.72899,65.8615],[-14.62869,65.90987],[-14.60441,65.96277],[-14.61407,65.99232],[-14.64688,66.00262],[-14.67467,66.04581],[-14.72833,66.05667],[-14.79757,66.04173],[-14.8569,66.00825],[-14.90456,66.03659],[-15.08185,66.03805],[-15.09432,66.0438],[-15.06091,66.06706],[-15.05779,66.09581],[-15.14909,66.09049],[-15.18551,66.10886],[-15.14974,66.13237],[-15.06504,66.13922],[-14.93657,66.18859],[-14.92645,66.22112],[-15.0185,66.2667],[-14.52894,66.37848],[-14.71871,66.35847],[-14.85326,66.3868],[-15.00199,66.35021],[-15.01334,66.32343],[-15.06393,66.29468],[-15.10124,66.29322],[-15.09674,66.27904],[-15.11613,66.27005],[-15.33547,66.2582],[-15.34899,66.21194],[-15.32773,66.18876],[-15.389,66.13933],[-15.3806,66.14877],[-15.4285,66.16207],[-15.45377,66.18661],[-15.51719,66.19805],[-15.53222,66.21723],[-15.57531,66.21737],[-15.585,66.23267],[-15.69031,66.22404],[-15.70561,66.23111],[-15.68306,66.26429],[-15.72536,66.25914],[-15.79042,66.27971],[-15.75943,66.27987],[-15.68357,66.32832],[-15.67627,66.3438],[-15.69944,66.39701],[-15.83868,66.40094],[-15.82276,66.4169],[-15.83258,66.42386],[-15.93268,66.41652],[-15.91806,66.43259],[-15.94448,66.43868],[-15.94912,66.45707],[-15.92671,66.45729],[-15.94166,66.47243],[-15.88634,66.48582],[-15.96072,66.49784],[-15.9551,66.51567],[-16.06687,66.5005],[-16.03706,66.51933],[-16.0578,66.52737],[-16.20421,66.53029],[-16.21625,66.50539],[-16.24856,66.51501],[-16.25308,66.49406],[-16.33015,66.4872],[-16.38356,66.51466],[-16.42767,66.50102],[-16.43526,66.5181],[-16.54218,66.5102],[-16.56881,66.48462],[-16.49729,66.41716],[-16.52773,66.4139],[-16.50651,66.39304],[-16.51967,66.38686],[-16.50189,66.37793],[-16.50831,66.3545],[-16.41668,66.27159],[-16.42831,66.23838],[-16.48223,66.2041],[-16.676,66.14688],[-16.68028,66.12297],[-16.55991,66.07392],[-16.61257,66.08467],[-16.71673,66.13881],[-16.76487,66.12345],[-16.91736,66.12413],[-16.9267,66.10894],[-16.90464,66.10242],[-16.95469,66.10225],[-16.94218,66.11246],[-16.94875,66.14053],[-17.00111,66.19409],[-17.14611,66.20773],[-17.15177,66.18761],[-17.22286,66.19005],[-17.26739,66.16997],[-17.27567,66.15855],[-17.2572,66.14679],[-17.25868,66.12062],[-17.30119,66.09633],[-17.35412,66.09375],[-17.33858,66.08247],[-17.36103,66.07691],[-17.34872,66.0695],[-17.36194,66.05118],[-17.34209,66.04294],[-17.38727,66.01633],[-17.38179,66.00629],[-17.42643,65.99045],[-17.58054,65.9838],[-17.55521,65.92855],[-17.60738,65.97973],[-17.66364,66.00015],[-17.67275,66.03219],[-17.72406,66.0638],[-17.81824,66.10645],[-17.88175,66.11264],[-17.89099,66.13298],[-17.93125,66.14731],[-18.01723,66.15684],[-18.06613,66.14156],[-18.09268,66.16542],[-18.1363,66.15154],[-18.15543,66.16948],[-18.2588,66.17486],[-18.31209,66.15589],[-18.32473,66.11954],[-18.29879,66.08585],[-18.27867,66.01576],[-18.24413,65.98105],[-18.1805,65.95221],[-18.20732,65.93359],[-18.20102,65.92145],[-18.13606,65.90449],[-18.14973,65.91608],[-18.13551,65.91926],[-18.06396,65.85145],[-18.06755,65.82973],[-18.05223,65.8166],[-18.09283,65.75137],[-18.03712,65.65756],[-18.0718,65.66829],[-18.07774,65.65786],[-18.08722,65.68043],[-18.07348,65.6873],[-18.16026,65.73197],[-18.15205,65.78351],[-18.19225,65.79939],[-18.19193,65.8531],[-18.25961,65.86827],[-18.27318,65.90499],[-18.32312,65.94378],[-18.52667,65.97129],[-18.50692,66.02538],[-18.54715,66.08733],[-18.64785,66.07658],[-18.70082,66.04671],[-18.60685,66.1183],[-18.68134,66.16248],[-18.79158,66.13211],[-18.75896,66.17202],[-18.78864,66.19426],[-18.85877,66.19918],[-18.84092,66.18525],[-18.91883,66.13568],[-18.89888,66.15314],[-18.90938,66.18234],[-18.99172,66.17763],[-19.06118,66.15337],[-19.08641,66.09806],[-19.13721,66.08779],[-19.13007,66.07737],[-19.15143,66.06815],[-19.2123,66.08367],[-19.35859,66.07819],[-19.43713,66.04746],[-19.40416,66.00245],[-19.41993,65.97768],[-19.41051,65.9597],[-19.42985,65.93765],[-19.46473,65.94058],[-19.40224,65.89271],[-19.36121,65.83547],[-19.38705,65.81514],[-19.37394,65.78336],[-19.41234,65.74983],[-19.39923,65.73402],[-19.4067,65.7147],[-19.54177,65.77168],[-19.57721,65.74501],[-19.64818,65.75217],[-19.66343,65.76755],[-19.6607,65.80841],[-19.70589,65.86314],[-19.73652,65.88575],[-19.86078,65.89717],[-19.88257,65.93561],[-19.93595,65.96191],[-19.91883,65.97324],[-20.00582,66.02971],[-20.01125,66.05184],[-20.04297,66.07427],[-20.03396,66.08135],[-20.10444,66.10529],[-20.09731,66.11969],[-20.30748,66.10617],[-20.36521,66.08744],[-20.34425,66.08467],[-20.35646,66.07986],[-20.41256,66.08839],[-20.42101,66.08197],[-20.40109,66.06018],[-20.43573,66.02139],[-20.38906,65.98923],[-20.38874,65.95584],[-20.30859,65.86198],[-20.32536,65.8291],[-20.27507,65.78175],[-20.26216,65.72526],[-20.30199,65.68318],[-20.28239,65.65768],[-20.3029,65.66078],[-20.3316,65.61642],[-20.37547,65.60074],[-20.37974,65.57451],[-20.36112,65.57072],[-20.38775,65.54678],[-20.38895,65.58876],[-20.41907,65.58878],[-20.38819,65.59386],[-20.40027,65.60472],[-20.54443,65.57266],[-20.49997,65.56704],[-20.49129,65.57547],[-20.5133,65.57877],[-20.45096,65.5828],[-20.49176,65.57106],[-20.42922,65.55862],[-20.42151,65.54141],[-20.45323,65.50267],[-20.48749,65.49239],[-20.52475,65.49331],[-20.5643,65.51739],[-20.55363,65.52945],[-20.58527,65.52888],[-20.56958,65.57181],[-20.59311,65.54362],[-20.59884,65.56275],[-20.63291,65.55374],[-20.62369,65.54095],[-20.65353,65.54651],[-20.63102,65.59669],[-20.63706,65.65051],[-20.62349,65.67406],[-20.66267,65.68686],[-20.7561,65.66307],[-20.93331,65.58162],[-20.99123,65.48119],[-20.97649,65.43543],[-20.90482,65.34196],[-20.96756,65.35578],[-21.05753,65.45594],[-21.09728,65.4466],[-21.08125,65.42424],[-21.0682,65.32317],[-21.10029,65.29577],[-21.08823,65.28231],[-21.1147,65.26718],[-21.06607,65.19754],[-21.0705,65.15379],[-21.09136,65.15898],[-21.09623,65.21356],[-21.16271,65.27168],[-21.17427,65.28668],[-21.16441,65.29201],[-21.19599,65.3023],[-21.17702,65.33661],[-21.18697,65.39982],[-21.21219,65.41451],[-21.1942,65.43395],[-21.26505,65.45759],[-21.28249,65.48512],[-21.47666,65.4439],[-21.30878,65.52315],[-21.28947,65.54758],[-21.29596,65.59487],[-21.35989,65.60155],[-21.48069,65.55961],[-21.38505,65.62226],[-21.48162,65.64729],[-21.63713,65.64481],[-21.66726,65.66487],[-21.66941,65.6858],[-21.69451,65.69158],[-21.66195,65.70701],[-21.68071,65.74015],[-21.78223,65.76656],[-21.7184,65.77782],[-21.67144,65.76125],[-21.64444,65.72751],[-21.58258,65.69255],[-21.43598,65.68879],[-21.34115,65.73471],[-21.33715,65.74547],[-21.39271,65.75382],[-21.40077,65.76889],[-21.43395,65.75903],[-21.48914,65.77404],[-21.3723,65.78155],[-21.28677,65.83257],[-21.27579,65.8605],[-21.32185,65.8737],[-21.27679,65.89762],[-21.29221,65.92965],[-21.32196,65.94239],[-21.45234,65.93107],[-21.375,65.95236],[-21.38636,65.9643],[-21.58856,65.94142],[-21.60817,65.95609],[-21.31915,65.98717],[-21.32725,66.00662],[-21.40233,66.02991],[-21.51467,66.01398],[-21.56626,66.04757],[-21.49646,66.04867],[-21.54757,66.0884],[-21.61424,66.08459],[-21.62228,66.06963],[-21.60065,66.05734],[-21.60427,66.03611],[-21.67347,66.01737],[-21.62745,66.04807],[-21.65906,66.06777],[-21.69513,66.04993],[-21.72777,66.06481],[-21.74341,66.08876],[-21.71907,66.10632],[-21.76498,66.12254],[-21.71859,66.15273],[-21.76478,66.16337],[-21.7376,66.18389],[-21.8766,66.19342],[-21.91432,66.21486],[-22.00318,66.19602],[-21.93045,66.22358],[-21.92129,66.24237],[-21.95919,66.2483],[-21.96204,66.27112],[-22.07659,66.25647],[-22.09008,66.27272],[-22.07846,66.29301],[-22.15023,66.2467],[-22.13978,66.28065],[-22.23546,66.26458],[-22.2014,66.29992],[-22.23482,66.31434],[-22.19158,66.34081],[-22.24106,66.3368],[-22.25456,66.34775],[-22.23505,66.35643],[-22.27689,66.36446],[-22.27067,66.37459],[-22.36345,66.39402],[-22.40449,66.45548],[-22.47028,66.4654],[-22.43916,66.43818],[-22.47674,66.40613],[-22.45132,66.42789],[-22.51922,66.43355],[-22.52631,66.44783],[-22.5924,66.46721],[-22.62069,66.46359],[-22.61157,66.44197],[-22.67891,66.41552],[-22.71729,66.418],[-22.73772,66.43978],[-22.92649,66.47141],[-22.95422,66.46201],[-22.86682,66.43563],[-22.85028,66.41223],[-22.91496,66.44413],[-23.03156,66.4339],[-23.04147,66.42476],[-23.01697,66.41051],[-23.12895,66.43501],[-23.0721,66.39527],[-23.02085,66.38872],[-23.02092,66.36552],[-23.08577,66.34356],[-23.17863,66.36073],[-23.19425,66.34862],[-23.02546,66.29708],[-22.90109,66.31172],[-22.8682,66.33966],[-22.78283,66.36761],[-22.8244,66.34023],[-22.83243,66.31114],[-22.75328,66.31981],[-22.68404,66.36046],[-22.60563,66.36781],[-22.66627,66.34939],[-22.70339,66.29776],[-22.58427,66.2863],[-22.52642,66.30455],[-22.50322,66.31995],[-22.50619,66.33344],[-22.45584,66.3091],[-22.56796,66.26777],[-22.36206,66.27095],[-22.52025,66.2382],[-22.55964,66.24795],[-22.56284,66.23455],[-22.53208,66.22078],[-22.55028,66.21507],[-22.60946,66.2446],[-22.75903,66.26258],[-22.8508,66.2576],[-22.9777,66.22284],[-22.93336,66.18349],[-22.83572,66.14937],[-22.58907,66.10692],[-22.50869,66.07844],[-22.39613,66.08385],[-22.46436,66.0587],[-22.4619,66.04169],[-22.43081,66.03524],[-22.48343,66.03228],[-22.40543,65.99317],[-22.37113,65.92299],[-22.3379,65.91006],[-22.34537,65.89754],[-22.35473,65.91061],[-22.37776,65.90285],[-22.42497,65.83905],[-22.51469,65.79656],[-22.57979,65.78467],[-22.48285,65.82797],[-22.41456,65.90473],[-22.42795,65.93209],[-22.43685,65.92074],[-22.42331,65.90157],[-22.44897,65.89019],[-22.44199,65.93684],[-22.46572,65.95312],[-22.46907,65.93324],[-22.49237,65.94185],[-22.51449,65.98372],[-22.53251,65.9426],[-22.56833,65.92492],[-22.56396,65.90782],[-22.61055,65.86646],[-22.61101,65.84571],[-22.66196,65.82516],[-22.58696,65.91142],[-22.56855,65.97894],[-22.58919,65.97324],[-22.62059,66.01395],[-22.66228,66.0184],[-22.67947,66.05517],[-22.72461,66.04148],[-22.7565,66.0569],[-22.77157,66.04922],[-22.78924,66.00739],[-22.77545,65.98786],[-22.78368,65.94829],[-22.84256,65.89011],[-22.85638,65.88822],[-22.8561,65.90579],[-22.82083,65.9441],[-22.81293,65.98787],[-22.83277,66.005],[-22.87474,65.9602],[-22.98624,65.90799],[-22.89312,65.9692],[-22.86053,66.00944],[-22.86295,66.03838],[-22.88635,66.03887],[-22.87916,66.02255],[-22.92433,65.99149],[-22.91269,65.96968],[-22.94109,65.98742],[-22.91809,66.01571],[-22.94204,66.0488],[-22.96815,66.01278],[-23.03994,65.96856],[-23.08871,65.96261],[-22.98702,66.02055],[-22.99843,66.08697],[-23.04335,66.10118],[-23.16059,66.04603],[-23.17258,66.06461],[-23.11784,66.06744],[-23.10621,66.10147],[-23.14868,66.14144],[-23.24005,66.15298],[-23.24878,66.17074],[-23.29828,66.18499],[-23.47526,66.19791],[-23.48227,66.18083],[-23.54672,66.1808],[-23.6072,66.14628],[-23.4766,66.13449],[-23.36848,66.08444],[-23.53974,66.13344],[-23.668,66.11571],[-23.50947,66.0459],[-23.42251,66.03018],[-23.40289,66.0008],[-23.35962,65.98346],[-23.42319,65.99502],[-23.42933,66.02752],[-23.44545,66.0176],[-23.75754,66.07195],[-23.82088,66.0346],[-23.81292,66.00791],[-23.5701,65.90614],[-23.47892,65.89844],[-23.44049,65.87314],[-23.18035,65.83832],[-23.4454,65.85889],[-23.48922,65.88235],[-23.58713,65.87377],[-23.62944,65.88252],[-23.63687,65.89745],[-23.79851,65.92565],[-23.84302,65.91441],[-23.86755,65.8866],[-23.82595,65.83314],[-23.70564,65.77986],[-23.52455,65.75534],[-23.28469,65.76353],[-23.18487,65.78262],[-23.17401,65.77249],[-23.23758,65.75621],[-23.21083,65.74811],[-23.21478,65.7354],[-23.33273,65.74065],[-23.53141,65.72036],[-23.44793,65.67934],[-23.2585,65.67794],[-23.41,65.65555],[-23.36861,65.62986],[-23.39148,65.62237],[-23.49662,65.64014],[-23.54691,65.60497],[-23.5643,65.60932],[-23.56531,65.62901],[-23.53975,65.64849],[-23.5732,65.68404],[-23.60934,65.67676],[-23.60102,65.69776],[-24.09498,65.81025],[-24.1231,65.77925],[-24.06081,65.6984],[-23.9119,65.65754],[-23.8478,65.62105],[-23.81634,65.62555],[-23.77547,65.59606],[-23.9308,65.6421],[-24.07837,65.6534],[-24.07733,65.64068],[-23.87245,65.53956],[-23.76856,65.53437],[-23.88084,65.52041],[-23.93688,65.54304],[-23.94308,65.55969],[-24.02971,65.56348],[-24.15757,65.61084],[-24.31562,65.64442],[-24.32459,65.62137],[-24.37262,65.59814],[-24.36752,65.55563],[-24.45594,65.54262],[-24.46363,65.52716],[-24.53205,65.50208],[-24.46504,65.48955],[-24.23863,65.50549],[-24.00335,65.45817],[-23.98764,65.45963],[-24.01777,65.46773],[-24.0095,65.47787],[-23.94801,65.47085],[-23.95085,65.44864],[-23.98743,65.45405],[-23.95534,65.43709],[-23.96471,65.41945],[-23.85858,65.40838],[-23.70679,65.41688],[-23.63848,65.46625],[-23.37886,65.49718],[-23.42811,65.5074],[-23.40624,65.52014],[-23.35787,65.49279],[-23.21818,65.48735],[-23.17812,65.51194],[-23.19691,65.54986],[-23.13948,65.58768],[-23.12955,65.58142],[-23.15011,65.56382],[-23.14457,65.54802],[-22.99954,65.54189],[-22.95949,65.56874],[-22.94108,65.6168],[-22.90968,65.57802],[-22.92305,65.56007],[-22.83806,65.59399],[-22.85013,65.63],[-22.83021,65.61052],[-22.77064,65.6015],[-22.87062,65.54538],[-22.85385,65.53484],[-22.87159,65.53185],[-22.78518,65.53135],[-22.75465,65.51662],[-22.78555,65.50478],[-22.72262,65.49642],[-22.70637,65.50173],[-22.76924,65.63373],[-22.71975,65.61389],[-22.66,65.64046],[-22.71103,65.58856],[-22.67975,65.53301],[-22.643,65.52073],[-22.61597,65.53371],[-22.62689,65.54447],[-22.60761,65.5772],[-22.61899,65.62414],[-22.58668,65.58101],[-22.58121,65.53781],[-22.59377,65.53646],[-22.56663,65.53061],[-22.53425,65.5486],[-22.52499,65.57547],[-22.55162,65.62459],[-22.5396,65.64395],[-22.47537,65.55876],[-22.49187,65.51712],[-22.47078,65.50484],[-22.40136,65.52274],[-22.42088,65.55425],[-22.36845,65.52859],[-22.28841,65.57502],[-22.28955,65.54952],[-22.33789,65.52853],[-22.23156,65.53064],[-22.15081,65.5878],[-22.09382,65.60377],[-22.19117,65.53176],[-22.36425,65.50388],[-22.39142,65.48911],[-22.37586,65.48351],[-22.38662,65.47727],[-22.31892,65.46806],[-22.27495,65.45135],[-22.27618,65.43933],[-22.18659,65.43425],[-22.10654,65.49855],[-22.11885,65.52654],[-22.10545,65.53203],[-22.0742,65.52331],[-22.04749,65.48964],[-22.05473,65.47503],[-22.02134,65.47747],[-22.03041,65.50578],[-22.00723,65.50883],[-21.91782,65.47006],[-21.96032,65.43891],[-21.87793,65.45511],[-21.78177,65.43958],[-21.68008,65.45066],[-21.76489,65.42108],[-21.89996,65.42143],[-21.93785,65.40282],[-21.91851,65.38597],[-21.95256,65.40143],[-22.15218,65.32537],[-22.36636,65.28987],[-22.34058,65.28279],[-22.3881,65.27632],[-22.41501,65.26107],[-22.40911,65.24835],[-22.49484,65.23519],[-22.52162,65.20048],[-22.50296,65.20121],[-22.6049,65.18497],[-22.5009,65.20053],[-22.44724,65.18472],[-22.5124,65.16836],[-22.47985,65.18152],[-22.54994,65.18034],[-22.54181,65.16988],[-22.55855,65.17203],[-22.5585,65.15986],[-22.47598,65.16092],[-22.45551,65.14655],[-22.39927,65.17165],[-22.25165,65.12445],[-22.06489,65.10858],[-21.98158,65.11768],[-21.85308,65.15869],[-21.82437,65.17284],[-21.81731,65.20382],[-21.72926,65.19974],[-21.70697,65.16967],[-21.77099,65.11214],[-21.76199,65.0978],[-21.83242,65.07056],[-21.77714,65.05485],[-21.786,65.04754],[-21.77068,65.0379],[-21.7909,65.02807],[-21.78053,65.02463],[-21.80897,65.0201],[-22.10267,65.04128],[-22.13569,65.03389],[-22.11849,65.02683],[-22.19954,65.02876],[-22.22399,65.04591],[-22.28652,65.04643],[-22.32925,65.06405],[-22.43206,65.04432],[-22.53017,65.0517],[-22.56743,65.03896],[-22.56209,65.02805],[-22.59342,65.03305],[-22.62054,65.00925],[-22.5702,64.97309],[-22.5837,64.97106],[-22.67187,65.0018],[-22.68654,65.01408],[-22.67118,65.03094],[-22.74509,65.01881],[-22.66594,65.0479],[-22.71057,65.04575],[-22.67894,65.05786],[-22.69796,65.06888],[-22.76594,65.04971],[-22.70899,65.06958],[-22.72901,65.07884],[-22.82246,65.0349],[-22.87414,65.03121],[-22.75812,65.03234],[-22.77765,65.01553],[-22.91545,64.98641],[-22.94928,65.00744],[-23.02186,65.00366],[-23.06128,64.96813],[-22.98861,64.95084],[-23.01099,64.94885],[-22.99215,64.93768],[-23.013,64.91918],[-23.02683,64.93145],[-23.01273,64.95216],[-23.02729,64.95863],[-23.10441,64.95942],[-23.08564,64.91291],[-23.16087,64.9464],[-23.0878,65.00608],[-23.18519,65.01361],[-23.2284,64.99556],[-23.20082,64.94822],[-23.22268,64.92396],[-23.30679,64.9253],[-23.2898,64.93981],[-23.30401,64.95247],[-23.32163,64.94642],[-23.31732,64.93204],[-23.33581,64.93521],[-23.32365,64.94942],[-23.35259,64.97238],[-23.39284,64.96195],[-23.36075,64.94087],[-23.48055,64.95276],[-23.52913,64.91769],[-23.59566,64.91508],[-23.60956,64.90073],[-23.60102,64.89343],[-23.62859,64.88462],[-23.84211,64.92715],[-23.91382,64.91989],[-23.98432,64.88214],[-24.04135,64.88703],[-24.03451,64.85323],[-23.97251,64.81493],[-23.91767,64.74929],[-23.80062,64.72787],[-23.65039,64.7387],[-23.61474,64.76796],[-23.61978,64.78849],[-23.58436,64.80657],[-23.51267,64.81584],[-23.53171,64.81138],[-23.49115,64.80675],[-23.58841,64.80284],[-23.43697,64.7911],[-23.39122,64.79957],[-23.37542,64.83244],[-23.02659,64.79469],[-22.99282,64.8077],[-22.9073,64.79335],[-22.83537,64.79998],[-22.69973,64.77267],[-22.76499,64.79914],[-22.70383,64.80774],[-22.69718,64.82256],[-22.69867,64.80734],[-22.65889,64.80235],[-22.66994,64.78715],[-22.62253,64.78364],[-22.6902,64.77976],[-22.64172,64.77044],[-22.551,64.77726],[-22.59257,64.782],[-22.5199,64.80988],[-22.50213,64.79616],[-22.46174,64.81188],[-22.45684,64.79865],[-22.42355,64.79996],[-22.41482,64.81428],[-22.40889,64.79479],[-22.45004,64.7864],[-22.40486,64.79029],[-22.44389,64.76328],[-22.35307,64.77003],[-22.30856,64.74857],[-22.3392,64.73997],[-22.32658,64.7264],[-22.37254,64.69762],[-22.3621,64.71556],[-22.37473,64.71944],[-22.37353,64.69936],[-22.40748,64.68797],[-22.41391,64.66857],[-22.31192,64.70487],[-22.34792,64.68804],[-22.31248,64.67839],[-22.33817,64.67765],[-22.35978,64.64903],[-22.32315,64.65163],[-22.37717,64.64207],[-22.43818,64.65912],[-22.43194,64.66949],[-22.44967,64.66078],[-22.38478,64.64247],[-22.36375,64.61343],[-22.33925,64.62059],[-22.3617,64.58331],[-22.33643,64.58836],[-22.35168,64.56156],[-22.30303,64.56232],[-22.30544,64.54969],[-22.23146,64.58663],[-22.25568,64.56166],[-22.23089,64.56063],[-22.25472,64.54825],[-22.22191,64.55679],[-22.22721,64.53324],[-22.20566,64.53301],[-22.25474,64.52888],[-22.22525,64.52353],[-22.24275,64.48345],[-22.23472,64.49817],[-22.2203,64.48357],[-22.22028,64.50638],[-22.1965,64.49748],[-22.20026,64.48084],[-22.1836,64.46828],[-22.13552,64.47305],[-22.15883,64.45904],[-22.1109,64.47812],[-22.07856,64.47329],[-22.07599,64.50419],[-22.04855,64.51172],[-22.05958,64.51172],[-22.05176,64.54249],[-22.00652,64.57602],[-22.03654,64.5326],[-22.01832,64.53172],[-22.02338,64.51969],[-21.91769,64.55749],[-21.92159,64.53518],[-21.88063,64.56627],[-21.85953,64.55947],[-21.85985,64.57169],[-21.75306,64.58614],[-21.71392,64.6027],[-21.82531,64.54589],[-21.76801,64.53486],[-21.88322,64.5288],[-21.89461,64.52035],[-21.8819,64.51664],[-21.96168,64.49839],[-21.98864,64.44446],[-22.00645,64.43409],[-22.0097,64.44814],[-22.01418,64.4235],[-22.03909,64.40451],[-22.0058,64.38762],[-21.93755,64.4002],[-21.89249,64.38514],[-21.87351,64.39654],[-21.8554,64.38783],[-21.88178,64.38092],[-21.85865,64.37599],[-21.98215,64.37346],[-22.00159,64.35003],[-22.02899,64.34102],[-22.01065,64.35311],[-22.02213,64.35376],[-22.09575,64.31081],[-22.06804,64.31829],[-21.994,64.29763],[-21.9054,64.3075],[-21.64075,64.40304],[-21.44307,64.39759],[-21.42351,64.38284],[-21.45714,64.37034],[-21.40038,64.38792],[-21.35392,64.38189],[-21.41626,64.36956],[-21.4029,64.36012],[-21.4132,64.35719],[-21.56409,64.36275],[-21.55742,64.37599],[-21.57063,64.37716],[-21.6754,64.3556],[-21.60636,64.34067],[-21.7315,64.34296],[-21.90784,64.23343],[-21.82406,64.23542],[-21.81181,64.22306],[-21.82636,64.20732],[-21.70827,64.20795],[-21.76864,64.19532],[-21.75796,64.18622],[-21.77634,64.17749],[-21.70459,64.17765],[-21.78462,64.16176],[-21.80468,64.17477],[-21.82303,64.16787],[-21.78756,64.16118],[-21.81773,64.15518],[-21.82472,64.1404],[-21.79459,64.12759],[-21.83703,64.13376],[-21.8667,64.15656],[-21.91555,64.1461],[-21.93811,64.16178],[-22.03493,64.15554],[-21.90091,64.11853],[-21.94389,64.11625],[-21.90438,64.10388],[-21.93575,64.09373],[-22.0029,64.09884],[-21.95776,64.10313],[-21.96751,64.11604],[-22.02584,64.1122],[-22.04498,64.09087],[-21.95793,64.06866],[-21.99814,64.06577],[-22.01279,64.04968],[-22.09436,64.04764],[-22.18357,64.01368],[-22.26104,64.0309],[-22.32527,64.00785],[-22.35221,64.01394],[-22.38546,64.00061],[-22.39599,63.9703],[-22.53345,63.97411],[-22.55553,64.02954],[-22.6457,64.07714],[-22.70371,64.08672],[-22.69238,64.07978],[-22.71407,64.07439],[-22.70358,64.06807],[-22.72043,64.03695],[-22.71045,64.00582],[-22.74508,63.99507],[-22.75655,63.96397],[-22.63458,63.9395],[-22.67791,63.94204],[-22.71043,63.89677],[-22.74032,63.89299],[-22.7396,63.87348],[-22.69732,63.85723],[-22.73997,63.82022],[-22.70604,63.79894],[-22.62949,63.81992],[-22.52386,63.81275],[-22.50888,63.82897],[-22.42086,63.84146],[-22.39952,63.82384],[-22.39598,63.83888],[-22.34037,63.85513],[-22.07033,63.8299],[-21.7466,63.86514],[-21.70957,63.83527],[-21.65115,63.82036],[-21.38176,63.84361],[-21.36094,63.8511],[-21.37592,63.86675],[-21.3494,63.87739],[-21.21175,63.87704],[-21.30167,63.89131],[-21.29696,63.90622],[-21.31183,63.91386],[-21.23812,63.93921],[-21.25786,63.9288],[-21.19783,63.94136],[-21.00249,63.93977],[-20.97265,63.95957],[-20.99133,63.93986],[-21.21304,63.92946],[-21.19381,63.89128],[-21.20436,63.87782],[-21.05098,63.82572],[-20.94437,63.81624],[-20.80495,63.7743],[-20.69313,63.84078],[-20.72227,63.87368],[-20.69411,63.91381],[-20.68021,63.91759],[-20.69665,63.90153],[-20.70476,63.86666],[-20.67547,63.83737],[-20.7585,63.78061],[-20.80322,63.77245],[-20.55002,63.68419],[-20.58027,63.70338],[-20.56508,63.73874],[-20.50644,63.76627],[-20.55826,63.73564],[-20.56468,63.6979],[-20.21658,63.54399],[-20.06571,63.53115],[-20.05194,63.54956],[-20.05379,63.531],[-19.88623,63.53482],[-19.6875,63.51603],[-19.1313,63.40094],[-18.96569,63.41466],[-18.72874,63.39214],[-18.1578,63.46239],[-18.26455,63.46322],[-18.35991,63.59082],[-18.48814,63.63891],[-18.4918,63.69307],[-18.45958,63.67221],[-18.45651,63.63012],[-18.32611,63.58604],[-18.2997,63.55362],[-18.26486,63.54158],[-18.25736,63.51145],[-18.23349,63.50304],[-18.21721,63.47136],[-18.15721,63.46322],[-17.9042,63.54742],[-17.79727,63.65526],[-17.67017,63.71673],[-17.30328,63.77612],[-16.64037,63.79849],[-16.564,63.86077],[-16.42253,63.92705],[-16.43529,63.93815],[-16.4086,63.93194],[-16.27424,64.0057],[-15.92481,64.14333],[-15.71943,64.17629],[-15.67256,64.20388],[-15.48866,64.22931]],[[-22.36092,64.51407],[-22.32753,64.52733],[-22.34789,64.53658],[-22.36853,64.52662],[-22.36092,64.51407]],[[-22.36569,64.55624],[-22.34173,64.54478],[-22.32305,64.55115],[-22.34488,64.5546],[-22.36569,64.55624]],[[-22.44481,64.75702],[-22.39373,64.72653],[-22.37902,64.73439],[-22.44481,64.75702]],[[-22.22498,64.47063],[-22.17203,64.46187],[-22.21329,64.47809],[-22.22498,64.47063]],[[-21.87148,64.17562],[-21.86065,64.16582],[-21.83258,64.15623],[-21.85498,64.16892],[-21.87148,64.17562]],[[-21.78421,64.17897],[-21.77416,64.18407],[-21.78775,64.18719],[-21.78421,64.17897]],[[-20.61673,63.30442],[-20.60947,63.29644],[-20.59268,63.30013],[-20.60184,63.30932],[-20.61673,63.30442]],[[-20.29356,63.39789],[-20.22618,63.43631],[-20.27954,63.44505],[-20.24628,63.45428],[-20.31657,63.4444],[-20.27915,63.40758],[-20.29356,63.39789]],[[-15.49425,64.23837],[-15.48018,64.23649],[-15.48326,64.24298],[-15.49425,64.23837]],[[-14.91361,64.29937],[-14.91005,64.31929],[-14.88274,64.33637],[-14.76754,64.37087],[-14.86391,64.3465],[-14.91421,64.32014],[-14.91361,64.29937]],[[-14.57318,64.56525],[-14.55558,64.56614],[-14.55633,64.57193],[-14.57318,64.56525]],[[-14.54678,64.56662],[-14.52974,64.5572],[-14.51607,64.56074],[-14.53479,64.5696],[-14.54678,64.56662]],[[-14.18466,64.60055],[-14.17866,64.59043],[-14.15187,64.596],[-14.18466,64.60055]],[[-14.31404,65.64588],[-14.29387,65.65034],[-14.29348,65.65297],[-14.31404,65.64588]],[[-20.62305,65.56018],[-20.61174,65.56544],[-20.60892,65.57347],[-20.62079,65.57237],[-20.62305,65.56018]],[[-21.40573,65.67941],[-21.38709,65.68594],[-21.39376,65.6885],[-21.40573,65.67941]],[[-22.66645,66.09684],[-22.65384,66.09233],[-22.65914,66.10662],[-22.66645,66.09684]],[[-22.45547,65.97168],[-22.44278,65.96699],[-22.44638,65.97884],[-22.45547,65.97168]],[[-22.88041,65.02148],[-22.86764,65.01936],[-22.86375,65.02542],[-22.88041,65.02148]],[[-22.85852,65.00662],[-22.84264,65.01486],[-22.8545,65.01598],[-22.85852,65.00662]],[[-23.13736,65.52207],[-23.12557,65.52379],[-23.13677,65.52453],[-23.13736,65.52207]],[[-22.68629,65.07295],[-22.67327,65.07524],[-22.67387,65.07727],[-22.68629,65.07295]],[[-22.65451,65.05095],[-22.64246,65.05],[-22.64317,65.05378],[-22.65451,65.05095]],[[-22.71089,65.12193],[-22.69788,65.12621],[-22.71454,65.12635],[-22.71089,65.12193]],[[-22.68723,65.14858],[-22.67153,65.14285],[-22.65124,65.15421],[-22.67296,65.15284],[-22.68723,65.14858]],[[-22.62257,65.10188],[-22.58797,65.10649],[-22.58495,65.12051],[-22.60143,65.1275],[-22.62286,65.11549],[-22.59601,65.10962],[-22.62257,65.10188]],[[-22.6665,65.16397],[-22.65615,65.15666],[-22.59718,65.18164],[-22.61268,65.18546],[-22.6665,65.16397]],[[-22.59719,65.13572],[-22.58927,65.13245],[-22.57424,65.1401],[-22.59719,65.13572]],[[-22.5707,65.12153],[-22.51802,65.1307],[-22.50603,65.13516],[-22.52296,65.1449],[-22.58057,65.13292],[-22.5707,65.12153]],[[-22.5,65.07729],[-22.44572,65.06789],[-22.42879,65.07761],[-22.45175,65.08327],[-22.44117,65.09344],[-22.5,65.07729]],[[-21.98561,65.42964],[-21.97382,65.43842],[-21.98619,65.43153],[-21.98561,65.42964]],[[-22.51749,65.15137],[-22.49508,65.14557],[-22.47529,65.15387],[-22.50281,65.15792],[-22.51749,65.15137]],[[-22.45447,65.0963],[-22.4283,65.10173],[-22.46153,65.10885],[-22.43666,65.10266],[-22.45447,65.0963]],[[-22.4879,65.14112],[-22.47705,65.13917],[-22.47745,65.14234],[-22.4879,65.14112]],[[-22.46075,65.11625],[-22.43926,65.11635],[-22.46418,65.12062],[-22.46075,65.11625]],[[-22.4669,65.13623],[-22.45365,65.13245],[-22.45339,65.13551],[-22.4669,65.13623]],[[-22.44107,65.13874],[-22.4233,65.13638],[-22.41018,65.14369],[-22.42405,65.1411],[-22.44107,65.13874]],[[-19.50843,65.9658],[-19.49567,65.95069],[-19.47191,65.96362],[-19.4956,65.9727],[-19.50843,65.9658]],[[-19.55198,66.02692],[-19.52496,65.99763],[-19.53961,66.02322],[-19.55198,66.02692]],[[-18.40421,65.98884],[-18.38037,65.97811],[-18.35508,65.98055],[-18.3545,65.99348],[-18.40754,66.0287],[-18.42088,66.02931],[-18.3983,66.00331],[-18.40421,65.98884]],[[-17.87761,66.1575],[-17.84491,66.15718],[-17.84016,66.17267],[-17.87761,66.1575]],[[-18.02138,66.53981],[-17.99486,66.5281],[-17.98128,66.54342],[-18.02041,66.56286],[-18.02138,66.53981]],[[-16.03347,66.53724],[-16.01386,66.50915],[-16.00741,66.52831],[-16.03347,66.53724]]],[[[-14.52859,65.5233],[-14.52348,65.53039],[-14.46551,65.56831],[-14.52859,65.5233]]],[[[-14.52859,65.5233],[-14.58746,65.44145],[-14.56381,65.4981],[-14.52859,65.5233]]],[[[-20.05111,63.5579],[-20.05541,63.58063],[-20.0,63.63458],[-20.04924,63.57651],[-20.05111,63.5579]]],[[[-20.05194,63.54956],[-20.05111,63.5579],[-20.05001,63.55213],[-20.05194,63.54956]]],[[[-20.57498,64.12445],[-20.57545,64.12494],[-20.56467,64.13133],[-20.57498,64.12445]]],[[[-20.56363,64.10754],[-20.57834,64.12221],[-20.55945,64.10834],[-20.56363,64.10754]]],[[[-20.59409,64.0978],[-20.59272,64.102],[-20.56221,64.10613],[-20.59409,64.0978]]],[[[-20.68443,63.97297],[-20.67092,63.97015],[-20.64192,63.99067],[-20.65618,64.01958],[-20.64864,64.04106],[-20.60282,64.06171],[-20.60812,64.09412],[-20.59409,64.0978],[-20.60047,64.07813],[-20.53025,64.10928],[-20.62301,64.03773],[-20.64118,63.98824],[-20.66901,63.96942],[-20.68443,63.97297]]],[[[-20.7675,63.9903],[-20.76373,63.9912],[-20.68443,63.97297],[-20.7675,63.9903]]],[[[-20.79878,63.99681],[-20.7675,63.9903],[-20.79241,63.98437],[-20.79878,63.99681]]],[[[-20.80784,63.99869],[-20.79966,63.99854],[-20.79878,63.99681],[-20.80784,63.99869]]],[[[-20.88639,64.00021],[-20.88432,64.01456],[-20.80784,63.99869],[-20.88639,64.00021]]],[[[-20.88978,64.00027],[-20.88639,64.00021],[-20.88644,63.99981],[-20.88978,64.00027]]],[[[-20.97185,63.96041],[-20.97393,64.00415],[-20.96304,63.99089],[-20.92879,64.00559],[-20.88978,64.00027],[-20.93321,64.00109],[-20.97185,63.96041]]],[[[-20.97265,63.95957],[-20.97185,63.96041],[-20.97184,63.96011],[-20.97265,63.95957]]],[[[-20.49153,63.77325],[-20.42222,63.80567],[-20.42077,63.82782],[-20.41023,63.80859],[-20.472,63.77884],[-20.35606,63.74656],[-20.49153,63.77325]]],[[[-20.50644,63.76627],[-20.49384,63.77371],[-20.49153,63.77325],[-20.50644,63.76627]]],[[[-21.55315,64.64703],[-21.51835,64.64449],[-21.48045,64.66748],[-21.51115,64.64232],[-21.55315,64.64703]]],[[[-21.57803,64.64981],[-21.55315,64.64703],[-21.57996,64.64898],[-21.57803,64.64981]]],[[[-21.57803,64.64981],[-21.57438,64.65142],[-21.58414,64.66508],[-21.57065,64.653],[-21.57803,64.64981]]],[[[-21.60617,64.64257],[-21.59374,64.65157],[-21.57954,64.64998],[-21.60617,64.64257]]],[[[-21.67069,64.62458],[-21.60617,64.64257],[-21.62336,64.63012],[-21.67069,64.62458]]],[[[-21.67101,64.62449],[-21.67088,64.62456],[-21.67069,64.62458],[-21.67101,64.62449]]],[[[-21.68769,64.63938],[-21.69683,64.62628],[-21.67101,64.62449],[-21.69176,64.61396],[-21.70594,64.63094],[-21.68769,64.63938]]],[[[-21.67345,64.64596],[-21.68769,64.63938],[-21.68672,64.64077],[-21.67345,64.64596]]],[[[-21.67345,64.64596],[-21.64776,64.65782],[-21.65698,64.67029],[-21.61733,64.69391],[-21.65254,64.67291],[-21.64452,64.65726],[-21.67345,64.64596]]],[[[-21.71392,64.6027],[-21.69176,64.61396],[-21.69058,64.61255],[-21.71392,64.6027]]],[[[-22.41396,64.81569],[-22.41237,64.81829],[-22.38102,64.82223],[-22.41396,64.81569]]],[[[-22.41482,64.81428],[-22.41517,64.81544],[-22.41396,64.81569],[-22.41482,64.81428]]],[[[-20.68021,63.91759],[-20.66919,63.92835],[-20.61562,63.93518],[-20.68021,63.91759]]],[[[-14.92127,65.03632],[-14.93743,65.0232],[-14.99965,65.00895],[-14.92127,65.03632]]],[[[-22.03216,64.09233],[-22.03263,64.09248],[-22.00611,64.09529],[-22.03216,64.09233]]],[[[-20.61562,63.93518],[-20.57442,63.94637],[-20.5272,63.97624],[-20.50898,64.00884],[-20.48231,64.00759],[-20.54961,63.94356],[-20.61562,63.93518]]],[[[-20.48737,64.0122],[-20.47568,64.02032],[-20.43501,64.02032],[-20.48737,64.0122]]],[[[-20.43501,64.02032],[-20.34896,64.03362],[-20.26896,64.01475],[-20.18097,64.03749],[-20.21232,64.00746],[-20.25423,64.01851],[-20.32397,63.98876],[-20.33777,63.99077],[-20.33563,64.00719],[-20.334,63.99174],[-20.31638,63.99205],[-20.27205,64.01242],[-20.33488,64.02911],[-20.43501,64.02032]],[[-20.23619,64.01705],[-20.22515,64.01313],[-20.21135,64.01562],[-20.22186,64.01802],[-20.23619,64.01705]]],[[[-20.43014,64.01783],[-20.48231,64.00759],[-20.47744,64.01221],[-20.43014,64.01783]]],[[[-21.78756,64.16118],[-21.78462,64.16176],[-21.78215,64.16016],[-21.78756,64.16118]]]]}},{"id":"37","type":"Feature","properties":{"zone_id":"LT00_OFF","name":"Lithuania Offshore Node 00","parent_zone":"LT00_OFF","level":"PEOF","area_km2":6922.71},"geometry":{"type":"MultiPolygon","coordinates":[[[[21.49198,55.19439],[21.50003,55.18873],[21.53884,55.19551],[21.49893,55.1877],[21.49198,55.19439]]],[[[21.38958,55.28985],[21.40187,55.28092],[21.49198,55.19439],[21.45044,55.22355],[21.38958,55.28985]]],[[[21.31661,55.2671],[21.33267,55.27499],[21.37419,55.29126],[21.37359,55.28799],[21.31661,55.2671]]],[[[21.27882,55.24853],[21.29986,55.25887],[21.30193,55.25625],[21.27882,55.24853]]],[[[21.2761,55.27575],[21.28117,55.27515],[21.28112,55.27408],[21.2761,55.27575]]],[[[21.09599,55.72161],[21.12914,55.70272],[21.16429,55.64628],[21.14231,55.6635],[21.20467,55.55724],[21.20243,55.52451],[21.25082,55.46631],[21.24732,55.41322],[21.18959,55.34083],[21.25693,55.36517],[21.26923,55.35805],[21.24679,55.35276],[21.25695,55.3499],[21.24554,55.33834],[21.30332,55.34912],[21.31803,55.36144],[21.30347,55.36287],[21.31345,55.38203],[21.33853,55.38247],[21.35523,55.36646],[21.30254,55.34696],[21.3807,55.33004],[21.38958,55.28985],[21.37419,55.29126],[21.38071,55.32684],[21.3003,55.34596],[21.24053,55.33075],[21.28339,55.31838],[21.30454,55.26267],[21.31661,55.2671],[21.29986,55.25887],[21.28117,55.27515],[21.28187,55.2908],[21.26296,55.28015],[21.2761,55.27575],[21.26296,55.27732],[21.27454,55.25399],[21.26241,55.24304],[21.27882,55.24853],[21.25999,55.22213],[21.19513,55.27294],[21.12824,55.2767],[21.09029,55.23933],[21.05958,55.26393],[20.98547,55.27844],[21.01867,55.31595],[21.05785,55.33077],[21.05566,55.36534],[21.11082,55.42062],[21.09094,55.43917],[21.1301,55.55295],[21.13522,55.6777],[21.09599,55.72161]]],[[[21.09578,55.72185],[21.09599,55.72161],[21.0958,55.72173],[21.09578,55.72185]]],[[[19.02348,55.9319],[19.06748,55.955],[19.09754,56.04541],[20.70972,56.04542],[21.0643,56.06913],[21.07229,56.04267],[21.05043,55.90332],[21.08304,55.72899],[21.0958,55.72173],[21.10805,55.62402],[21.09375,55.51507],[21.04405,55.39685],[20.95398,55.2805],[19.02348,55.9319]]]]}},{"id":"38","type":"Feature","properties":{"zone_id":"LV00_OFF","name":"Latvia Offshore Node 00","parent_zone":"LV00_OFF","level":"PEOF","area_km2":28288.57},"geometry":{"type":"MultiPolygon","coordinates":[[[[24.23747,56.83357],[24.26549,56.8339],[24.23768,56.8334],[24.23747,56.83357]]],[[[23.81012,56.95794],[23.81461,56.95641],[23.81396,56.95625],[23.81012,56.95794]]],[[[23.78169,56.97048],[23.81012,56.95794],[23.7816,56.96763],[23.78169,56.97048]]],[[[23.77855,56.96866],[23.7816,56.96763],[23.78114,56.95256],[23.77855,56.96866]]],[[[23.64439,56.9372],[23.68008,56.93223],[23.78172,56.94897],[23.68488,56.92808],[23.64439,56.9372]]],[[[23.62434,56.93999],[23.62576,56.94139],[23.64439,56.9372],[23.62434,56.93999]]],[[[23.60369,56.92499],[23.62434,56.93999],[23.60935,56.92512],[23.63263,56.8962],[23.57266,56.84264],[23.59976,56.80458],[23.57848,56.81295],[23.56908,56.84345],[23.62883,56.89701],[23.60369,56.92499]]],[[[21.60496,57.23976],[21.62758,57.25444],[21.63064,57.25276],[21.60496,57.23976]]],[[[21.5954,57.27217],[21.62883,57.25525],[21.62758,57.25444],[21.5954,57.27217]]],[[[21.57355,57.39953],[21.58154,57.40079],[21.6076,57.38047],[21.5848,57.36462],[21.61072,57.33747],[21.57302,57.33108],[21.56565,57.30764],[21.58249,57.29781],[21.57539,57.28319],[21.5954,57.27217],[21.57466,57.28266],[21.58018,57.29757],[21.56307,57.30709],[21.57106,57.33173],[21.60684,57.33892],[21.58011,57.36188],[21.60521,57.37952],[21.57355,57.39953]]],[[[21.53259,57.40458],[21.57355,57.39953],[21.54724,57.39539],[21.53259,57.40458]]],[[[19.09754,56.04541],[19.35117,56.45],[19.41783,56.58333],[19.67117,56.96667],[19.89275,57.23653],[20.036,57.44528],[20.06608,57.56333],[20.41533,57.91152],[20.39591,58.02407],[21.91612,57.74945],[22.14333,57.77917],[22.5836,57.9274],[22.7075,57.94083],[22.99917,57.70222],[23.18083,57.58638],[23.40602,57.59383],[23.58233,57.66955],[23.6485,57.7829],[23.60112,57.89917],[24.20945,57.89917],[24.26112,57.91722],[24.35044,57.87734],[24.33325,57.81698],[24.34837,57.75685],[24.38136,57.75093],[24.34462,57.75219],[24.34237,57.70165],[24.38747,57.61648],[24.36446,57.58144],[24.36132,57.54144],[24.38065,57.51273],[24.41144,57.26636],[24.36724,57.21387],[24.26935,57.16163],[24.28021,57.15133],[24.25781,57.15625],[24.18886,57.11222],[24.03155,57.06389],[24.09234,57.02947],[24.13083,57.03067],[24.11232,57.00651],[24.11019,57.02284],[24.10093,57.01497],[24.0893,57.02878],[24.09404,56.99055],[24.11347,56.99502],[24.09273,56.9842],[24.09871,56.95046],[24.25864,56.86384],[24.26999,56.85126],[24.20825,56.87753],[24.19375,56.86795],[24.23747,56.83357],[24.1886,56.86673],[24.19832,56.88084],[24.1823,56.89751],[24.08532,56.94381],[24.08553,57.02085],[24.0447,57.03881],[23.93121,56.98171],[23.81898,56.95493],[23.93144,56.98554],[23.93086,56.99899],[23.91568,56.99133],[23.92532,57.00608],[23.74171,56.96808],[23.61343,56.96601],[23.52894,56.99138],[23.48929,57.03421],[23.36143,57.04635],[23.2594,57.08942],[23.23644,57.11162],[23.23946,57.16223],[23.17884,57.23388],[23.1609,57.30185],[23.13222,57.32826],[23.13236,57.36011],[22.94581,57.41375],[22.84636,57.49171],[22.64973,57.57502],[22.60167,57.61709],[22.57621,57.66737],[22.57728,57.71287],[22.60672,57.75824],[22.55411,57.75328],[22.0287,57.60982],[21.84657,57.59819],[21.70492,57.56896],[21.59118,57.42852],[21.55139,57.4054],[21.52653,57.40838],[21.53095,57.39158],[21.42692,57.30064],[21.40588,57.17539],[21.41769,57.07969],[21.39352,57.02636],[21.35367,56.98458],[21.24643,56.91839],[21.06722,56.84325],[21.05363,56.82271],[21.05273,56.67229],[20.99515,56.55714],[21.05082,56.54046],[20.99751,56.54414],[20.99521,56.52492],[20.98153,56.52414],[20.99992,56.52146],[20.96786,56.52599],[20.98748,56.51292],[20.99972,56.4654],[20.97169,56.36926],[20.98087,56.22814],[21.06524,56.0689],[20.70972,56.04542],[19.09754,56.04541]],[[24.04314,57.05095],[24.04052,57.03951],[24.05667,57.04351],[24.04314,57.05095]],[[23.9368,57.01092],[23.93766,56.9967],[24.03907,57.03972],[24.02102,57.06036],[23.99643,57.03737],[23.9368,57.01092]]]]}},{"id":"39","type":"Feature","properties":{"zone_id":"NL011_OFF","name":"Netherlands Offshore Node 011","parent_zone":"NL00_OFF","level":"PEOF","area_km2":13051.24},"geometry":{"type":"MultiPolygon","coordinates":[[[[5.16516,53.00025],[5.20998,53.02299],[5.1655,52.99967],[5.16516,53.00025]]],[[[4.04409,53.47923],[4.50746,54.10849],[6.0202,54.15163],[6.10722,54.0],[6.33222,53.75167],[6.53489,53.63602],[6.62772,53.56135],[6.6547,53.51743],[6.76251,53.51187],[6.82503,53.53084],[6.93531,53.52049],[6.94624,53.38915],[6.96849,53.35112],[7.02746,53.31914],[7.10458,53.32074],[7.13999,53.2924],[7.18313,53.2878],[7.21028,53.24417],[7.08394,53.26172],[7.08399,53.29448],[7.0992,53.30803],[7.02641,53.30246],[7.01033,53.30613],[7.00479,53.31709],[6.94658,53.32537],[6.90942,53.34444],[6.90099,53.35018],[6.88815,53.39577],[6.87412,53.40802],[6.88184,53.4444],[6.83429,53.46255],[6.79959,53.45578],[6.74971,53.46593],[6.65605,53.45715],[6.38141,53.41916],[6.31059,53.39649],[6.24591,53.41515],[6.17683,53.41453],[6.12658,53.40506],[6.09251,53.40971],[5.93947,53.38898],[5.87792,53.39604],[5.86904,53.382],[5.58733,53.30052],[5.44593,53.21815],[5.40277,53.17577],[5.40907,53.17208],[5.40517,53.12467],[5.37909,53.10799],[5.37825,53.09512],[5.29365,53.06674],[5.16476,53.00083],[5.04932,53.14339],[4.81803,53.21617],[4.04409,53.47923]],[[6.58173,53.52255],[6.59351,53.51939],[6.59321,53.52493],[6.58173,53.52255]],[[6.56162,53.54619],[6.57853,53.54802],[6.57147,53.54007],[6.60104,53.53252],[6.59071,53.53549],[6.59457,53.54266],[6.61842,53.54202],[6.57274,53.55021],[6.56162,53.54619]],[[6.4317,53.54676],[6.46956,53.52378],[6.51231,53.53252],[6.51087,53.53976],[6.52337,53.5373],[6.46739,53.55273],[6.4317,53.54676]],[[6.11778,53.4688],[6.1194,53.46048],[6.13609,53.45315],[6.15033,53.45797],[6.15729,53.46987],[6.25172,53.4769],[6.35886,53.50784],[6.16349,53.50292],[6.13294,53.48701],[6.11778,53.4688]],[[6.02354,53.47119],[6.05954,53.46681],[6.04382,53.48052],[6.02354,53.47119]],[[5.61379,53.44888],[5.63044,53.42979],[5.67989,53.42467],[5.7209,53.43463],[5.72846,53.44283],[5.775,53.43222],[5.97656,53.46122],[5.95854,53.46819],[5.9099,53.46801],[5.71785,53.46012],[5.65855,53.47211],[5.61991,53.46199],[5.61379,53.44888]],[[5.15336,53.36497],[5.15267,53.35418],[5.18176,53.34365],[5.2581,53.37239],[5.29503,53.37074],[5.31336,53.38064],[5.32563,53.37688],[5.47359,53.40632],[5.4578,53.41516],[5.57417,53.44297],[5.54719,53.45324],[5.51343,53.45155],[5.20082,53.39917],[5.15336,53.36497]],[[5.11266,53.28617],[5.11802,53.27916],[5.16063,53.29959],[5.13479,53.30254],[5.11266,53.28617]],[[4.85315,53.21562],[4.86519,53.2065],[4.91875,53.21499],[4.97191,53.24018],[5.01443,53.27375],[5.07544,53.29584],[5.09186,53.29458],[5.09889,53.30469],[5.03559,53.30184],[4.85457,53.22372],[4.85315,53.21562]]]]}},{"id":"40","type":"Feature","properties":{"zone_id":"NL012_OFF","name":"Netherlands Offshore Node 012","parent_zone":"NL00_OFF","level":"PEOF","area_km2":20831.22},"geometry":{"type":"Polygon","coordinates":[[[2.76333,54.38],[2.8065,54.45761],[4.27193,55.36136],[5.0,55.0],[5.0,54.62],[6.0,54.18667],[6.0202,54.15163],[4.50746,54.10849],[4.04409,53.47923],[2.90258,53.85238],[2.86667,53.96333],[2.76333,54.38]]]}},{"id":"41","type":"Feature","properties":{"zone_id":"NL031_OFF","name":"Netherlands Offshore Node 031","parent_zone":"NL00_OFF","level":"PEOF","area_km2":12609.19},"geometry":{"type":"MultiPolygon","coordinates":[[[[4.16746,51.61526],[4.17597,51.61704],[4.17212,51.61392],[4.16746,51.61526]]],[[[4.08235,51.63974],[4.10521,51.65799],[4.10644,51.67315],[4.15982,51.66794],[4.13778,51.65737],[4.18633,51.63803],[4.12039,51.65378],[4.09831,51.6433],[4.09968,51.63476],[4.08235,51.63974]]],[[[2.85037,52.22504],[2.95823,52.32469],[3.73936,52.75398],[4.04409,53.47923],[5.04932,53.14339],[5.16476,53.00083],[5.04796,52.9406],[5.1655,52.99967],[5.04435,52.93597],[5.02585,52.94399],[5.02944,52.94002],[5.01177,52.93414],[4.97019,52.9303],[4.95262,52.91451],[4.87438,52.88847],[4.80355,52.91735],[4.79169,52.93656],[4.80138,52.9644],[4.73062,52.96254],[4.7153,52.94196],[4.70425,52.86847],[4.64017,52.734],[4.58863,52.50385],[4.56604,52.4681],[4.53186,52.46379],[4.53865,52.45814],[4.55551,52.46167],[4.5601,52.43958],[4.49384,52.32826],[4.37858,52.19128],[4.10619,51.98899],[4.07165,51.97863],[4.03748,51.98723],[4.01875,51.98336],[4.00618,51.96877],[4.01064,51.96106],[4.00276,51.93934],[3.9877,51.92075],[4.05306,51.9157],[4.03055,51.88795],[4.06579,51.85224],[4.05419,51.83641],[4.04359,51.82993],[3.99873,51.84676],[3.86736,51.81866],[3.85509,51.80862],[3.86273,51.7758],[3.82327,51.75028],[3.81871,51.73993],[3.76204,51.7403],[2.85037,52.22504]],[[4.70837,53.02508],[4.72058,52.98418],[4.77354,52.99609],[4.75315,53.00988],[4.79297,53.00225],[4.85751,53.04121],[4.89707,53.07841],[4.89986,53.1212],[4.90789,53.13572],[4.86192,53.18197],[4.82354,53.16665],[4.74208,53.08905],[4.7217,53.06389],[4.70837,53.02508]],[[4.65064,52.96452],[4.70756,52.98022],[4.65849,52.9805],[4.65064,52.96452]]]]}},{"id":"42","type":"Feature","properties":{"zone_id":"NL032_OFF","name":"Netherlands Offshore Node 032","parent_zone":"NL00_OFF","level":"PEOF","area_km2":6350.55},"geometry":{"type":"Polygon","coordinates":[[[2.90258,53.85238],[4.04409,53.47923],[3.73936,52.75398],[2.95823,52.32469],[3.05833,52.41667],[3.18333,52.62167],[3.205,52.78333],[2.98833,53.585],[2.90258,53.85238]]]}},{"id":"43","type":"Feature","properties":{"zone_id":"NL033_OFF","name":"Netherlands Offshore Node 033","parent_zone":"NL00_OFF","level":"PEOF","area_km2":4427.02},"geometry":{"type":"MultiPolygon","coordinates":[[[[4.23202,51.53719],[4.23443,51.54359],[4.23574,51.54199],[4.23202,51.53719]]],[[[4.22274,51.45638],[4.22679,51.44171],[4.22725,51.43845],[4.22274,51.45638]]],[[[4.17684,51.3678],[4.1775,51.36796],[4.19138,51.355],[4.17684,51.3678]]],[[[4.1892,51.59848],[4.19678,51.60681],[4.19236,51.59739],[4.23798,51.55307],[4.23443,51.54359],[4.1892,51.59848]]],[[[4.17485,51.50904],[4.20917,51.50764],[4.23202,51.53719],[4.22002,51.50518],[4.24856,51.50552],[4.27904,51.48228],[4.22579,51.49426],[4.24203,51.39639],[4.27063,51.37578],[4.24025,51.39298],[4.2195,51.49348],[4.17485,51.50904]]],[[[3.83893,51.54562],[3.86557,51.54509],[3.86347,51.54276],[3.83893,51.54562]]],[[[3.62777,51.5748],[3.64069,51.58867],[3.69373,51.55256],[3.70298,51.52597],[3.76157,51.55459],[3.83893,51.54562],[3.75221,51.5473],[3.69914,51.51488],[3.62777,51.5748]]],[[[2.53933,51.87611],[2.70333,52.08833],[2.85037,52.22504],[3.76258,51.74],[3.68226,51.71097],[3.68331,51.68395],[3.72273,51.66302],[3.81257,51.69758],[3.82612,51.68702],[3.81251,51.68614],[3.87651,51.66754],[3.88987,51.63289],[3.90994,51.64159],[3.89523,51.63257],[3.93676,51.63547],[3.98536,51.61411],[4.08235,51.63974],[4.10773,51.63245],[4.12664,51.61276],[4.17221,51.61389],[4.15838,51.60234],[4.16816,51.59701],[4.07455,51.61295],[3.98338,51.58238],[4.07339,51.52711],[4.17191,51.51921],[4.16098,51.51336],[4.21736,51.48923],[4.2207,51.43579],[4.18214,51.44387],[4.13734,51.43095],[4.09273,51.44645],[4.058,51.47697],[4.05685,51.50074],[4.01754,51.51806],[4.00732,51.45601],[4.0123,51.51825],[3.94039,51.52584],[3.92551,51.54388],[3.86557,51.54509],[3.87491,51.55549],[3.89583,51.55933],[3.89393,51.57433],[3.83918,51.60514],[3.57706,51.59398],[3.43923,51.54252],[3.43359,51.52609],[3.56861,51.44059],[3.63769,51.44287],[3.7196,51.47448],[3.69168,51.45936],[3.72704,51.45957],[3.7189,51.44231],[3.69048,51.4566],[3.67671,51.44816],[3.81154,51.38566],[3.90019,51.39524],[3.92386,51.45055],[3.97413,51.46182],[4.00848,51.43947],[4.01208,51.4542],[4.07646,51.40852],[4.15242,51.39487],[4.19877,51.40646],[4.23367,51.39274],[4.22725,51.43845],[4.24541,51.36617],[4.28515,51.34621],[4.27117,51.34364],[4.28646,51.30335],[4.32141,51.2864],[4.27365,51.30039],[4.26301,51.33023],[4.20544,51.37485],[4.15183,51.36818],[4.18561,51.35311],[4.15758,51.35251],[4.16816,51.33982],[4.11296,51.36139],[4.14325,51.33358],[4.0501,51.36618],[4.02938,51.393],[3.99312,51.40551],[3.96591,51.39802],[3.95727,51.36602],[3.81777,51.33094],[3.78908,51.35064],[3.76719,51.34816],[3.76765,51.33585],[3.55121,51.40568],[3.50441,51.40704],[3.36882,51.36875],[3.29639,51.45],[3.08139,51.55167],[2.53933,51.87611]],[[3.66791,51.62196],[3.68646,51.61671],[3.73184,51.63223],[3.69914,51.64332],[3.66791,51.62196]]]]}},{"id":"44","type":"Feature","properties":{"zone_id":"NOM1_OFF","name":"Norway Midt-Norge (NO3) Offshore Node M1","parent_zone":"NOM1_OFF","level":"PEOF","area_km2":120352.04},"geometry":{"type":"MultiPolygon","coordinates":[[[[6.62618,62.5011],[6.72245,62.4919],[6.66115,62.48205],[6.62618,62.5011]]],[[[6.61898,62.50178],[6.62429,62.50212],[6.62618,62.5011],[6.61898,62.50178]]],[[[8.65295,62.97462],[8.67949,62.97766],[8.65316,62.97129],[8.65295,62.97462]]],[[[7.28703,63.01207],[7.28743,63.01167],[7.28313,63.01165],[7.28703,63.01207]]],[[[7.28313,63.01165],[7.14618,62.99682],[7.15024,62.9827],[7.10379,62.9899],[7.09087,62.98525],[7.09242,62.9608],[7.03287,62.96845],[7.0434,62.96219],[7.02456,62.95138],[6.9017,62.91185],[6.93231,62.90242],[6.91728,62.89799],[6.96706,62.90066],[6.93809,62.88323],[6.97806,62.8962],[6.96618,62.87503],[6.99538,62.8737],[6.99007,62.86087],[7.01269,62.85404],[6.99738,62.83462],[7.17299,62.84983],[7.15702,62.84023],[7.20071,62.83461],[7.17955,62.81964],[7.24114,62.80999],[7.17891,62.80375],[7.15421,62.82001],[7.07379,62.81863],[7.11595,62.82647],[7.09695,62.83172],[7.04564,62.81963],[7.02541,62.82978],[6.96966,62.77999],[6.99559,62.75932],[6.96941,62.73524],[6.99214,62.73035],[6.98171,62.72421],[7.71884,62.79282],[7.36178,62.73853],[7.42682,62.7176],[7.35129,62.69153],[7.50116,62.68706],[7.87401,62.76284],[8.06858,62.77646],[8.02004,62.74968],[8.11275,62.72867],[8.14601,62.68444],[8.09221,62.71334],[7.95775,62.74574],[7.93058,62.73952],[7.93451,62.72321],[7.8297,62.73285],[7.50233,62.66409],[7.50817,62.63493],[7.54138,62.61791],[7.53484,62.58763],[7.50386,62.58604],[7.51106,62.60922],[7.48953,62.63951],[7.39941,62.63222],[7.41543,62.59827],[7.46895,62.58496],[7.46107,62.57287],[7.54881,62.55433],[7.72738,62.58488],[7.78145,62.57715],[7.6844,62.56967],[7.66737,62.55828],[7.70177,62.55272],[7.56867,62.53697],[7.56272,62.49795],[7.54168,62.50125],[7.52576,62.53289],[7.5081,62.53556],[7.51709,62.54287],[7.4477,62.53283],[7.37844,62.5727],[7.35905,62.60774],[7.28908,62.60817],[7.26103,62.62321],[7.23002,62.61068],[7.16749,62.63193],[7.12691,62.60545],[7.15357,62.56731],[7.14437,62.52768],[7.12909,62.52689],[7.13381,62.55735],[7.07577,62.65438],[6.90959,62.64663],[6.93938,62.61508],[6.91694,62.60025],[6.93395,62.58561],[6.91469,62.57477],[6.92002,62.58807],[6.82068,62.647],[6.77015,62.65563],[6.66148,62.63269],[6.67074,62.6028],[6.65336,62.62985],[6.62561,62.62922],[6.61484,62.61112],[6.63469,62.59776],[6.61343,62.55777],[6.60211,62.56482],[6.61285,62.58764],[6.57166,62.59707],[6.5722,62.62525],[6.4588,62.61532],[6.47398,62.60583],[6.45948,62.56567],[6.44166,62.61515],[6.33596,62.61466],[6.25776,62.58458],[6.27924,62.56316],[6.2671,62.54894],[6.28833,62.54313],[6.25372,62.52943],[6.57371,62.54293],[6.58605,62.53132],[6.46434,62.51508],[6.62614,62.52059],[6.60152,62.51369],[6.61768,62.50979],[6.60504,62.50311],[6.61898,62.50178],[6.55273,62.49752],[6.53024,62.50986],[6.35377,62.47427],[6.2556,62.46965],[6.2445,62.4717],[6.26007,62.47922],[6.18427,62.48384],[6.09057,62.47143],[6.09404,62.45524],[6.16504,62.4596],[6.12413,62.47235],[6.35327,62.46029],[6.3434,62.43371],[6.39648,62.43119],[6.39435,62.41913],[6.53709,62.43546],[6.69977,62.48655],[6.72329,62.48971],[6.70257,62.48102],[6.71099,62.47409],[6.81286,62.48237],[6.7743,62.45933],[6.87532,62.46037],[6.94261,62.4272],[6.94669,62.40018],[6.98585,62.38275],[6.93757,62.37493],[6.94108,62.3643],[6.99154,62.31257],[7.19181,62.28458],[7.34113,62.29331],[7.38292,62.27444],[7.35666,62.27107],[7.33055,62.28731],[7.26683,62.28532],[7.228,62.25447],[7.13196,62.28079],[7.03731,62.27571],[7.03855,62.22977],[7.00844,62.22582],[7.00004,62.27266],[7.00918,62.28469],[6.96721,62.29183],[6.89626,62.35519],[6.88498,62.37862],[6.91624,62.41238],[6.85886,62.43351],[6.751,62.43519],[6.75068,62.4493],[6.72455,62.45278],[6.55004,62.41115],[6.58259,62.40019],[6.56918,62.36929],[6.59375,62.33523],[6.55708,62.36834],[6.55406,62.39277],[6.45327,62.40201],[6.4093,62.38618],[6.4256,62.37125],[6.40386,62.35824],[6.4411,62.33334],[6.4692,62.27617],[6.52714,62.2336],[6.53781,62.21274],[6.527,62.20665],[6.59438,62.21197],[6.65328,62.19437],[6.59801,62.20478],[6.55399,62.19377],[6.58192,62.16901],[6.55617,62.16553],[6.4988,62.20771],[6.47849,62.20674],[6.49336,62.22037],[6.47326,62.24761],[6.42341,62.26772],[6.42567,62.2913],[6.34386,62.37496],[6.22253,62.3557],[5.97604,62.26602],[5.95937,62.24935],[6.00146,62.23903],[6.01088,62.21626],[6.12407,62.1979],[6.0119,62.20067],[5.97241,62.23075],[5.93211,62.2223],[5.96465,62.20725],[5.95342,62.19978],[6.1212,62.10593],[6.07932,62.10011],[5.97966,62.14348],[5.96088,62.13644],[5.96895,62.10397],[5.93966,62.08058],[5.90774,62.0761],[5.94391,62.11745],[5.93547,62.14047],[5.9494,62.15928],[5.91373,62.18998],[5.8475,62.20415],[5.72684,62.17218],[5.67045,62.17532],[5.69273,62.12179],[5.74427,62.0991],[5.72333,62.08892],[5.67306,62.11922],[5.67087,62.14694],[5.6419,62.17317],[5.56366,62.16788],[5.48822,62.2022],[5.43949,62.18026],[5.43642,62.15726],[5.40291,62.12911],[5.43413,62.10367],[5.55148,62.10095],[5.62186,62.06754],[5.61261,62.05054],[5.5883,62.07668],[5.51966,62.07684],[5.52683,62.04805],[5.51099,62.04261],[5.5285,62.03557],[5.48905,62.01816],[5.47287,62.02],[5.49544,62.04282],[5.31516,62.12277],[5.3156,62.14477],[5.299,62.1521],[5.32674,62.16874],[5.28918,62.17179],[5.29587,62.16114],[5.28323,62.15961],[5.28023,62.17607],[5.23632,62.18866],[5.2255,62.20975],[5.18346,62.21706],[5.17272,62.20013],[5.19936,62.19367],[5.0977,62.1952],[5.11328,62.16892],[5.08749,62.16844],[5.09613,62.15738],[5.16065,62.12798],[5.11166,62.12649],[5.11659,62.10105],[5.23251,62.1046],[5.33729,62.06242],[5.3483,62.04796],[5.33831,62.037],[5.35938,62.03287],[1.04009,62.44715],[0.85819,62.66611],[0.47014,63.05575],[-0.18314,63.6363],[-0.48876,63.88748],[-0.48673,64.43397],[0.70926,65.07234],[0.88291,65.14838],[10.44517,64.35311],[10.47917,64.33173],[10.44965,64.33062],[10.46134,64.3168],[10.4481,64.30679],[10.50408,64.30604],[10.48618,64.29758],[10.49481,64.28997],[10.44734,64.29853],[10.45059,64.27858],[10.43713,64.29819],[10.39823,64.29601],[10.40591,64.28185],[10.39372,64.27595],[10.42698,64.25599],[10.37186,64.28496],[10.34161,64.27404],[10.35211,64.2561],[10.26476,64.23712],[10.39409,64.20165],[10.37795,64.18094],[10.3571,64.17841],[10.37122,64.19771],[10.34792,64.20649],[10.30201,64.2123],[10.30889,64.20371],[10.29368,64.19874],[10.28669,64.20731],[10.25017,64.20479],[10.26613,64.18533],[10.21293,64.20689],[10.18792,64.1837],[10.22544,64.17605],[10.21072,64.16105],[10.22804,64.14958],[10.1893,64.1546],[10.19968,64.16311],[10.17492,64.17897],[10.16229,64.16571],[10.18867,64.1567],[10.1762,64.14358],[10.11861,64.12515],[10.17014,64.10443],[10.25346,64.11601],[10.25662,64.10329],[10.13652,64.06822],[10.13832,64.0826],[10.07171,64.10648],[10.02811,64.09803],[10.03823,64.08186],[10.01453,64.08741],[10.08257,64.05031],[10.03515,64.03571],[10.06407,64.01373],[10.0264,64.02868],[10.00325,64.01738],[10.03309,64.00659],[9.99912,64.01336],[10.05676,63.98851],[9.99283,63.99825],[10.00591,63.97774],[9.97651,63.97555],[9.9342,63.94425],[10.02287,63.96097],[10.01111,63.9712],[10.04748,63.961],[10.11002,63.97562],[10.06209,63.95308],[10.11404,63.96548],[9.93228,63.90568],[9.9705,63.9009],[10.03732,63.9274],[10.08781,63.9267],[10.10071,63.94853],[10.11916,63.93869],[10.19362,63.96034],[10.18874,63.94988],[10.22296,63.9586],[10.20117,63.94075],[10.2228,63.93898],[10.22241,63.92716],[10.17133,63.94193],[9.93785,63.87149],[9.91363,63.87769],[9.95815,63.89734],[9.87623,63.89013],[9.82923,63.87187],[9.85664,63.85501],[9.8183,63.85035],[9.80872,63.83126],[9.68844,63.82197],[9.80774,63.84092],[9.81749,63.86661],[9.75449,63.85148],[9.76561,63.85841],[9.75384,63.86619],[9.61644,63.81899],[9.68239,63.81818],[9.56957,63.77955],[9.56028,63.7685],[9.61368,63.75649],[9.80424,63.76662],[9.53002,63.71302],[9.57472,63.70899],[9.57879,63.68547],[9.54239,63.66165],[9.56702,63.65019],[9.59308,63.67221],[9.66767,63.67476],[9.6791,63.70238],[9.7406,63.69636],[9.86309,63.72133],[9.93411,63.75387],[10.11977,63.78297],[10.02202,63.74008],[10.12093,63.75135],[10.04433,63.71763],[9.95576,63.7167],[9.93732,63.70702],[9.96083,63.697],[9.91312,63.70271],[9.87136,63.68096],[9.82617,63.6897],[9.81564,63.68443],[9.82891,63.67256],[9.80367,63.66101],[9.8574,63.64431],[9.80641,63.62738],[9.8399,63.59498],[9.92396,63.58954],[9.89373,63.56326],[9.91918,63.55043],[9.91182,63.53105],[9.9402,63.49926],[9.99616,63.48607],[10.10297,63.49591],[10.23254,63.55565],[10.42087,63.5711],[10.42627,63.58887],[10.60587,63.64754],[10.62113,63.67045],[10.95561,63.7454],[11.00564,63.79182],[11.0129,63.80926],[10.99986,63.81187],[11.07108,63.84229],[11.0494,63.85932],[11.04892,63.88063],[10.96474,63.9068],[10.81578,63.8546],[10.72118,63.84431],[10.89015,63.89313],[11.02177,63.95663],[11.20731,64.00723],[11.22827,64.02945],[11.21052,64.04828],[11.22298,64.07301],[11.32863,64.09499],[11.30477,64.10079],[11.3151,64.11496],[11.38382,64.10522],[11.23503,64.07015],[11.23863,64.02805],[11.35859,64.0394],[11.37034,64.03095],[11.3463,64.02564],[11.37738,64.02534],[11.34118,64.01605],[11.43317,64.02843],[11.44503,64.0198],[11.43282,64.01426],[11.4903,64.01703],[11.49359,64.00505],[11.31799,63.96081],[11.28372,63.97628],[11.2113,63.93767],[11.22714,63.94036],[11.19856,63.91614],[11.07796,63.88789],[11.07281,63.85881],[11.09491,63.83751],[11.29558,63.86737],[11.31574,63.85435],[11.29957,63.83612],[11.40197,63.84782],[11.43972,63.82542],[11.3986,63.81808],[11.44526,63.8028],[11.43173,63.80012],[11.44062,63.7855],[11.42172,63.76753],[11.38563,63.78104],[11.28356,63.74316],[11.29633,63.75014],[11.2747,63.76592],[11.21191,63.75741],[11.21022,63.72087],[11.18948,63.71152],[11.15065,63.71813],[11.04762,63.6965],[11.04388,63.71161],[10.9972,63.71289],[11.00147,63.70268],[10.89521,63.67728],[10.84489,63.63899],[10.71529,63.61744],[10.6731,63.582],[10.67078,63.55899],[10.62808,63.54857],[10.64968,63.53841],[10.91012,63.6153],[10.90202,63.60475],[10.9329,63.61305],[10.9163,63.60406],[10.94061,63.60174],[10.85085,63.57494],[10.87337,63.5729],[10.85918,63.56261],[10.93712,63.5627],[10.89674,63.5458],[10.77417,63.53786],[10.75672,63.52122],[10.75494,63.50308],[10.77738,63.4833],[10.87904,63.47807],[10.88184,63.46579],[10.89684,63.46607],[10.89462,63.45065],[10.94505,63.45277],[10.82816,63.44135],[10.80419,63.43317],[10.79872,63.41376],[10.76177,63.43269],[10.64263,63.44365],[10.52453,63.43153],[10.44925,63.45737],[10.38099,63.43228],[10.304,63.45407],[10.18933,63.45077],[10.09172,63.41689],[10.05679,63.38662],[10.06982,63.37143],[10.15294,63.3445],[10.23362,63.34084],[10.16849,63.31117],[10.07538,63.32563],[10.04351,63.34929],[9.97369,63.34983],[9.84106,63.31835],[9.82637,63.30286],[9.83934,63.31948],[9.82463,63.32264],[9.94333,63.37371],[9.97944,63.44218],[9.84934,63.48588],[9.85225,63.50238],[9.80889,63.51847],[9.832,63.54175],[9.75865,63.58299],[9.74227,63.61683],[9.71818,63.61622],[9.75466,63.64595],[9.6935,63.64248],[9.49355,63.57993],[9.56416,63.58314],[9.58538,63.52903],[9.55232,63.5692],[9.48938,63.57335],[9.41261,63.5259],[9.41765,63.50049],[9.39072,63.51606],[9.39849,63.55134],[9.41324,63.55557],[9.39278,63.55965],[9.34519,63.54876],[9.31659,63.51942],[9.24346,63.52333],[9.27478,63.50738],[9.26179,63.49159],[9.23214,63.51994],[9.15094,63.48971],[9.16811,63.50144],[9.1047,63.49853],[9.10028,63.48373],[9.1398,63.48209],[9.14983,63.48895],[9.17187,63.48298],[9.17641,63.46013],[9.30439,63.44685],[9.33863,63.46637],[9.28458,63.46767],[9.30149,63.47963],[9.28356,63.47923],[9.28029,63.496],[9.31586,63.48064],[9.30158,63.47193],[9.3474,63.47231],[9.34067,63.45591],[9.51123,63.48499],[9.48,63.47877],[9.49898,63.47737],[9.49369,63.46599],[9.19219,63.43038],[9.18083,63.40879],[9.21521,63.38321],[9.23523,63.3902],[9.23085,63.37268],[9.49765,63.39556],[9.40811,63.3702],[9.29741,63.36219],[9.23998,63.34806],[9.23642,63.33222],[9.20504,63.34059],[9.10221,63.28778],[9.08698,63.31092],[9.13863,63.34161],[9.1208,63.34901],[9.18087,63.37387],[9.15085,63.37704],[9.14062,63.41657],[9.10164,63.4198],[9.11888,63.42748],[9.08995,63.42808],[9.09715,63.44282],[9.02929,63.44638],[9.02179,63.46551],[8.99666,63.4621],[9.00319,63.4478],[8.97697,63.44058],[9.00193,63.42939],[8.97195,63.41977],[9.02443,63.41277],[8.96662,63.40586],[8.93114,63.42556],[8.92647,63.41317],[8.88279,63.41146],[8.90605,63.38828],[8.8738,63.4077],[8.87169,63.42926],[8.65934,63.4103],[8.65205,63.39089],[8.71006,63.35831],[8.70317,63.34681],[8.84474,63.34723],[8.56639,63.31234],[8.52598,63.30327],[8.53603,63.30005],[8.52389,63.28794],[8.50094,63.29134],[8.49213,63.27748],[8.52877,63.27258],[8.52766,63.25481],[8.58603,63.22529],[8.57794,63.21868],[8.5992,63.21061],[8.58493,63.201],[8.60758,63.20718],[8.59756,63.1931],[8.64052,63.18872],[8.9772,63.20151],[8.54668,63.15837],[8.56707,63.14894],[8.55605,63.14233],[8.56674,63.13017],[8.62405,63.118],[8.62036,63.0953],[8.54238,63.13671],[8.37166,63.13314],[8.33567,63.15069],[8.25409,63.14825],[8.24454,63.1351],[8.32605,63.10945],[8.31319,63.10431],[8.33838,63.09397],[8.32301,63.08725],[8.34592,63.08498],[8.28817,63.07348],[8.28637,63.08691],[8.30798,63.0962],[8.25885,63.11114],[8.2325,63.14131],[8.16002,63.12463],[8.17983,63.08797],[8.234,63.06736],[8.22109,63.02933],[8.30709,63.00859],[8.49294,63.02067],[8.34411,63.0083],[8.3229,62.9938],[8.36621,62.96981],[8.57848,63.02262],[8.47362,62.98481],[8.46486,62.96959],[8.65187,62.99106],[8.65295,62.97462],[8.4221,62.948],[8.47468,62.90188],[8.54198,62.87919],[8.6128,62.88094],[8.63254,62.84196],[8.69923,62.82065],[8.63378,62.83113],[8.58331,62.86846],[8.51885,62.86517],[8.4199,62.90232],[8.44575,62.87801],[8.51453,62.85719],[8.51486,62.83899],[8.45557,62.84711],[8.37082,62.88695],[8.30847,62.85837],[8.34189,62.89099],[8.28561,62.92846],[8.30356,62.92929],[8.29005,62.92969],[8.33435,62.965],[8.27861,62.98426],[8.2537,62.97515],[8.2446,62.98233],[8.25796,62.99683],[8.13399,63.03455],[8.11954,63.04475],[8.14319,63.07487],[8.11131,63.10675],[7.98086,63.08938],[7.96866,63.07767],[7.97928,63.04917],[7.88631,63.02526],[7.90317,62.99355],[7.88221,62.98954],[7.90321,62.98917],[7.98739,63.01427],[7.98523,63.02826],[8.0084,63.02187],[7.98908,63.01121],[8.0002,62.99988],[8.13696,62.94716],[8.15357,62.90956],[8.20532,62.91175],[8.15046,62.89081],[8.16632,62.86896],[8.15735,62.85681],[8.19213,62.82945],[8.32375,62.80352],[8.44283,62.76195],[8.44688,62.7484],[8.54356,62.72953],[8.56082,62.69494],[8.52983,62.67134],[8.50722,62.69406],[8.50688,62.71829],[8.4375,62.73214],[8.42103,62.72076],[8.40289,62.74702],[8.31352,62.7848],[8.26416,62.78045],[8.14199,62.82036],[8.11371,62.85786],[8.11232,62.88868],[8.08973,62.8908],[8.11998,62.92122],[8.03713,62.96749],[7.97281,62.97331],[7.83888,62.95114],[7.68633,62.8971],[7.71255,62.92449],[7.79375,62.96023],[7.68681,62.96921],[7.58899,62.93772],[7.59406,62.92701],[7.47142,62.90069],[7.44927,62.9078],[7.4489,62.93895],[7.41615,62.95859],[7.31877,62.97282],[7.32658,62.99428],[7.29165,62.99969],[7.3342,63.01715],[7.27273,63.0116],[7.28313,63.01165]],[[7.7706,63.40311],[7.80461,63.40531],[7.79051,63.39892],[7.82147,63.392],[7.76976,63.36954],[7.81831,63.35789],[7.90877,63.3722],[7.84604,63.3558],[7.90334,63.35074],[7.80103,63.34722],[7.79645,63.33598],[7.83981,63.33808],[7.80427,63.33212],[7.92037,63.34071],[8.0227,63.32377],[7.98901,63.31882],[7.99468,63.30458],[8.09795,63.3195],[8.0493,63.32412],[8.15369,63.33213],[8.14562,63.34055],[8.17187,63.34334],[8.14619,63.35111],[8.22414,63.37293],[8.19456,63.37881],[8.20517,63.39484],[8.16809,63.39953],[8.16522,63.42466],[8.10629,63.46539],[8.13339,63.47281],[8.07252,63.45955],[7.97476,63.47789],[7.98595,63.47157],[7.94854,63.46069],[7.96064,63.45555],[7.94549,63.45324],[7.95625,63.44807],[7.94358,63.43501],[7.92727,63.44847],[7.89684,63.43356],[7.91013,63.42726],[7.88789,63.4317],[7.89296,63.44092],[7.86602,63.42791],[7.84382,63.43823],[7.85337,63.43156],[7.84262,63.42403],[7.7706,63.40311]],[[7.80378,63.3909],[7.7837,63.38965],[7.80378,63.39089],[7.80378,63.3909]],[[6.27043,62.44589],[6.31965,62.43863],[6.29966,62.4351],[6.34154,62.43818],[6.31091,62.44953],[6.27043,62.44589]],[[6.25343,62.55099],[6.26636,62.55373],[6.25979,62.56557],[6.25343,62.55099]],[[7.222,62.66282],[7.30043,62.64809],[7.38758,62.66089],[7.2929,62.67896],[7.222,62.66282]],[[7.19052,62.70624],[7.29802,62.72475],[7.34364,62.73429],[7.26641,62.72949],[7.30188,62.7267],[7.19052,62.70624]],[[7.12212,62.82842],[7.1511,62.83403],[7.1481,62.8358],[7.12212,62.82842]],[[7.12046,62.82534],[7.13741,62.82122],[7.14826,62.82827],[7.13619,62.82917],[7.12046,62.82534]],[[8.38906,62.91889],[8.39132,62.90762],[8.41154,62.90862],[8.38906,62.91889]],[[9.12558,63.47007],[9.13307,63.46304],[9.14916,63.47065],[9.14218,63.4736],[9.12558,63.47007]],[[10.87545,63.55231],[10.88925,63.5508],[10.88965,63.55562],[10.87545,63.55231]],[[10.99926,63.74821],[11.0375,63.74391],[11.05247,63.75937],[11.15243,63.80151],[11.20203,63.79346],[11.23221,63.80685],[11.22682,63.81623],[11.0533,63.80022],[10.99926,63.74821]],[[10.58962,63.56415],[10.61895,63.56904],[10.64114,63.58415],[10.62165,63.58586],[10.58962,63.56415]],[[10.39217,64.33911],[10.39911,64.33027],[10.43756,64.33534],[10.40743,64.34255],[10.39217,64.33911]],[[10.34915,64.32661],[10.38523,64.32632],[10.36422,64.3373],[10.34915,64.32661]],[[10.26258,64.29174],[10.29579,64.29392],[10.26644,64.2859],[10.28316,64.28454],[10.31285,64.29121],[10.29964,64.30827],[10.26258,64.29174]],[[10.23396,64.2588],[10.24864,64.24364],[10.30793,64.25208],[10.29936,64.27263],[10.26621,64.25427],[10.23396,64.2588]],[[10.00752,64.1673],[10.04455,64.18858],[10.0328,64.19938],[10.00752,64.1673]],[[9.9315,64.0664],[9.98102,64.03527],[10.05379,64.05195],[9.97948,64.08141],[9.9315,64.0664]],[[9.91112,63.91752],[9.95762,63.93695],[9.91842,63.93563],[9.91112,63.91752]],[[9.82754,63.8791],[9.87239,63.88927],[9.85865,63.90092],[9.82754,63.8791]],[[9.84554,64.04302],[9.84998,64.02089],[9.89175,64.01851],[9.84375,64.00949],[9.89483,63.99572],[9.95249,64.00726],[9.90249,64.0521],[9.8847,64.05182],[9.88103,64.03466],[9.84554,64.04302]],[[9.79852,63.8728],[9.82183,63.87711],[9.80839,63.88155],[9.79852,63.8728]],[[9.75181,63.93409],[9.76625,63.91628],[9.76712,63.93507],[9.75181,63.93409]],[[9.50375,63.64687],[9.52763,63.63673],[9.55621,63.64722],[9.53853,63.64697],[9.50375,63.64687]],[[9.44726,63.56506],[9.46109,63.56764],[9.45757,63.57228],[9.44726,63.56506]],[[9.46298,63.81284],[9.50774,63.81871],[9.5149,63.82958],[9.47113,63.83188],[9.46298,63.81284]],[[9.37889,63.58581],[9.40064,63.58695],[9.39685,63.5973],[9.37889,63.58581]],[[9.36876,63.6687],[9.38306,63.64885],[9.40809,63.65874],[9.43975,63.63899],[9.46187,63.64494],[9.43015,63.6542],[9.44066,63.67531],[9.41777,63.69175],[9.36876,63.6687]],[[9.36097,63.79483],[9.362,63.78073],[9.37864,63.79459],[9.38427,63.78462],[9.43433,63.79566],[9.44644,63.81946],[9.42391,63.82086],[9.43743,63.82765],[9.42416,63.83423],[9.37464,63.81265],[9.38846,63.80483],[9.36097,63.79483]],[[9.31351,63.63576],[9.33943,63.63784],[9.33762,63.66448],[9.32248,63.65019],[9.31351,63.63576]],[[9.29306,63.56604],[9.30838,63.56394],[9.36946,63.58485],[9.30588,63.58088],[9.29306,63.56604]],[[9.19549,63.57649],[9.20732,63.56687],[9.22108,63.57221],[9.20637,63.57755],[9.19549,63.57649]],[[9.14193,63.66949],[9.1557,63.66164],[9.17381,63.66618],[9.1567,63.6751],[9.14193,63.66949]],[[9.15235,64.00246],[9.16422,63.99295],[9.1955,64.00066],[9.18262,64.00868],[9.15235,64.00246]],[[9.14926,64.03242],[9.16963,64.03724],[9.16168,64.04253],[9.14926,64.03242]],[[9.15084,64.06935],[9.16566,64.07675],[9.158,64.07874],[9.15084,64.06935]],[[9.0397,63.667],[9.10992,63.66483],[9.13111,63.68274],[9.10766,63.67367],[9.07695,63.68699],[9.04401,63.68286],[9.0397,63.667]],[[9.0188,63.61536],[9.08222,63.61067],[9.18852,63.64872],[9.04655,63.6528],[9.0188,63.61536]],[[9.10347,63.98314],[9.10916,63.96725],[9.12549,63.98623],[9.10347,63.98314]],[[9.08843,63.99618],[9.11365,63.99059],[9.12632,63.99981],[9.11327,64.01221],[9.08843,63.99618]],[[9.04807,63.97878],[9.06013,63.97074],[9.09728,63.98216],[9.07373,63.99183],[9.04807,63.97878]],[[8.86551,63.73642],[8.89952,63.71923],[8.93207,63.73648],[8.90618,63.74327],[8.86551,63.73642]],[[8.8367,63.76817],[8.88781,63.76908],[8.90688,63.77558],[8.8834,63.78802],[8.8367,63.76817]],[[8.69175,63.80468],[8.70379,63.81697],[8.69474,63.8159],[8.69175,63.80468]],[[8.57409,63.74584],[8.60134,63.75269],[8.59427,63.76019],[8.57409,63.74584]],[[8.44132,63.84585],[8.47592,63.83358],[8.47692,63.85542],[8.44132,63.84585]],[[8.4769,63.59241],[8.5036,63.5937],[8.4984,63.59632],[8.4769,63.59241]],[[8.46391,63.58835],[8.48161,63.57346],[8.49939,63.58163],[8.48442,63.58545],[8.46391,63.58835]],[[8.45965,63.59768],[8.46037,63.59545],[8.47112,63.59654],[8.45965,63.59768]],[[8.38282,63.61913],[8.38866,63.61058],[8.40124,63.61214],[8.38282,63.61913]],[[8.36159,63.57837],[8.39472,63.56677],[8.41831,63.58063],[8.40344,63.56843],[8.44455,63.57377],[8.39446,63.59327],[8.36159,63.57837]],[[8.34686,63.53581],[8.36578,63.52875],[8.38942,63.54261],[8.34686,63.53581]],[[9.19234,63.552],[9.20442,63.54194],[9.21651,63.55313],[9.19234,63.552]],[[8.9569,63.42528],[8.97165,63.42553],[8.98687,63.42802],[8.97495,63.4301],[8.9569,63.42528]],[[8.88164,63.44696],[8.91085,63.43451],[8.952,63.43964],[8.9168,63.44226],[8.94581,63.45604],[8.88164,63.44696]],[[8.44692,63.33967],[8.53818,63.3215],[8.55292,63.32465],[8.52152,63.34427],[8.57111,63.33609],[8.56036,63.32045],[8.57248,63.31502],[8.70975,63.33963],[8.64847,63.38358],[8.5695,63.39122],[8.49648,63.3741],[8.51117,63.36678],[8.49401,63.35577],[8.52518,63.34723],[8.44692,63.33967]],[[8.43315,63.41617],[8.45145,63.41633],[8.44535,63.42033],[8.43315,63.41617]],[[8.35943,63.30872],[8.38198,63.30202],[8.47678,63.31575],[8.45747,63.33464],[8.38198,63.32271],[8.35943,63.30872]],[[8.34286,63.27268],[8.36357,63.27947],[8.35618,63.28337],[8.34286,63.27268]],[[8.49846,63.14549],[8.5129,63.13996],[8.55613,63.14571],[8.54137,63.1563],[8.49846,63.14549]],[[8.24899,63.26858],[8.2897,63.24529],[8.25776,63.23547],[8.28055,63.21207],[8.35877,63.16143],[8.47704,63.158],[8.57033,63.17667],[8.57836,63.20003],[8.55327,63.20377],[8.51382,63.26221],[8.48594,63.25025],[8.52138,63.22821],[8.50644,63.22666],[8.44874,63.28452],[8.33367,63.2551],[8.29278,63.27314],[8.24899,63.26858]],[[8.27836,63.46415],[8.30019,63.47412],[8.29131,63.47434],[8.27836,63.46415]],[[8.23762,63.49679],[8.25523,63.48498],[8.28996,63.51137],[8.33692,63.50885],[8.34785,63.52689],[8.3163,63.52939],[8.23762,63.49679]],[[8.27124,63.676],[8.30492,63.6702],[8.29722,63.6627],[8.39845,63.67866],[8.41648,63.66776],[8.43872,63.67689],[8.40395,63.67787],[8.47849,63.68843],[8.43711,63.67054],[8.57211,63.68549],[8.45924,63.66841],[8.49149,63.6623],[8.77709,63.68629],[8.83757,63.70383],[8.83706,63.75258],[8.8203,63.7637],[8.82322,63.80316],[8.78546,63.799],[8.81374,63.80591],[8.80947,63.81834],[8.77033,63.80357],[8.76302,63.78275],[8.76498,63.7936],[8.74605,63.79313],[8.7584,63.80882],[8.69084,63.78244],[8.71711,63.80269],[8.66257,63.79929],[8.61832,63.77959],[8.68535,63.78321],[8.66267,63.77575],[8.6898,63.78156],[8.67313,63.76205],[8.78782,63.77744],[8.66485,63.75197],[8.5638,63.71118],[8.30378,63.68748],[8.27124,63.676]],[[8.18894,63.41064],[8.19187,63.40479],[8.20119,63.40919],[8.18894,63.41064]],[[8.13231,63.46137],[8.14327,63.45831],[8.14374,63.46082],[8.13231,63.46137]],[[7.98404,63.48598],[7.9966,63.47932],[8.00038,63.49053],[7.98404,63.48598]],[[7.95636,63.51706],[7.96589,63.50619],[7.98014,63.51059],[7.95636,63.51706]],[[7.94614,63.51684],[7.96631,63.52206],[7.94981,63.52455],[7.96412,63.5217],[7.94614,63.51684]],[[8.1605,63.2132],[8.19013,63.20338],[8.17861,63.19724],[8.18947,63.16427],[8.23622,63.15806],[8.32771,63.1663],[8.22331,63.22833],[8.1605,63.2132]],[[8.15146,63.23748],[8.17665,63.22541],[8.21738,63.24029],[8.19666,63.24914],[8.15146,63.23748]],[[8.10409,63.27824],[8.1887,63.30027],[8.22475,63.31627],[8.20906,63.32587],[8.18034,63.31257],[8.18823,63.30454],[8.15607,63.30646],[8.10409,63.27824]],[[8.07042,63.31177],[8.08237,63.30336],[8.10376,63.30953],[8.07042,63.31177]],[[8.0245,63.2823],[8.0538,63.28661],[8.10824,63.29984],[8.08892,63.30345],[8.04253,63.29364],[8.0245,63.2823]],[[7.97873,63.29381],[8.00759,63.28434],[8.00299,63.2968],[7.97873,63.29381]],[[7.95542,63.13435],[7.97211,63.13492],[7.96797,63.1378],[7.95542,63.13435]],[[7.87005,63.15735],[8.03992,63.14237],[8.18652,63.16058],[8.12702,63.23768],[8.05136,63.22385],[8.03073,63.20649],[7.9567,63.20125],[8.02771,63.206],[7.91026,63.17477],[7.94583,63.1578],[7.89495,63.16839],[7.87005,63.15735]],[[7.85338,63.16201],[7.85363,63.15905],[7.86558,63.16564],[7.85338,63.16201]],[[7.76261,63.36045],[7.76376,63.35451],[7.78015,63.35633],[7.76261,63.36045]],[[7.71543,63.10168],[7.74694,63.10357],[7.74266,63.1096],[7.71543,63.10168]],[[7.78503,62.97339],[7.8689,62.97489],[7.84148,63.00034],[7.78503,62.97339]],[[7.70583,63.08155],[7.72955,63.05691],[7.72299,63.04661],[7.70823,63.05651],[7.7006,63.03517],[7.76398,63.02839],[7.74669,63.02007],[7.76169,63.01737],[7.87726,63.05293],[7.90229,63.1001],[7.82265,63.10612],[7.87417,63.11312],[7.85695,63.13548],[7.74638,63.11297],[7.82058,63.10366],[7.80012,63.10295],[7.79349,63.08659],[7.70583,63.08155]],[[7.69512,63.11961],[7.72684,63.10734],[7.73137,63.12186],[7.79207,63.1323],[7.71223,63.13265],[7.69512,63.11961]],[[7.55599,63.07912],[7.56745,63.07701],[7.55882,63.06444],[7.58919,63.06402],[7.57436,63.05819],[7.60422,63.06395],[7.57939,63.09002],[7.55599,63.07912]],[[7.35487,62.98147],[7.48077,62.9593],[7.4926,62.93636],[7.69178,62.98636],[7.72691,63.00327],[7.67452,63.02735],[7.67602,63.05736],[7.65972,63.05713],[7.68024,63.06922],[7.66272,63.07245],[7.67633,63.09645],[7.65547,63.10507],[7.66837,63.11544],[7.58148,63.11059],[7.57025,63.09813],[7.62939,63.09439],[7.61892,63.0908],[7.63288,63.08416],[7.60394,63.07512],[7.64396,63.07323],[7.56702,63.0495],[7.591,63.03993],[7.57504,63.03429],[7.59569,63.02359],[7.5843,63.01387],[7.56908,63.01259],[7.58271,63.01631],[7.55941,63.0415],[7.48669,63.04088],[7.52207,63.05377],[7.51266,63.06119],[7.43601,63.05308],[7.49067,63.07011],[7.389,63.05082],[7.42602,63.02961],[7.40986,63.02328],[7.46581,63.02281],[7.35487,62.98147]],[[6.99814,62.97768],[7.01132,62.97788],[7.01059,62.97952],[6.99814,62.97768]],[[6.77772,62.78976],[6.78883,62.7936],[6.7888,62.79507],[6.77772,62.78976]],[[6.77162,62.81857],[6.78328,62.8138],[6.771,62.8058],[6.91768,62.77466],[6.92811,62.7951],[6.90257,62.80373],[6.92047,62.81188],[6.8901,62.8153],[6.96273,62.82548],[6.9532,62.83701],[6.96979,62.85005],[6.94557,62.8593],[6.8677,62.83542],[6.81302,62.85583],[6.77611,62.84211],[6.82049,62.82569],[6.77162,62.81857]],[[6.65953,62.68733],[6.68162,62.66077],[6.94005,62.71032],[6.92106,62.75051],[6.77204,62.73467],[6.73008,62.71265],[6.72598,62.72711],[6.7418,62.73618],[6.70568,62.73977],[6.67829,62.73047],[6.70275,62.72374],[6.67602,62.71946],[6.69881,62.69967],[6.65953,62.68733]],[[6.57615,62.82549],[6.60061,62.81641],[6.59905,62.82802],[6.57615,62.82549]],[[6.58681,62.61169],[6.601,62.61088],[6.59985,62.61588],[6.58681,62.61169]],[[6.52212,62.63999],[6.66367,62.66065],[6.64055,62.67462],[6.64988,62.70618],[6.59992,62.68854],[6.59666,62.6734],[6.52212,62.63999]],[[6.52748,62.81908],[6.53003,62.8126],[6.54375,62.81678],[6.52748,62.81908]],[[6.53219,62.85616],[6.55625,62.85526],[6.54318,62.86206],[6.53219,62.85616]],[[6.48467,62.80189],[6.49602,62.79461],[6.51673,62.80094],[6.50378,62.80664],[6.48467,62.80189]],[[6.41731,62.76419],[6.44973,62.75868],[6.41938,62.74561],[6.46259,62.72681],[6.49142,62.75391],[6.47525,62.77217],[6.47579,62.78812],[6.45196,62.78809],[6.41731,62.76419]],[[6.31748,62.70713],[6.36378,62.69905],[6.4301,62.69347],[6.42052,62.7139],[6.31748,62.70713]],[[6.2303,62.68648],[6.32875,62.65109],[6.35281,62.66554],[6.27876,62.69199],[6.2303,62.68648]],[[6.19942,62.69528],[6.20015,62.6873],[6.20981,62.69407],[6.19942,62.69528]],[[6.16231,62.66895],[6.17384,62.65622],[6.2575,62.63057],[6.27889,62.63908],[6.24382,62.66584],[6.1732,62.68558],[6.16231,62.66895]],[[6.29047,62.4816],[6.3128,62.48196],[6.31442,62.48477],[6.29047,62.4816]],[[6.16567,62.49301],[6.38064,62.49308],[6.44858,62.52058],[6.35386,62.50732],[6.23956,62.51439],[6.16567,62.49301]],[[6.12984,62.63602],[6.17897,62.60753],[6.22349,62.6047],[6.2033,62.62951],[6.12984,62.63602]],[[6.09665,62.5069],[6.12741,62.49649],[6.14204,62.52486],[6.10139,62.52863],[6.09665,62.5069]],[[6.05575,62.43849],[6.11502,62.40077],[6.29461,62.40363],[6.36668,62.42137],[6.35538,62.43178],[6.27596,62.42345],[6.29313,62.43777],[6.20283,62.45373],[6.18195,62.44023],[6.05575,62.43849]],[[6.0214,62.51338],[6.06284,62.50227],[6.06414,62.51702],[6.0214,62.51338]],[[6.01239,62.55497],[6.03929,62.54525],[6.01539,62.53713],[6.08768,62.55403],[6.13526,62.53086],[6.12419,62.55199],[6.13656,62.56124],[6.12099,62.57498],[6.13127,62.58465],[6.11721,62.59367],[6.07113,62.58736],[6.09747,62.57269],[6.01239,62.55497]],[[5.93896,62.4647],[6.03233,62.46603],[6.04301,62.48509],[5.96313,62.49332],[5.93896,62.4647]],[[5.88187,62.23156],[5.88093,62.22318],[5.89745,62.2305],[5.88187,62.23156]],[[5.81331,62.23146],[5.83132,62.23075],[5.83258,62.23563],[5.81331,62.23146]],[[5.76176,62.32496],[5.79208,62.31955],[5.77028,62.29751],[5.85075,62.30737],[5.82862,62.3017],[5.84616,62.29286],[5.82758,62.28433],[5.85159,62.29137],[5.86839,62.27506],[5.80444,62.25195],[5.90441,62.25206],[5.96724,62.29591],[6.1129,62.3508],[6.06334,62.34806],[6.08053,62.35954],[6.03088,62.37058],[6.03568,62.383],[6.00103,62.42367],[5.84593,62.40741],[5.81437,62.37963],[5.82284,62.34558],[5.80591,62.34187],[5.84463,62.34386],[5.86089,62.3224],[5.82834,62.33552],[5.76176,62.32496]],[[5.61462,62.36788],[5.65071,62.36289],[5.67291,62.3715],[5.65747,62.37528],[5.61462,62.36788]],[[5.57935,62.41578],[5.6138,62.38873],[5.66203,62.40139],[5.61576,62.41142],[5.57935,62.41578]],[[5.59272,62.33091],[5.64154,62.31905],[5.67413,62.33662],[5.6556,62.32468],[5.73256,62.32396],[5.72285,62.33505],[5.7421,62.34905],[5.73882,62.3685],[5.671,62.36241],[5.68886,62.34486],[5.67734,62.3378],[5.60325,62.34093],[5.59272,62.33091]],[[5.57949,62.31744],[5.60104,62.31308],[5.58721,62.31731],[5.59718,62.32065],[5.57949,62.31744]],[[5.525,62.26055],[5.53001,62.24731],[5.64935,62.21789],[5.53915,62.23625],[5.52541,62.22618],[5.6069,62.18739],[5.76314,62.20493],[5.81006,62.22947],[5.78182,62.25025],[5.82606,62.28793],[5.72844,62.28411],[5.748,62.30535],[5.73483,62.3128],[5.70933,62.29579],[5.55648,62.29459],[5.54188,62.27747],[5.57129,62.26141],[5.525,62.26055]],[[5.49533,62.36759],[5.52011,62.35646],[5.50291,62.345],[5.52292,62.33243],[5.60022,62.34304],[5.58747,62.36289],[5.54926,62.36565],[5.55393,62.37636],[5.49533,62.36759]],[[5.47527,62.32924],[5.48088,62.32024],[5.51025,62.33332],[5.49159,62.3436],[5.47527,62.32924]],[[5.44268,62.224],[5.46596,62.20983],[5.47923,62.21901],[5.45636,62.22541],[5.44268,62.224]],[[5.38745,62.25992],[5.43431,62.24163],[5.49191,62.23592],[5.44872,62.25739],[5.47965,62.25003],[5.47188,62.26808],[5.38745,62.25992]],[[5.34445,62.20899],[5.40435,62.19463],[5.41918,62.2041],[5.38838,62.22392],[5.35227,62.22108],[5.34445,62.20899]],[[8.58089,63.58838],[8.51915,63.58169],[8.5002,63.56664],[8.61167,63.5664],[8.62796,63.5775],[8.58162,63.58826],[8.74578,63.56181],[8.6564,63.57135],[8.56456,63.55315],[8.4766,63.55965],[8.40301,63.54286],[8.29949,63.48638],[8.36129,63.50149],[8.30973,63.48011],[8.33041,63.4718],[8.29553,63.44372],[8.33034,63.43254],[8.35543,63.44565],[8.33854,63.44845],[8.37318,63.44807],[8.35643,63.44272],[8.38376,63.42837],[8.53077,63.42721],[8.68121,63.47159],[8.81092,63.4847],[8.84991,63.47458],[9.10082,63.52212],[9.07339,63.5023],[9.20051,63.56875],[9.18275,63.57695],[9.13852,63.55695],[9.15121,63.58188],[9.09331,63.6021],[9.02044,63.60012],[9.00354,63.5818],[8.9729,63.58083],[8.99254,63.60142],[8.97863,63.60764],[8.99214,63.60973],[8.94843,63.62263],[9.00209,63.64105],[8.99345,63.65564],[8.85845,63.63761],[8.78806,63.63853],[8.87591,63.65082],[8.86493,63.66096],[8.72163,63.65286],[8.66706,63.64226],[8.67702,63.629],[8.7761,63.6359],[8.59122,63.61256],[8.54563,63.59403],[8.58089,63.58838]]],[[[9.15094,63.48971],[9.14983,63.48895],[9.14929,63.4891],[9.15094,63.48971]]],[[[7.98452,63.02845],[7.98518,63.02859],[7.98523,63.02826],[7.98452,63.02845]]],[[[7.95128,63.02153],[7.98286,63.03861],[7.97449,63.03121],[7.98452,63.02845],[7.95128,63.02153]]],[[[10.89739,63.46992],[10.91215,63.46635],[10.89684,63.46607],[10.89739,63.46992]]],[[[10.23362,63.34084],[10.23464,63.3413],[10.23562,63.34074],[10.23362,63.34084]]],[[[10.25346,63.32772],[10.25489,63.32986],[10.27803,63.31679],[10.25346,63.32772]]],[[[10.23562,63.34074],[10.26135,63.33957],[10.25489,63.32986],[10.23562,63.34074]]],[[[11.44526,63.8028],[11.4481,63.80336],[11.50647,63.7827],[11.44526,63.8028]]],[[[10.59128,63.80653],[10.68034,63.83246],[10.66759,63.818],[10.59128,63.80653]]],[[[10.68034,63.83246],[10.68755,63.84064],[10.72118,63.84431],[10.68034,63.83246]]],[[[9.85664,63.85501],[9.88351,63.85826],[9.85977,63.85308],[9.85664,63.85501]]],[[[10.2922,64.19826],[10.29368,64.19874],[10.3028,64.18753],[10.2922,64.19826]]],[[[10.44802,64.35277],[10.45355,64.35212],[10.51229,64.33705],[10.44802,64.35277]]],[[[11.29192,63.86973],[11.29943,63.86806],[11.29558,63.86737],[11.29192,63.86973]]],[[[11.29943,63.86806],[11.33158,63.89542],[11.3187,63.91563],[11.37432,63.9493],[11.38391,63.94576],[11.36628,63.92118],[11.37817,63.91515],[11.35132,63.89793],[11.37662,63.88125],[11.33763,63.85956],[11.29943,63.86806]]],[[[8.58089,63.58838],[8.58104,63.58839],[8.58162,63.58826],[8.58089,63.58838]]]]}},{"id":"45","type":"Feature","properties":{"zone_id":"NON1_OFF","name":"Norway Nord-Norge (NO4) Offshore Node N1","parent_zone":"NON1_OFF","level":"PEOF","area_km2":652991.34},"geometry":{"type":"MultiPolygon","coordinates":[[[[11.60416,64.74422],[11.60802,64.74431],[11.64732,64.73624],[11.60416,64.74422]]],[[[11.59977,64.746],[11.5978,64.74602],[11.59536,64.7469],[11.59977,64.746]]],[[[11.59536,64.7469],[11.55232,64.75571],[11.51831,64.74802],[11.53988,64.74529],[11.51872,64.72874],[11.40186,64.70855],[11.43672,64.69082],[11.38769,64.68351],[11.38653,64.65303],[11.43016,64.63292],[11.39953,64.63069],[11.52153,64.56281],[11.60156,64.58566],[11.59513,64.60629],[11.53791,64.60074],[11.60124,64.62026],[11.62852,64.61467],[11.60344,64.58663],[11.62156,64.58655],[11.61214,64.56966],[11.69344,64.59374],[11.79006,64.58884],[11.62205,64.56832],[11.54883,64.5321],[11.54094,64.54433],[11.57612,64.55692],[11.52109,64.55827],[11.4919,64.57529],[11.48479,64.5595],[11.47073,64.56904],[11.47889,64.58381],[11.39292,64.62945],[11.39555,64.60573],[11.37599,64.61864],[11.37554,64.6406],[11.36117,64.64038],[11.36749,64.60112],[11.38283,64.59453],[11.35656,64.58818],[11.34383,64.56139],[11.43683,64.54019],[11.42744,64.55045],[11.50089,64.56154],[11.52712,64.55118],[11.48849,64.54245],[11.53728,64.51896],[11.44624,64.5078],[11.43965,64.49143],[11.45917,64.48743],[11.42698,64.47518],[11.44515,64.46917],[11.44365,64.45379],[11.61887,64.48047],[11.68187,64.47203],[11.62121,64.4769],[11.52153,64.45702],[11.33696,64.4395],[11.34614,64.46081],[11.30065,64.45273],[11.31766,64.43782],[11.2974,64.44026],[11.29655,64.46353],[11.16523,64.44029],[11.19313,64.46356],[11.1793,64.47362],[11.18917,64.48216],[11.11772,64.51522],[11.12788,64.52115],[11.0748,64.51594],[11.08251,64.5345],[11.06978,64.55088],[11.08918,64.56959],[10.95832,64.60565],[10.90488,64.57884],[10.97601,64.53753],[10.94856,64.52041],[10.98492,64.49729],[10.9092,64.51627],[10.92834,64.50657],[10.88906,64.50666],[10.91028,64.47335],[10.8942,64.46323],[10.87862,64.50142],[10.78562,64.51196],[10.77996,64.4967],[10.75266,64.49335],[10.78672,64.46348],[10.76222,64.47962],[10.76461,64.46211],[10.73534,64.45704],[10.6969,64.47799],[10.69092,64.45928],[10.65628,64.45344],[10.70504,64.4246],[10.74558,64.43126],[10.7423,64.44311],[10.8187,64.43662],[10.80097,64.42986],[10.81883,64.41528],[10.7951,64.41983],[10.80423,64.40598],[10.78323,64.40552],[10.81505,64.38859],[10.76105,64.3832],[10.75159,64.41528],[10.67759,64.41756],[10.61671,64.45885],[10.58912,64.43837],[10.55277,64.43842],[10.61226,64.42989],[10.61028,64.41585],[10.63881,64.41308],[10.614,64.40654],[10.63512,64.38993],[10.52333,64.43799],[10.45669,64.40486],[10.48647,64.38912],[10.55623,64.40297],[10.58288,64.39543],[10.57258,64.38581],[10.61917,64.38649],[10.62632,64.36967],[10.5854,64.36553],[10.51167,64.37435],[10.51275,64.35816],[10.45355,64.35212],[0.88291,65.14838],[1.39782,65.37019],[2.05741,65.82387],[2.45906,66.05932],[2.82026,66.23641],[3.28517,66.43224],[3.3114,66.46697],[3.41884,66.82882],[3.28369,67.07419],[3.19894,67.30494],[3.15503,67.53741],[3.15335,67.77048],[3.19243,67.99294],[3.26877,68.2144],[3.36523,68.40836],[3.48151,68.58249],[3.76024,68.88883],[4.1287,69.18321],[4.39788,69.35581],[4.67699,69.51013],[4.93214,69.72551],[5.21063,69.91792],[5.57722,70.12884],[5.92982,70.30472],[6.1609,70.46628],[6.42149,70.62307],[7.44385,71.14073],[7.97903,71.37005],[8.62714,71.59446],[9.916,71.97],[10.3942,72.22233],[10.94555,72.45507],[11.57569,72.67067],[12.23466,72.85521],[13.00547,73.03127],[14.1034,73.23808],[16.60829,73.59065],[17.89598,73.87058],[18.68127,74.01547],[19.6614,74.15849],[20.70042,74.2715],[21.72029,74.34903],[23.71693,74.45445],[25.17793,74.50162],[26.04914,74.50302],[27.13714,74.48179],[29.7731,74.39393],[31.56848,74.26514],[32.36445,74.17936],[33.12701,74.07589],[34.3267,73.86286],[35.45563,73.59432],[36.54111,73.36859],[32.07306,70.27471],[31.5054,70.12089],[31.10433,69.9793],[30.82216,69.78738],[30.76896,69.78456],[30.78343,69.7755],[30.62946,69.751],[30.64782,69.76686],[30.68397,69.76365],[30.68604,69.78516],[30.7341,69.80157],[30.68961,69.80607],[30.67418,69.80058],[30.70712,69.79451],[30.67262,69.78965],[30.64698,69.79865],[30.67707,69.81133],[30.62283,69.80306],[30.64031,69.80763],[30.58286,69.81824],[30.5967,69.80196],[30.55613,69.81491],[30.49319,69.80195],[30.53141,69.81561],[30.50876,69.82236],[30.43232,69.81624],[30.4292,69.80022],[30.41629,69.80869],[30.43911,69.78264],[30.43155,69.76077],[30.46483,69.74291],[30.43229,69.72303],[30.45897,69.70861],[30.43554,69.70488],[30.45529,69.68596],[30.43235,69.67474],[30.2956,69.6636],[30.42362,69.69102],[30.4149,69.72447],[30.39607,69.72686],[30.40966,69.73117],[30.41035,69.77583],[30.37431,69.79362],[30.39402,69.8006],[30.37525,69.81741],[30.38587,69.82585],[30.35826,69.84697],[30.19891,69.82689],[30.33594,69.86554],[30.27076,69.86482],[30.29873,69.87929],[30.18554,69.87965],[30.14178,69.86431],[30.18545,69.85976],[30.13037,69.85206],[30.16797,69.81956],[30.1546,69.80689],[30.19829,69.76994],[30.09832,69.75609],[30.10734,69.73225],[30.12937,69.72599],[30.10781,69.70717],[30.11163,69.6866],[30.07297,69.71801],[30.0872,69.72929],[29.92803,69.70034],[30.03462,69.73697],[30.04278,69.74617],[30.02647,69.75289],[30.0617,69.75517],[30.07652,69.77109],[30.02503,69.77096],[30.02835,69.7805],[29.91547,69.75551],[29.8793,69.72971],[29.7752,69.74804],[29.67673,69.73847],[29.53312,69.66293],[29.46754,69.64957],[29.5355,69.69944],[29.56366,69.69901],[29.6272,69.74291],[29.60913,69.75232],[29.65757,69.7513],[29.61752,69.76471],[29.69794,69.7765],[29.68406,69.78577],[29.75932,69.81488],[29.72847,69.82417],[29.77741,69.82965],[29.74228,69.85416],[29.76215,69.88216],[29.71085,69.91327],[29.68731,69.91244],[29.68645,69.90005],[29.60724,69.91596],[29.57686,69.8988],[29.57886,69.91571],[29.5293,69.91798],[29.42357,69.86549],[29.42601,69.85501],[29.35117,69.86232],[29.34887,69.87444],[29.41617,69.8712],[29.40274,69.88563],[29.47068,69.90082],[29.47936,69.91764],[29.6392,69.9503],[29.66127,69.96145],[29.64523,69.97715],[29.31604,70.02143],[29.13039,70.00996],[29.11947,70.01772],[29.18077,70.03412],[29.1612,70.04462],[29.1118,70.04635],[29.09371,70.06157],[28.77178,70.07842],[28.7382,70.09601],[28.85245,70.09048],[28.79758,70.11145],[28.65475,70.09668],[28.57741,70.12204],[28.66726,70.13099],[28.76157,70.16338],[28.58019,70.17277],[28.73179,70.17397],[29.01787,70.12238],[29.11662,70.13083],[29.19749,70.11406],[29.329,70.11517],[29.35244,70.10037],[29.60731,70.0908],[29.82943,70.06125],[30.08175,70.0792],[30.16816,70.06882],[30.10068,70.07785],[30.10376,70.08985],[30.36237,70.13857],[30.35787,70.15645],[30.32983,70.16293],[30.33895,70.18498],[30.3275,70.18596],[30.48027,70.20677],[30.52219,70.24196],[30.70834,70.24503],[30.74627,70.26042],[31.05629,70.28465],[31.03875,70.30455],[31.05816,70.31799],[31.04354,70.33657],[31.05369,70.3622],[31.02008,70.36587],[31.03382,70.39259],[30.96523,70.42733],[30.96736,70.4409],[30.85474,70.44318],[30.78664,70.42082],[30.7239,70.4293],[30.74275,70.4676],[30.58029,70.51131],[30.61899,70.52251],[30.60956,70.53925],[30.63573,70.53814],[30.61483,70.55207],[30.55947,70.54048],[30.35087,70.5485],[30.13302,70.50482],[30.01016,70.52965],[29.99944,70.5375],[30.14705,70.53211],[30.08365,70.54989],[30.21011,70.55235],[30.22811,70.57087],[30.31026,70.58445],[30.33519,70.60932],[30.24705,70.64277],[30.09251,70.64414],[30.21357,70.67601],[30.13582,70.68574],[30.16121,70.6865],[30.0947,70.7073],[29.94383,70.70655],[29.82568,70.63947],[29.70948,70.61865],[29.6872,70.61955],[29.79086,70.65665],[29.7713,70.65944],[29.81187,70.69445],[29.79193,70.70074],[29.80272,70.72792],[29.72675,70.7368],[29.57446,70.70711],[29.41468,70.69],[29.38459,70.6998],[29.27269,70.6523],[29.25779,70.66011],[29.30011,70.66491],[29.25176,70.67147],[29.37958,70.70047],[29.28529,70.71071],[29.42151,70.73255],[29.27172,70.72707],[29.2764,70.73839],[29.25466,70.73959],[29.36272,70.76302],[29.3971,70.78575],[29.26455,70.79732],[29.27352,70.82685],[29.24203,70.85441],[29.13841,70.84939],[29.1005,70.85533],[29.11279,70.86331],[29.08836,70.87525],[28.98385,70.86941],[28.96514,70.88693],[28.83528,70.87812],[28.67187,70.8127],[28.65723,70.79701],[28.66426,70.78025],[28.60186,70.77004],[28.51608,70.72848],[28.55421,70.69571],[28.62043,70.67984],[28.50518,70.68414],[28.50891,70.65698],[28.46945,70.59858],[28.39087,70.54279],[28.43066,70.52489],[28.37985,70.52232],[28.38863,70.49844],[28.35547,70.48787],[28.33773,70.449],[28.27434,70.42225],[28.26928,70.44589],[28.32618,70.46947],[28.37112,70.51516],[28.24812,70.5122],[28.07537,70.45462],[28.04232,70.42494],[28.0389,70.45253],[28.13106,70.49011],[28.18433,70.49436],[28.19801,70.50315],[28.18986,70.51185],[27.99203,70.48031],[27.9771,70.49419],[27.91769,70.45969],[27.93018,70.48083],[27.99663,70.50435],[27.95084,70.49991],[27.88546,70.47669],[27.86752,70.45795],[27.87686,70.4276],[27.82414,70.44618],[27.85653,70.48422],[27.81436,70.48562],[28.20906,70.59778],[28.29948,70.661],[28.30423,70.69267],[28.28686,70.71862],[28.26698,70.72068],[27.89844,70.63691],[27.66013,70.6182],[27.87677,70.65477],[27.85436,70.66962],[28.0175,70.69448],[28.14231,70.73556],[28.06295,70.75923],[28.00333,70.74239],[28.02495,70.76336],[27.90325,70.77523],[27.76077,70.74579],[27.83262,70.78331],[27.73307,70.80106],[27.92679,70.79458],[28.01813,70.8252],[28.00289,70.81067],[28.02366,70.79712],[28.07296,70.79054],[28.09795,70.8064],[28.10889,70.80101],[28.09055,70.7989],[28.10514,70.79382],[28.23863,70.79065],[28.31198,70.81271],[28.21784,70.84304],[28.35038,70.82626],[28.37118,70.83984],[28.32862,70.85385],[28.40605,70.85232],[28.4574,70.87577],[28.3413,70.89003],[28.4725,70.89105],[28.48533,70.90084],[28.46253,70.90802],[28.50974,70.91389],[28.49893,70.92173],[28.52581,70.92946],[28.55093,70.96708],[28.51737,70.99229],[28.30593,71.0058],[28.18086,70.95879],[28.224,71.00574],[28.18859,71.00079],[28.16879,70.97961],[28.21072,71.02451],[28.16785,71.03371],[28.26933,71.04957],[28.24852,71.06292],[28.26892,71.06492],[28.24034,71.07097],[28.24619,71.08699],[28.15804,71.09345],[28.0673,71.04723],[28.06492,71.08706],[27.9802,71.05557],[27.96069,71.06289],[27.9809,71.08142],[27.96727,71.08532],[27.88714,71.03802],[27.86992,71.03461],[27.86083,71.05262],[27.82126,71.03096],[27.8111,71.04604],[27.78387,71.04105],[27.81704,71.05921],[27.80288,71.07281],[27.75254,71.05154],[27.71528,71.04927],[27.72258,71.06615],[27.68428,71.06053],[27.75514,71.11143],[27.6564,71.13436],[27.62978,71.12681],[27.64166,71.10019],[27.57823,71.10927],[27.49443,71.07743],[27.49692,71.04163],[27.57298,71.01214],[27.55218,70.97228],[27.56445,70.96359],[27.54735,70.95627],[27.50869,70.9678],[27.50807,71.0113],[27.43158,71.02393],[27.37643,71.01563],[27.28211,71.04491],[27.19981,71.01469],[27.28913,70.98783],[27.31654,70.95662],[27.35304,70.94632],[27.14246,70.98142],[27.12505,70.9385],[27.10156,70.9321],[27.11505,70.91725],[27.31365,70.89146],[27.41794,70.91699],[27.37014,70.87988],[27.47536,70.88726],[27.46177,70.87144],[27.53064,70.86429],[27.45621,70.83847],[27.69502,70.80174],[27.50575,70.80697],[27.29353,70.83469],[27.27968,70.80675],[27.29638,70.8003],[27.27538,70.79182],[27.2809,70.77262],[27.26867,70.76557],[27.35441,70.75535],[27.32783,70.75193],[27.32432,70.73448],[27.29835,70.72947],[27.25666,70.75133],[27.10759,70.7553],[27.09932,70.72529],[27.06796,70.70162],[27.20377,70.66671],[27.08887,70.68669],[27.16374,70.66457],[27.08466,70.66454],[27.07875,70.64283],[27.2794,70.58813],[27.05043,70.62218],[26.96336,70.58904],[26.94954,70.57497],[27.00371,70.57146],[27.01497,70.55741],[26.9514,70.54592],[26.99382,70.52392],[26.99375,70.50944],[27.03093,70.50575],[27.03717,70.48828],[27.10113,70.48061],[27.09377,70.46713],[27.02935,70.48398],[26.9585,70.45493],[26.91517,70.46117],[26.94724,70.48205],[26.93693,70.4863],[26.74668,70.48921],[26.75301,70.46969],[26.77498,70.46739],[26.75948,70.46234],[26.76522,70.43956],[26.72573,70.43303],[26.73032,70.41818],[26.69082,70.41191],[26.6267,70.43438],[26.58247,70.4032],[26.62587,70.3969],[26.61729,70.39043],[26.63024,70.38151],[26.57657,70.39411],[26.52299,70.36854],[26.51935,70.34924],[26.47869,70.36089],[26.50071,70.38855],[26.53366,70.39552],[26.50525,70.42159],[26.52315,70.43212],[26.51177,70.43722],[26.58519,70.47949],[26.54972,70.49043],[26.55987,70.4977],[26.54693,70.51354],[26.61421,70.55353],[26.60205,70.57437],[26.6275,70.61792],[26.61196,70.62442],[26.64016,70.64773],[26.596,70.66767],[26.62754,70.68756],[26.55524,70.66696],[26.3255,70.6538],[26.68409,70.74904],[26.67234,70.77806],[26.71789,70.80402],[26.71259,70.82325],[26.73457,70.82615],[26.72655,70.84343],[26.65655,70.83139],[26.67095,70.85216],[26.65281,70.85439],[26.73341,70.9063],[26.7011,70.91973],[26.7229,70.93365],[26.68568,70.9598],[26.70521,70.96588],[26.56315,70.95299],[26.37195,70.87591],[26.24506,70.81207],[26.22683,70.78951],[26.13162,70.76757],[26.1423,70.75891],[26.11124,70.72519],[26.04243,70.72255],[26.02842,70.70413],[26.04492,70.69549],[25.97298,70.63005],[25.97676,70.60871],[25.66774,70.49317],[25.64282,70.46333],[25.61038,70.45355],[25.61133,70.43798],[25.53425,70.40637],[25.55487,70.39584],[25.53939,70.38846],[25.50339,70.40096],[25.46311,70.36316],[25.43915,70.36692],[25.43616,70.3438],[25.38332,70.32626],[25.51656,70.31164],[25.49083,70.28664],[25.50452,70.28222],[25.40909,70.25127],[25.40515,70.2262],[25.35512,70.19801],[25.32039,70.18577],[25.29947,70.19623],[25.26963,70.14677],[25.24194,70.13825],[25.2545,70.1317],[25.22476,70.09111],[25.1529,70.06547],[25.09651,70.07399],[25.07136,70.09506],[25.07724,70.10802],[25.05994,70.10917],[25.15515,70.12478],[25.11592,70.14011],[25.05975,70.12121],[25.07211,70.14584],[25.09587,70.14074],[25.08643,70.16178],[25.11288,70.17024],[25.1104,70.18324],[25.05623,70.1417],[25.02868,70.15513],[24.9843,70.12604],[24.97851,70.1],[25.03752,70.08254],[25.01271,70.05415],[24.98704,70.05587],[24.99302,70.07468],[24.96932,70.08789],[24.92009,70.08799],[24.94637,70.06984],[24.92913,70.06538],[24.94365,70.06997],[24.91442,70.08432],[24.93159,70.10578],[24.91756,70.10818],[24.92677,70.11342],[24.9015,70.15191],[24.96074,70.17347],[24.9179,70.19774],[24.94197,70.2071],[24.93793,70.23098],[25.08008,70.26341],[25.11776,70.28059],[25.10469,70.28907],[25.11528,70.29217],[25.17577,70.29485],[25.17541,70.33003],[25.05194,70.31932],[25.12675,70.36296],[25.04068,70.354],[25.09287,70.36649],[25.15382,70.40493],[25.18296,70.40662],[25.17272,70.38963],[25.24049,70.39232],[25.24442,70.41116],[25.16358,70.42171],[25.2192,70.44237],[25.2281,70.4609],[25.27867,70.46625],[25.22797,70.467],[25.22455,70.48044],[25.08255,70.47013],[25.06995,70.47844],[25.08213,70.48452],[25.05789,70.48837],[25.07408,70.49815],[25.17937,70.49222],[25.24242,70.5213],[25.08021,70.52099],[25.33199,70.6114],[25.36208,70.62853],[25.33614,70.6284],[25.37674,70.63773],[25.36321,70.64579],[25.40542,70.65666],[25.39522,70.67059],[25.46273,70.67303],[25.64053,70.74078],[25.66333,70.72528],[25.68421,70.73089],[25.69431,70.76029],[25.66815,70.74313],[25.66292,70.75412],[25.59552,70.75058],[25.61902,70.77417],[25.75619,70.78994],[25.7766,70.82759],[25.83377,70.83624],[25.91276,70.87559],[25.82972,70.87005],[25.89354,70.8981],[25.85409,70.90355],[25.75334,70.88998],[25.73406,70.86594],[25.72451,70.88471],[25.68521,70.89043],[25.71213,70.89569],[25.70852,70.90634],[25.61465,70.90841],[25.50692,70.86304],[25.49715,70.87986],[25.43804,70.84737],[25.44553,70.86009],[25.41031,70.86391],[25.54783,70.91417],[25.433,70.96223],[25.32147,70.97973],[25.29912,70.95939],[25.30985,70.94092],[25.34226,70.93457],[25.3939,70.8879],[25.35849,70.87718],[25.36245,70.86032],[25.31762,70.86482],[25.36461,70.84986],[25.32807,70.83157],[25.32901,70.81239],[25.29054,70.82726],[25.23339,70.7974],[25.23177,70.81326],[25.25059,70.82073],[25.23194,70.86852],[25.19482,70.89994],[25.15615,70.89999],[25.11258,70.93229],[25.01993,70.88798],[25.02797,70.86692],[24.88571,70.8755],[25.03134,70.93097],[25.0483,70.9518],[25.01291,70.97211],[24.95546,70.97413],[24.95923,70.9609],[24.91032,70.93364],[24.95014,70.91958],[24.89934,70.93088],[24.80357,70.91507],[24.85596,70.92392],[24.75955,70.96446],[24.77411,70.99076],[24.70995,70.98405],[24.6726,70.963],[24.67436,70.98569],[24.6961,70.99025],[24.65674,70.99428],[24.71178,70.99963],[24.56069,71.02138],[24.54455,71.00838],[24.65428,70.99415],[24.53635,70.97024],[24.64347,70.96019],[24.54224,70.95387],[24.54783,70.92395],[24.61519,70.91804],[24.55058,70.90056],[24.70723,70.87101],[24.55674,70.8651],[24.59315,70.82993],[24.56784,70.8245],[24.62122,70.8166],[24.62376,70.79426],[24.59346,70.78448],[24.43545,70.82368],[24.43792,70.84784],[24.38921,70.84718],[24.39899,70.86454],[24.35064,70.87743],[24.31238,70.86489],[24.32328,70.85516],[24.23976,70.84147],[24.27288,70.81327],[24.24191,70.77803],[24.36983,70.76163],[24.3481,70.75614],[24.37202,70.74845],[24.53462,70.7486],[24.53047,70.7312],[24.50889,70.72839],[24.56947,70.71624],[24.54381,70.70686],[24.58429,70.7131],[24.66112,70.6948],[24.59059,70.68806],[24.68531,70.64627],[24.69196,70.62733],[24.60937,70.6144],[24.56354,70.64653],[24.46942,70.66646],[24.47648,70.67646],[24.46049,70.68305],[24.35021,70.68315],[24.36343,70.69723],[24.29845,70.68637],[24.27271,70.67654],[24.28257,70.65995],[24.2417,70.65914],[24.23593,70.60017],[24.19968,70.60204],[24.08956,70.54115],[24.25024,70.50872],[24.30566,70.48004],[24.33094,70.44569],[24.26939,70.46042],[24.26527,70.48019],[24.10362,70.49309],[24.04424,70.51287],[23.85685,70.49496],[23.77341,70.4648],[23.76906,70.45326],[23.79226,70.44112],[23.74012,70.44103],[23.62531,70.40639],[23.4454,70.33095],[23.4332,70.31089],[23.50389,70.32549],[23.47456,70.30216],[23.59359,70.29161],[23.41541,70.28718],[23.37053,70.27569],[23.40953,70.2619],[23.25047,70.25221],[23.27255,70.24103],[23.50657,70.24087],[23.17937,70.21551],[23.24262,70.18911],[23.37188,70.1797],[23.26709,70.17309],[23.28434,70.16203],[23.27135,70.15945],[23.38113,70.11598],[23.3448,70.09871],[23.23546,70.10287],[23.13424,70.0845],[23.33079,70.02405],[23.50212,70.02507],[23.52866,70.01554],[23.47902,70.0006],[23.4738,69.9815],[23.43184,69.98635],[23.4496,69.98289],[23.35371,69.9571],[23.39072,69.98174],[23.31001,69.97665],[23.29059,69.99303],[23.1195,69.93118],[23.09487,69.9341],[23.11021,69.93936],[23.097,69.94685],[23.00463,69.91787],[23.05246,69.94707],[23.14216,69.96049],[23.14435,69.97403],[23.10082,69.97711],[23.10287,70.00249],[23.07556,70.03231],[23.02527,70.01608],[22.95368,70.04279],[22.99948,70.05844],[22.98524,70.07369],[23.00028,70.10607],[22.98666,70.12229],[23.01675,70.13609],[23.00438,70.14301],[22.83918,70.09741],[22.39559,70.05571],[22.2921,70.02371],[22.27314,70.03831],[22.44765,70.08091],[22.59988,70.0774],[22.83077,70.10744],[22.79923,70.11717],[22.87245,70.1309],[22.91456,70.15099],[22.90453,70.16271],[22.93887,70.15807],[22.9678,70.18222],[22.96057,70.19699],[22.68604,70.21988],[22.58349,70.20366],[22.61011,70.22438],[22.52158,70.2236],[22.50763,70.24455],[22.35794,70.26045],[22.34387,70.24875],[22.36094,70.23063],[22.3348,70.23228],[22.33145,70.18753],[22.29105,70.16149],[22.43916,70.14945],[22.54024,70.11337],[22.40504,70.13989],[22.22363,70.12697],[22.20856,70.13533],[22.25491,70.14886],[22.22815,70.15402],[22.26792,70.19618],[22.27255,70.22169],[22.22489,70.21887],[22.27107,70.23042],[22.27602,70.26116],[22.29918,70.27657],[22.14959,70.28807],[22.13629,70.27225],[22.11078,70.27625],[22.11078,70.23975],[22.07667,70.23124],[22.09428,70.30294],[22.04301,70.31097],[21.95437,70.27687],[22.01349,70.31739],[21.95115,70.32963],[21.78883,70.26628],[21.78923,70.24865],[21.77398,70.24693],[21.82222,70.21803],[21.87028,70.21452],[21.81411,70.20404],[21.85856,70.17017],[21.86063,70.13986],[21.83304,70.16836],[21.78834,70.17886],[21.76109,70.21764],[21.71544,70.21494],[21.72163,70.23398],[21.56349,70.28651],[21.56505,70.32378],[21.47447,70.30018],[21.49515,70.24982],[21.47163,70.21954],[21.49795,70.20885],[21.48116,70.20527],[21.49763,70.19471],[21.42548,70.22306],[21.43671,70.2548],[21.41865,70.27335],[21.2314,70.23933],[21.19277,70.22221],[21.18861,70.2008],[21.21591,70.20875],[21.25533,70.18847],[21.25246,70.17478],[21.32889,70.15544],[21.47829,70.17424],[21.46296,70.15652],[21.40562,70.14409],[21.45845,70.09929],[21.53767,70.08879],[21.58475,70.11062],[21.6028,70.10058],[21.59275,70.08369],[21.72304,70.05232],[21.8195,70.06652],[21.8034,70.07647],[21.80993,70.08823],[21.84373,70.0724],[21.94722,70.07702],[22.06778,70.12745],[22.05987,70.10299],[22.0038,70.07534],[21.86535,70.06166],[21.77822,70.03453],[21.86556,70.01037],[22.08741,70.02933],[22.00977,70.01337],[22.04476,69.98911],[22.04171,69.93498],[21.97958,69.94621],[22.00799,69.95002],[22.01392,69.97938],[21.96559,69.99284],[21.87405,69.9821],[21.87769,69.96725],[21.92422,69.952],[21.86455,69.93487],[21.90771,69.87475],[22.02893,69.84824],[21.95134,69.83841],[21.8971,69.84975],[21.89049,69.83474],[21.94961,69.81343],[21.9784,69.82078],[22.09164,69.77637],[22.03123,69.76706],[22.13849,69.74881],[22.12964,69.73971],[22.06311,69.73413],[22.06157,69.72317],[21.96293,69.73691],[22.05744,69.73948],[22.00828,69.76534],[22.03273,69.77069],[21.93155,69.77874],[21.86191,69.83652],[21.88274,69.84213],[21.82518,69.84763],[21.76365,69.88006],[21.58272,69.91214],[21.56424,69.92669],[21.56847,69.95062],[21.50858,69.97441],[21.52896,69.97139],[21.52552,69.98159],[21.44069,70.01402],[21.2429,70.00983],[21.18576,69.93563],[21.32562,69.90734],[21.20046,69.90438],[21.19055,69.88357],[21.22666,69.84904],[21.13837,69.80339],[21.13208,69.82631],[21.19699,69.86193],[21.1939,69.87973],[21.03601,69.8737],[21.04811,69.87052],[21.03151,69.85972],[21.05647,69.85309],[21.05901,69.83795],[20.99037,69.81952],[21.04722,69.79385],[21.01238,69.79249],[21.03533,69.74568],[21.01093,69.78155],[20.97413,69.77636],[20.90394,69.82153],[20.9114,69.83545],[20.95582,69.83895],[20.94349,69.85082],[20.8476,69.85403],[20.90881,69.8725],[20.96539,69.91765],[21.07156,69.94197],[21.08472,69.95454],[21.07055,69.96012],[20.77183,69.88569],[20.75052,69.86472],[20.79232,69.84653],[20.78489,69.82759],[20.70948,69.79241],[20.46108,69.76345],[20.52734,69.72352],[20.52532,69.70133],[20.46079,69.64346],[20.48338,69.61486],[20.57544,69.58567],[20.64262,69.5382],[20.69348,69.52185],[20.77059,69.52252],[20.81936,69.49626],[20.7476,69.51437],[20.63948,69.51604],[20.58246,69.54741],[20.53398,69.54348],[20.51956,69.57148],[20.41469,69.59046],[20.3238,69.45839],[20.25809,69.41794],[20.26683,69.37703],[20.18881,69.38726],[20.06776,69.35115],[19.92573,69.26541],[19.90308,69.27599],[19.98441,69.33535],[19.96804,69.34231],[20.14124,69.39636],[20.18138,69.48161],[20.20986,69.4656],[20.20153,69.45358],[20.24481,69.47445],[20.25515,69.49484],[20.20975,69.49599],[20.24182,69.51859],[20.22506,69.52564],[20.23267,69.53719],[20.28061,69.54936],[20.23106,69.54907],[20.22241,69.57619],[20.31086,69.58572],[20.35012,69.61604],[20.35198,69.63816],[20.28279,69.65364],[20.27229,69.67812],[20.25357,69.68193],[20.28568,69.69944],[20.26354,69.71443],[20.28811,69.71712],[20.31843,69.78591],[20.3966,69.88785],[20.33146,69.96011],[20.26244,69.97607],[20.18632,69.92478],[20.17507,69.88976],[20.20451,69.86858],[20.20092,69.85489],[20.15421,69.89521],[20.16455,69.93934],[20.1342,69.93833],[19.98415,69.76598],[19.95152,69.76035],[19.98934,69.81265],[19.99304,69.84588],[19.97826,69.84363],[19.90589,69.78382],[19.85264,69.77218],[19.83659,69.75236],[19.84771,69.73091],[19.7965,69.71361],[19.7702,69.68369],[19.86172,69.61311],[20.14494,69.58234],[19.73003,69.60703],[19.75816,69.5898],[19.71709,69.55517],[19.74033,69.52916],[19.69089,69.50514],[19.73269,69.48619],[19.64797,69.44516],[19.65927,69.42363],[19.64677,69.41021],[19.61312,69.43488],[19.48959,69.3952],[19.67355,69.48412],[19.63707,69.50154],[19.64038,69.53979],[19.70048,69.57663],[19.71907,69.60686],[19.71081,69.61872],[19.74016,69.64099],[19.64682,69.66714],[19.62355,69.65999],[19.66048,69.67539],[19.70023,69.73143],[19.67713,69.75645],[19.72179,69.77761],[19.73334,69.80446],[19.71879,69.81316],[19.36651,69.77452],[19.27384,69.77914],[19.17026,69.74423],[19.13146,69.74807],[19.09356,69.73363],[19.06881,69.68624],[18.94709,69.62642],[18.94163,69.56727],[18.96542,69.53979],[19.01351,69.52795],[19.05229,69.55302],[19.17954,69.5715],[19.18198,69.55706],[19.24954,69.51932],[19.16458,69.55404],[19.07778,69.54683],[18.9972,69.50953],[18.99694,69.489],[18.96703,69.45981],[19.05449,69.43312],[19.07356,69.39262],[19.11673,69.37486],[19.37168,69.37525],[19.35179,69.36512],[19.41852,69.31935],[19.40785,69.29125],[19.41808,69.25435],[19.54616,69.21405],[19.36243,69.23779],[19.2846,69.22334],[19.23745,69.2346],[19.23578,69.249],[19.27301,69.27204],[19.33745,69.29375],[19.35048,69.31111],[19.33492,69.32664],[19.29315,69.34477],[19.10773,69.34629],[18.98982,69.38937],[18.99786,69.42174],[18.91137,69.45017],[18.89408,69.49076],[18.84071,69.49003],[18.87097,69.50564],[18.87323,69.5233],[18.83838,69.56104],[18.4466,69.51071],[18.44261,69.49927],[18.48217,69.47821],[18.45368,69.44049],[18.54719,69.42714],[18.63959,69.36752],[18.8186,69.33194],[18.93433,69.32762],[19.00555,69.28886],[18.85768,69.30512],[18.898,69.31714],[18.87282,69.32655],[18.6776,69.32276],[18.64082,69.31291],[18.71701,69.28014],[18.70059,69.25328],[18.68843,69.25519],[18.69895,69.27187],[18.57063,69.31878],[18.58925,69.338],[18.57959,69.35095],[18.54298,69.35128],[18.52977,69.33209],[18.54588,69.31287],[18.53733,69.27895],[18.48117,69.20677],[18.56631,69.18091],[18.56348,69.14835],[18.60651,69.13808],[18.58145,69.12371],[18.61239,69.12096],[18.62447,69.10112],[18.5775,69.06328],[18.56927,69.07178],[18.62101,69.10209],[18.60928,69.12034],[18.57901,69.12235],[18.60306,69.1386],[18.56182,69.14567],[18.55695,69.18206],[18.47442,69.20643],[18.49015,69.23735],[18.49147,69.22632],[18.5067,69.24295],[18.49126,69.23953],[18.50834,69.27298],[18.49121,69.28716],[18.50026,69.36738],[18.39365,69.3961],[18.31682,69.36406],[18.36223,69.40119],[18.36817,69.45945],[18.2707,69.4835],[18.19635,69.45997],[18.15353,69.46646],[18.13355,69.45607],[18.16687,69.42409],[18.15379,69.39872],[18.1786,69.39094],[18.09866,69.38037],[18.10536,69.34369],[17.98537,69.30819],[18.00117,69.25632],[17.97049,69.22845],[18.08586,69.23053],[18.05251,69.1817],[18.09068,69.17304],[18.0699,69.16754],[18.08469,69.158],[18.1156,69.16706],[18.16633,69.14925],[18.05673,69.1331],[18.05459,69.14909],[17.98601,69.15256],[17.78783,69.11598],[17.64468,69.10801],[17.61917,69.09155],[17.69604,69.08612],[17.47587,68.9947],[17.49023,68.97921],[17.54217,68.98157],[17.55881,68.96427],[17.46822,68.9541],[17.48089,68.93423],[17.44641,68.91655],[17.45775,68.89329],[17.71776,68.93256],[17.70869,68.91093],[17.77485,68.90466],[17.85969,68.86467],[17.70466,68.87737],[17.72908,68.89213],[17.70205,68.9029],[17.60989,68.89067],[17.47121,68.83192],[17.65274,68.79518],[17.7632,68.78956],[17.79215,68.77566],[17.80306,68.74836],[17.74101,68.77523],[17.61963,68.78476],[17.46989,68.82226],[17.24623,68.76287],[17.32235,68.73626],[17.42258,68.74399],[17.46234,68.7294],[17.47735,68.69897],[17.61083,68.69116],[17.68214,68.66983],[17.58619,68.68811],[17.4354,68.68807],[17.43375,68.71081],[17.40209,68.72965],[17.26148,68.73648],[17.11549,68.71635],[17.0947,68.6879],[17.10556,68.67622],[17.0507,68.68884],[17.04194,68.71699],[16.98141,68.71794],[16.89708,68.68519],[16.79852,68.68622],[16.71641,68.67],[16.71275,68.65043],[16.59022,68.63146],[16.56107,68.59846],[16.57142,68.5846],[16.55662,68.58305],[16.6502,68.56795],[16.61794,68.53327],[16.53602,68.56142],[16.42947,68.54168],[16.46995,68.52984],[16.44991,68.50709],[16.52669,68.488],[16.50706,68.44474],[16.87361,68.46946],[16.93956,68.51435],[16.99732,68.52512],[17.10371,68.48439],[17.0126,68.45508],[17.21253,68.45916],[17.55219,68.5498],[17.5705,68.53804],[17.55993,68.5195],[17.47421,68.48122],[17.47012,68.4662],[17.63159,68.47542],[17.80065,68.41809],[17.89923,68.41654],[17.81572,68.40727],[17.71296,68.43998],[17.53654,68.45504],[17.39925,68.44706],[17.37998,68.43195],[17.42189,68.4295],[17.43251,68.42139],[17.42143,68.4124],[17.37891,68.42345],[17.29629,68.41972],[17.30283,68.40328],[17.24414,68.39324],[17.28438,68.32775],[17.26043,68.32131],[17.35215,68.29677],[17.40537,68.25973],[17.39587,68.2472],[17.35567,68.25994],[17.35694,68.24007],[17.33484,68.22347],[17.36503,68.20827],[17.32329,68.19205],[17.34063,68.20634],[17.30986,68.23475],[17.33347,68.24621],[17.33709,68.28003],[17.24046,68.31191],[17.23128,68.34011],[17.24745,68.3505],[17.23593,68.36912],[17.18098,68.39298],[17.04198,68.38367],[17.02952,68.35702],[16.85495,68.33925],[16.83891,68.34359],[16.90462,68.36831],[16.89718,68.3871],[16.77186,68.40212],[16.78539,68.41375],[16.73656,68.42289],[16.66451,68.40545],[16.64016,68.42235],[16.59381,68.42219],[16.47966,68.40845],[16.40231,68.38131],[16.2741,68.37503],[16.27076,68.35701],[16.29926,68.34987],[16.27628,68.33861],[16.29723,68.3282],[16.38408,68.32938],[16.35082,68.32064],[16.62112,68.27928],[16.63735,68.26399],[16.60113,68.24988],[16.64457,68.23223],[16.63979,68.21292],[16.81786,68.15584],[16.73174,68.15976],[16.60921,68.20267],[16.61466,68.22815],[16.56026,68.2641],[16.50422,68.28464],[16.40704,68.29006],[16.45882,68.28818],[16.45142,68.2973],[16.36586,68.31506],[16.35221,68.30358],[16.37805,68.29805],[16.339,68.30138],[16.34742,68.3113],[16.25639,68.31377],[16.24115,68.32654],[16.27339,68.32509],[16.22749,68.33287],[16.17007,68.32219],[16.14071,68.292],[16.27776,68.25905],[16.35158,68.26794],[16.36048,68.24397],[16.18383,68.23345],[16.19857,68.21074],[16.44544,68.2242],[16.47727,68.24325],[16.45887,68.22926],[16.47861,68.22074],[16.47701,68.20493],[16.60697,68.18456],[16.55238,68.17671],[16.38628,68.20625],[16.48161,68.18667],[16.48053,68.16587],[16.39117,68.17954],[16.38668,68.17035],[16.41893,68.16502],[16.40617,68.15779],[16.41837,68.14014],[16.36771,68.17152],[16.33271,68.1553],[16.34377,68.14206],[16.25155,68.1449],[16.24331,68.13571],[16.30228,68.12622],[16.28162,68.11826],[16.32742,68.09741],[16.36915,68.09097],[16.44186,68.12872],[16.49565,68.13288],[16.5659,68.09584],[16.73824,68.08536],[16.64774,68.08595],[16.69043,68.07354],[16.65594,68.06349],[16.64149,68.081],[16.55036,68.08236],[16.48246,68.12187],[16.45324,68.12112],[16.43772,68.09066],[16.40031,68.08826],[16.35763,68.06138],[16.35479,68.04337],[16.51216,68.0269],[16.45872,68.0],[16.48693,67.97979],[16.47362,67.97658],[16.52472,67.96803],[16.45554,67.97362],[16.40482,68.02497],[16.31639,68.02624],[16.39179,67.95326],[16.47047,67.95498],[16.44148,67.93449],[16.46145,67.91617],[16.34172,67.97085],[16.28518,68.0267],[16.23694,68.03828],[16.22782,68.0225],[16.19072,68.02239],[16.28256,67.98631],[16.26012,67.98418],[16.28426,67.96173],[16.23581,67.90383],[16.46609,67.85904],[16.43727,67.83799],[16.51688,67.81657],[16.4577,67.82286],[16.2683,67.89452],[16.20454,67.89756],[16.19575,67.90899],[16.22645,67.95349],[16.21991,67.97312],[16.16125,68.02469],[16.06338,68.04772],[16.115,68.08585],[16.10006,68.09129],[16.11879,68.11766],[16.10716,68.12369],[16.14563,68.16264],[16.14081,68.18734],[16.11406,68.19948],[16.09424,68.17873],[16.03663,68.18073],[16.02314,68.19221],[16.1219,68.20638],[16.05553,68.22503],[16.07121,68.2374],[16.06241,68.2563],[15.96092,68.2667],[15.929,68.25997],[15.95165,68.25763],[15.93171,68.25341],[15.9601,68.23702],[15.94424,68.23441],[15.96331,68.2072],[15.90821,68.19565],[15.87444,68.20867],[15.84698,68.18585],[15.88757,68.17213],[15.87108,68.16076],[15.94402,68.15192],[15.87708,68.15176],[15.89741,68.14438],[15.86882,68.1418],[15.8947,68.13209],[15.84507,68.11145],[15.80755,68.11857],[15.81824,68.11457],[15.7968,68.11006],[15.80629,68.09708],[15.75032,68.10899],[15.72536,68.10101],[15.7437,68.08774],[15.66455,68.08787],[15.64644,68.0795],[15.66344,68.07099],[15.64833,68.06463],[15.65773,68.06016],[15.63338,68.05701],[15.64316,68.06899],[15.60988,68.0742],[15.65502,68.08499],[15.60009,68.11121],[15.70794,68.10483],[15.72924,68.11984],[15.68728,68.15067],[15.72653,68.15049],[15.71677,68.1715],[15.62014,68.18869],[15.59213,68.18183],[15.63083,68.1752],[15.59836,68.1664],[15.62719,68.16646],[15.62764,68.14128],[15.54512,68.14856],[15.59075,68.13371],[15.5305,68.13462],[15.51549,68.12599],[15.53492,68.11295],[15.52247,68.10801],[15.48393,68.12732],[15.52758,68.14322],[15.4817,68.16068],[15.40468,68.14289],[15.41311,68.13159],[15.38789,68.1257],[15.41519,68.12798],[15.38251,68.1044],[15.33992,68.10229],[15.3123,68.07755],[15.35063,68.06509],[15.27735,68.06125],[15.29565,68.02304],[15.37746,68.01778],[15.36913,68.00454],[15.40714,67.99508],[15.42684,67.99988],[15.41862,68.00655],[15.43645,68.01046],[15.4385,68.02687],[15.46195,68.02924],[15.41176,68.03571],[15.42776,68.04625],[15.54309,68.05813],[15.51983,68.09852],[15.5977,68.07337],[15.57035,68.06979],[15.58602,68.06381],[15.56202,68.05666],[15.58723,68.05466],[15.57756,68.04468],[15.70564,68.0471],[15.80035,68.03043],[15.67914,68.03644],[15.52605,68.02034],[15.5069,68.00465],[15.46555,68.01193],[15.47051,67.99873],[15.49827,67.99898],[15.53117,67.98305],[15.72625,67.99852],[15.68507,68.00704],[15.723,68.0187],[15.8426,67.9801],[15.92657,67.98783],[15.93889,67.99546],[15.93076,68.00888],[15.87521,68.02667],[15.80935,68.02998],[15.83021,68.03909],[15.7563,68.04405],[15.83046,68.05548],[15.86196,68.03589],[15.93877,68.02976],[15.97933,68.01154],[15.94917,68.00824],[15.95012,67.99649],[15.99266,67.99483],[15.9482,67.99253],[15.97414,67.97898],[15.9358,67.98159],[15.94208,67.96948],[15.87959,67.97669],[15.92896,67.96498],[15.87113,67.94051],[15.89014,67.92244],[15.86898,67.90711],[15.84333,67.91505],[15.80091,67.9627],[15.70145,67.96788],[15.58762,67.94947],[15.57781,67.92694],[15.52915,67.94242],[15.33428,67.90207],[15.35846,67.92164],[15.32794,67.91727],[15.17819,67.85019],[15.25603,67.88758],[15.20207,67.89156],[15.23174,67.90405],[15.13312,67.89266],[15.08741,67.89962],[15.10023,67.90788],[15.0006,67.90589],[14.85215,67.87873],[14.87751,67.86923],[14.82711,67.85872],[15.09237,67.87505],[15.1126,67.86872],[15.09738,67.85303],[15.05575,67.86731],[14.88561,67.84301],[14.89681,67.83634],[14.88205,67.83098],[14.81085,67.84877],[14.79873,67.84153],[14.80986,67.83442],[14.74667,67.81915],[14.77513,67.8229],[14.75284,67.80854],[14.78169,67.81873],[14.7576,67.80513],[14.77689,67.80827],[14.75757,67.79923],[14.77115,67.79384],[14.84476,67.80452],[14.82302,67.79294],[14.87188,67.78611],[14.82326,67.77077],[15.0268,67.79302],[15.03955,67.78915],[14.99176,67.76923],[15.0321,67.77006],[15.01789,67.75901],[15.12512,67.76276],[15.03919,67.74445],[15.00549,67.75411],[14.77087,67.73197],[14.78482,67.72955],[14.76896,67.72145],[14.80519,67.72859],[14.79958,67.71637],[14.89477,67.71199],[14.73648,67.66877],[14.91579,67.65853],[15.16652,67.71754],[15.21784,67.75921],[15.37834,67.80347],[15.39876,67.83418],[15.36438,67.87824],[15.38424,67.87392],[15.40286,67.84213],[15.43272,67.85091],[15.42561,67.87388],[15.45388,67.85221],[15.45108,67.83568],[15.41225,67.8246],[15.42175,67.81508],[15.57127,67.78096],[15.61073,67.78801],[15.77396,67.74379],[15.79036,67.73289],[15.78613,67.71414],[15.85568,67.7097],[15.82844,67.69435],[15.84382,67.68619],[15.77426,67.70362],[15.75848,67.73101],[15.60594,67.76429],[15.51898,67.76947],[15.40576,67.74816],[15.4663,67.71852],[15.56472,67.71868],[15.65296,67.68686],[15.53602,67.7104],[15.50268,67.70193],[15.53626,67.68379],[15.52273,67.68275],[15.30721,67.7378],[15.24771,67.70208],[15.33795,67.69215],[15.23243,67.68602],[15.16116,67.63198],[15.28627,67.63921],[15.38278,67.6101],[15.43861,67.61094],[15.41011,67.59851],[15.30569,67.62102],[15.2402,67.61688],[15.25548,67.60733],[15.21071,67.5907],[15.22929,67.58311],[15.21211,67.57926],[15.21625,67.55593],[15.33408,67.53075],[15.45654,67.53505],[15.52291,67.51002],[15.6748,67.56376],[15.86147,67.5916],[15.89101,67.58164],[15.67515,67.55272],[15.5367,67.48992],[15.52678,67.47874],[15.53999,67.47262],[15.5943,67.47952],[15.51603,67.46039],[15.51678,67.44565],[15.57677,67.41133],[15.6716,67.42001],[15.64395,67.40778],[15.66651,67.40322],[15.59205,67.39911],[15.61015,67.38865],[15.60368,67.37655],[15.63426,67.36989],[15.59231,67.34731],[15.58338,67.37516],[15.54624,67.37153],[15.54536,67.40136],[15.51885,67.43051],[15.47467,67.44525],[15.47944,67.47829],[15.4525,67.49268],[15.28383,67.50962],[15.1529,67.45332],[15.13957,67.4333],[15.13069,67.45829],[15.17707,67.47528],[15.14766,67.4963],[15.24105,67.50912],[15.20106,67.51687],[15.19939,67.5314],[15.15548,67.53263],[14.99699,67.48792],[14.93075,67.48995],[15.00839,67.49614],[15.08012,67.52951],[14.99952,67.55779],[14.99966,67.57722],[15.09048,67.54257],[15.14804,67.54714],[15.15427,67.56437],[15.08037,67.59339],[14.93077,67.57598],[14.65142,67.47685],[14.71601,67.45239],[15.0539,67.4528],[14.90821,67.43257],[14.86706,67.40962],[14.86609,67.38633],[14.84459,67.38442],[14.82206,67.38843],[14.85551,67.40697],[14.86428,67.4368],[14.65213,67.44239],[14.63354,67.43687],[14.63232,67.41387],[14.57325,67.40409],[14.63716,67.40263],[14.64675,67.39493],[14.61778,67.38868],[14.63213,67.3854],[14.43556,67.30905],[14.38898,67.30731],[14.3651,67.28655],[14.3953,67.28868],[14.3108,67.25684],[14.59094,67.27681],[14.73431,67.31418],[14.70961,67.29429],[14.73233,67.28297],[14.7069,67.27221],[14.72145,67.26346],[14.68956,67.25228],[14.71372,67.24127],[14.61263,67.24317],[14.6215,67.22807],[14.70099,67.22439],[14.71401,67.24012],[14.86752,67.27931],[14.79705,67.28927],[15.02774,67.29082],[14.98792,67.2995],[15.0329,67.32075],[15.17176,67.3296],[15.14172,67.29384],[15.16842,67.29188],[15.03798,67.27242],[15.11022,67.27366],[15.17229,67.2537],[15.25439,67.27032],[15.3351,67.26578],[15.34992,67.255],[15.33708,67.24738],[15.24843,67.2392],[15.29572,67.22829],[15.42957,67.25986],[15.41436,67.24086],[15.34949,67.22152],[15.40481,67.22199],[15.39516,67.21461],[15.48159,67.18402],[15.4717,67.17412],[15.48443,67.1634],[15.44458,67.14649],[15.45264,67.11929],[15.43471,67.1146],[15.47021,67.09792],[15.43289,67.1051],[15.394,67.08512],[15.42018,67.10039],[15.389,67.10537],[15.41654,67.13561],[15.38559,67.12736],[15.42047,67.16736],[15.40469,67.18442],[15.30007,67.19212],[15.21897,67.22151],[15.14738,67.20957],[15.09401,67.23588],[15.00257,67.23196],[15.02454,67.22653],[14.99805,67.21741],[15.01095,67.21423],[14.94388,67.19414],[14.91752,67.16678],[14.97621,67.15478],[14.97009,67.14513],[14.99358,67.13911],[14.99657,67.12296],[14.97134,67.11948],[14.94821,67.15332],[14.8994,67.15741],[14.88648,67.17201],[14.97153,67.20907],[14.94119,67.22288],[15.00675,67.23939],[14.9793,67.24891],[14.88314,67.22861],[14.7986,67.24012],[14.70576,67.21208],[14.61197,67.22236],[14.51591,67.20972],[14.6189,67.22481],[14.59242,67.23929],[14.49837,67.23892],[14.35342,67.20949],[14.36265,67.18522],[14.51383,67.20961],[14.74601,67.18936],[14.67259,67.17938],[14.60999,67.19755],[14.57568,67.17918],[14.4702,67.18226],[14.48506,67.19617],[14.46734,67.2014],[14.33436,67.17169],[14.32155,67.15878],[14.34108,67.14744],[14.29817,67.10508],[14.27742,67.11093],[14.24017,67.0925],[14.30246,67.09143],[14.32724,67.07652],[14.39823,67.09599],[14.48445,67.06816],[14.58451,67.07085],[14.60822,67.05701],[14.61191,67.03475],[14.57703,67.03262],[14.58796,67.03814],[14.57208,67.05265],[14.53009,67.06691],[14.49798,67.05435],[14.428,67.0856],[14.40163,67.07612],[14.39787,67.09202],[14.31898,67.0695],[14.23038,67.07721],[14.27555,67.05517],[14.2692,67.03706],[14.22557,67.00678],[14.23764,66.99768],[14.18065,66.99903],[14.1513,66.97615],[14.16945,67.00166],[14.14218,66.99578],[14.10169,67.05855],[14.05216,67.08231],[14.0384,67.07866],[14.04043,67.04328],[14.01993,67.05962],[14.01773,67.03104],[14.06307,66.99177],[14.0233,66.98646],[14.03892,66.9865],[14.01384,66.96297],[14.00181,66.97419],[14.02242,66.98061],[14.01488,66.98815],[13.90564,66.94852],[13.90936,66.96428],[13.89404,66.97099],[13.944,66.96796],[14.00185,67.0015],[13.96091,67.01274],[13.87471,67.00246],[13.85889,66.98187],[13.73412,66.98071],[13.80151,66.96446],[13.74024,66.94811],[13.60727,66.95198],[13.55433,66.93674],[13.54127,66.94066],[13.5572,66.94883],[13.5461,66.95511],[13.49322,66.95241],[13.49911,66.93461],[13.54413,66.93077],[13.53634,66.9024],[13.63082,66.90816],[13.65647,66.88328],[13.7189,66.86623],[13.69563,66.85309],[13.72508,66.84375],[13.67419,66.83241],[13.74883,66.84579],[13.768,66.83588],[13.74533,66.83271],[13.80529,66.81354],[13.99736,66.79843],[13.81534,66.79709],[13.71415,66.81491],[13.50081,66.80513],[13.48838,66.79456],[13.52374,66.78445],[13.50386,66.7761],[13.53576,66.76509],[13.7577,66.7587],[13.60403,66.76197],[13.54845,66.75544],[13.55868,66.74397],[13.47986,66.74405],[13.55321,66.74237],[13.57302,66.70986],[13.77237,66.73331],[13.89792,66.73151],[13.68455,66.71616],[13.71583,66.70872],[13.70848,66.70006],[13.57883,66.69534],[13.53572,66.70351],[13.52759,66.72655],[13.47685,66.71445],[13.4544,66.73074],[13.38578,66.73494],[13.21737,66.72591],[13.2108,66.71571],[13.29736,66.70853],[13.27538,66.70511],[13.29569,66.69523],[13.42058,66.69372],[13.53205,66.67083],[13.56672,66.64886],[13.39683,66.65598],[13.36445,66.67091],[13.25628,66.66672],[13.22879,66.68143],[13.168,66.65954],[13.21741,66.63132],[13.29521,66.6445],[13.38251,66.63657],[13.31755,66.63792],[13.29834,66.63009],[13.32078,66.62463],[13.27929,66.63002],[13.28307,66.61251],[13.25809,66.62496],[13.22802,66.61215],[13.24663,66.59663],[13.22364,66.59922],[13.21902,66.5823],[13.18601,66.56995],[13.20455,66.55628],[13.44542,66.56167],[13.56371,66.60821],[13.73306,66.6085],[13.56608,66.6018],[13.47049,66.56711],[13.65296,66.53718],[13.66683,66.51619],[13.50481,66.54827],[13.26412,66.53001],[13.30909,66.50578],[13.26764,66.46634],[13.42618,66.47407],[13.25826,66.44619],[13.21117,66.45403],[13.24223,66.46125],[13.25207,66.48008],[13.2132,66.49775],[13.21403,66.51891],[13.12808,66.53621],[13.12606,66.55075],[12.98086,66.53061],[13.04104,66.49497],[13.10118,66.49879],[13.1053,66.47462],[13.17237,66.46624],[13.07795,66.4659],[13.15068,66.43927],[13.14114,66.4299],[13.15947,66.40558],[13.00757,66.36112],[12.9911,66.34856],[13.01123,66.33865],[12.99433,66.34176],[13.00067,66.33149],[13.10148,66.31134],[13.15098,66.33352],[13.1633,66.32791],[13.14756,66.31563],[13.11126,66.30721],[13.17334,66.30327],[13.43483,66.34908],[13.48658,66.34483],[13.42942,66.33137],[13.44728,66.32069],[13.56193,66.30834],[13.37923,66.30414],[13.19189,66.27769],[13.00938,66.20101],[13.01834,66.17914],[13.18696,66.20093],[13.31755,66.25037],[13.38539,66.23756],[13.46266,66.24589],[13.55697,66.27057],[13.57005,66.29077],[13.63174,66.28744],[13.57215,66.25487],[13.6314,66.24106],[13.73534,66.25707],[13.72644,66.27377],[13.75876,66.27759],[13.73689,66.29489],[13.77987,66.29152],[13.77295,66.2755],[13.73195,66.26549],[13.75326,66.25741],[13.81805,66.27625],[13.90201,66.27058],[13.93613,66.30245],[14.02692,66.3071],[14.12776,66.34074],[14.19294,66.32423],[14.13961,66.33612],[14.15124,66.3276],[14.12895,66.30844],[13.9765,66.26953],[13.96251,66.25426],[13.99407,66.25172],[13.85616,66.22828],[13.78877,66.20448],[13.78731,66.19129],[13.76703,66.19352],[13.77264,66.20446],[13.82266,66.23572],[13.79536,66.24313],[13.59947,66.22532],[13.65359,66.20969],[13.61422,66.17943],[13.66341,66.19305],[13.6817,66.17606],[13.76706,66.18745],[13.84172,66.16348],[13.84493,66.14876],[13.82593,66.15051],[13.82572,66.13831],[13.79135,66.15657],[13.80856,66.16557],[13.75355,66.17348],[13.60193,66.14915],[13.54871,66.10379],[13.54222,66.13741],[13.59934,66.17729],[13.6097,66.2009],[13.48728,66.19178],[13.58605,66.21693],[13.5809,66.23491],[13.52484,66.24239],[13.38173,66.2177],[13.2984,66.22192],[13.23795,66.19988],[13.24196,66.18873],[13.09097,66.16058],[13.07693,66.1418],[13.07169,66.15784],[12.83126,66.12904],[12.67752,66.07069],[12.75353,66.06243],[12.65872,66.04334],[12.8309,66.0681],[12.65932,66.03158],[13.05151,66.07739],[12.94856,66.04817],[12.95495,66.03584],[12.93821,66.0216],[12.95094,66.00637],[12.89502,65.97303],[13.08676,65.93224],[13.14049,65.94813],[13.13445,65.9212],[13.17098,65.90971],[13.15883,65.88402],[13.19206,65.86518],[13.18645,65.84461],[13.12632,65.89609],[13.08158,65.88906],[13.03087,65.9249],[12.94215,65.92535],[12.9442,65.93792],[12.90658,65.95717],[12.87058,65.95885],[12.87003,65.97387],[12.6818,65.92928],[12.64483,65.90072],[12.63471,65.86382],[12.64658,65.8598],[12.60941,65.84756],[12.59805,65.82525],[12.67458,65.81955],[12.69132,65.84605],[12.69418,65.81922],[12.72807,65.80395],[12.68755,65.80178],[12.72019,65.77892],[12.68959,65.78171],[12.67283,65.81349],[12.64777,65.81488],[12.60534,65.80247],[12.58188,65.76671],[12.53772,65.74964],[12.67,65.68961],[12.65167,65.65129],[12.79014,65.63341],[12.63804,65.64682],[12.64456,65.6716],[12.61204,65.65115],[12.60788,65.66856],[12.64682,65.68567],[12.5154,65.73963],[12.43091,65.6977],[12.34839,65.62783],[12.36671,65.62836],[12.37399,65.582],[12.41826,65.59014],[12.38161,65.56641],[12.42611,65.52839],[12.4481,65.52447],[12.53933,65.58517],[12.52152,65.55522],[12.45786,65.52033],[12.52491,65.51444],[12.55535,65.53445],[12.54929,65.55809],[12.56529,65.58767],[12.58043,65.52945],[12.62809,65.52813],[12.54994,65.50755],[12.59544,65.47413],[12.66599,65.48118],[12.6054,65.46391],[12.78123,65.46521],[12.6448,65.44782],[12.64469,65.42946],[12.61171,65.43493],[12.71115,65.36548],[12.58822,65.44276],[12.57403,65.41904],[12.59108,65.40573],[12.54999,65.40438],[12.57037,65.43763],[12.52689,65.45615],[12.53875,65.44452],[12.47392,65.44424],[12.49865,65.45623],[12.48486,65.4609],[12.45468,65.45275],[12.49261,65.40985],[12.52067,65.40316],[12.51397,65.38307],[12.50248,65.38499],[12.51291,65.3997],[12.45323,65.42457],[12.44242,65.41689],[12.43478,65.45108],[12.45494,65.46247],[12.45238,65.47882],[12.32769,65.5376],[12.32477,65.57787],[12.29142,65.58847],[12.22959,65.55395],[12.24934,65.55783],[12.23195,65.54319],[12.24021,65.54703],[12.24283,65.53658],[12.26036,65.54536],[12.24006,65.51801],[12.25664,65.52046],[12.17694,65.44093],[12.23458,65.46471],[12.22231,65.48194],[12.29699,65.50364],[12.23739,65.46645],[12.29966,65.47527],[12.31652,65.49253],[12.30544,65.47848],[12.32253,65.48225],[12.27531,65.46025],[12.29355,65.4622],[12.34465,65.49339],[12.32763,65.46885],[12.35334,65.46727],[12.16135,65.3908],[12.18467,65.37452],[12.27613,65.39296],[12.23436,65.36808],[12.23901,65.38107],[12.19185,65.37158],[12.21531,65.35251],[12.19872,65.34626],[12.19545,65.36785],[12.14775,65.37119],[12.1137,65.33877],[12.12701,65.3272],[12.08504,65.30458],[12.14593,65.30767],[12.10497,65.2839],[12.13335,65.28393],[12.11701,65.27418],[12.12902,65.27079],[12.10371,65.26435],[12.11638,65.25711],[12.09521,65.25128],[12.10242,65.23691],[12.04107,65.21605],[12.07643,65.20935],[12.19187,65.23877],[12.26377,65.27487],[12.2713,65.29087],[12.23915,65.30008],[12.23377,65.33008],[12.27083,65.3119],[12.47156,65.37007],[12.48442,65.36333],[12.42405,65.3481],[12.4391,65.34026],[12.40253,65.32283],[12.46843,65.33544],[12.46966,65.32419],[12.35596,65.30391],[12.30201,65.25129],[12.25109,65.23072],[12.27639,65.22752],[12.31487,65.25876],[12.36285,65.26692],[12.46215,65.25736],[12.41283,65.25869],[12.43815,65.24872],[12.33438,65.22898],[12.42808,65.23477],[12.44604,65.22214],[12.42466,65.20823],[12.51095,65.19588],[12.4338,65.18282],[12.41511,65.19285],[12.35168,65.15854],[12.49399,65.13414],[12.72006,65.21051],[12.91914,65.32357],[12.94307,65.33269],[12.96491,65.32244],[12.95941,65.31299],[12.85899,65.27515],[12.79712,65.2305],[12.79416,65.21283],[12.70652,65.19201],[12.58599,65.13268],[12.40127,65.09937],[12.43886,65.08718],[12.49558,65.10603],[12.43495,65.07159],[12.38573,65.09343],[12.26465,65.05696],[12.09485,65.04048],[12.1194,65.05066],[12.07505,65.06529],[11.98253,65.07092],[12.08308,65.07023],[12.13187,65.05127],[12.23643,65.06353],[12.3413,65.1125],[12.23291,65.10987],[12.30383,65.16146],[12.27335,65.16606],[12.26521,65.19323],[12.22313,65.21286],[12.11183,65.18401],[12.11334,65.12429],[12.16639,65.12405],[12.10265,65.11359],[12.08074,65.13215],[12.05404,65.10813],[12.07228,65.08917],[12.05632,65.07634],[12.01553,65.09846],[11.977,65.08441],[12.01059,65.10057],[11.98035,65.10611],[12.03566,65.14918],[11.98751,65.16766],[11.86056,65.11683],[11.81518,65.08569],[11.83609,65.08518],[11.78361,65.06542],[11.7396,65.02606],[11.7578,65.01119],[11.92761,65.06981],[11.95159,65.07346],[11.95147,65.06115],[11.80519,65.02086],[11.78816,64.99264],[11.72677,65.00142],[11.71383,65.01819],[11.61432,64.99711],[11.59479,64.97775],[11.76999,64.97935],[11.72439,64.95437],[11.61381,64.96768],[11.65355,64.93323],[11.62315,64.93435],[11.63106,64.9474],[11.60704,64.96397],[11.57294,64.94501],[11.56862,64.95835],[11.47938,64.94008],[11.53823,64.90017],[11.58873,64.91927],[11.59403,64.89804],[11.56679,64.91002],[11.55892,64.89828],[11.57234,64.88683],[11.54189,64.88778],[11.46232,64.93799],[11.3067,64.88272],[11.28015,64.86624],[11.29763,64.85041],[11.26975,64.83987],[11.30772,64.84011],[11.25,64.82868],[11.26393,64.82243],[11.24138,64.81339],[11.26365,64.81257],[11.24262,64.80556],[11.27673,64.8016],[11.32262,64.82183],[11.30246,64.8123],[11.32848,64.80657],[11.44379,64.80998],[11.35029,64.7652],[11.18227,64.74118],[11.21979,64.74434],[11.20404,64.73874],[11.21397,64.73061],[11.28215,64.74965],[11.21949,64.72896],[11.25008,64.72846],[11.3934,64.75191],[11.46984,64.79187],[11.41096,64.78823],[11.64041,64.83744],[11.66026,64.86328],[11.61379,64.86631],[11.95476,64.94918],[12.00951,64.9463],[12.05639,64.97075],[12.12402,64.96152],[12.07171,64.95682],[12.02389,64.93062],[11.94807,64.93228],[11.67292,64.86071],[11.65343,64.83603],[11.67952,64.83196],[11.80489,64.8645],[11.81474,64.85807],[11.75346,64.83554],[11.79456,64.83677],[11.62516,64.81553],[11.74315,64.80909],[11.73851,64.79371],[11.8054,64.80561],[11.86665,64.79384],[11.73316,64.76764],[11.73384,64.78198],[11.71148,64.78577],[11.70303,64.77832],[11.71452,64.77406],[11.67677,64.76846],[11.57788,64.76878],[11.57408,64.75434],[11.6366,64.76138],[11.61163,64.7466],[11.62694,64.74471],[11.60802,64.74431],[11.58619,64.75023],[11.59536,64.7469]],[[14.9807,68.31548],[15.00822,68.29883],[15.03007,68.29962],[14.98003,68.27327],[15.01072,68.26227],[15.0982,68.29063],[15.03857,68.29902],[15.05402,68.30551],[15.11192,68.29946],[15.15329,68.32571],[15.18098,68.31409],[15.25605,68.35877],[15.18152,68.36963],[15.25903,68.36821],[15.36252,68.4058],[15.371,68.43001],[15.39285,68.41582],[15.4231,68.42196],[15.57404,68.50201],[15.61242,68.48705],[15.523,68.46088],[15.47997,68.42443],[15.372,68.38491],[15.35812,68.35478],[15.35762,68.36537],[15.32848,68.3623],[15.33219,68.34916],[15.3622,68.34225],[15.40969,68.35789],[15.433,68.34153],[15.44234,68.35616],[15.44907,68.33764],[15.50769,68.36157],[15.51062,68.33428],[15.58751,68.32912],[15.55532,68.31227],[15.65674,68.30897],[15.66698,68.31446],[15.64485,68.33269],[15.72694,68.3438],[15.71306,68.3561],[15.72247,68.36859],[15.69024,68.36573],[15.67398,68.37677],[15.75555,68.38098],[15.76159,68.39446],[15.73934,68.41028],[15.77078,68.43506],[15.78094,68.40834],[15.83857,68.40705],[15.83515,68.42413],[15.88561,68.46417],[15.86937,68.47222],[15.87209,68.50962],[15.90377,68.44575],[15.87685,68.43335],[15.88954,68.42815],[15.86479,68.39439],[15.87461,68.3775],[16.01195,68.41174],[15.99092,68.4161],[16.01633,68.45134],[16.07375,68.46793],[16.1001,68.50996],[16.13676,68.5116],[16.10467,68.52054],[16.11646,68.54478],[16.09054,68.55689],[16.15837,68.52984],[16.24345,68.56434],[16.51407,68.56572],[16.52898,68.57863],[16.50315,68.57966],[16.51088,68.60069],[16.49712,68.60752],[16.54595,68.61485],[16.60887,68.66944],[16.53942,68.68481],[16.58702,68.69515],[16.5973,68.73369],[16.54136,68.71807],[16.58382,68.73536],[16.56157,68.74708],[16.57721,68.75609],[16.56204,68.76879],[16.59512,68.77682],[16.60496,68.79519],[16.56306,68.79785],[16.54692,68.78467],[16.54467,68.8087],[16.59561,68.82664],[16.59336,68.83861],[16.48985,68.82222],[16.50042,68.84106],[16.48079,68.86025],[16.41499,68.85685],[16.30264,68.8911],[16.26098,68.92097],[16.25112,68.88964],[16.30508,68.87569],[16.33628,68.83402],[16.30048,68.83458],[16.25801,68.86239],[16.19612,68.86544],[16.08743,68.82194],[16.12345,68.78425],[16.27259,68.74089],[16.06481,68.74426],[16.05071,68.7029],[16.02422,68.68729],[16.08195,68.66801],[16.08553,68.63783],[16.05087,68.63828],[16.06338,68.64666],[16.05503,68.67022],[15.99447,68.67381],[15.88755,68.64131],[15.90675,68.63531],[15.80698,68.6185],[15.82712,68.56644],[15.72539,68.53371],[15.75236,68.56094],[15.80452,68.56624],[15.79145,68.60089],[15.76658,68.61597],[15.77538,68.62819],[15.89315,68.65215],[15.8857,68.65999],[15.97045,68.69766],[15.99234,68.71398],[16.01015,68.77934],[15.95651,68.79787],[15.92609,68.77319],[15.77127,68.73646],[15.88552,68.78843],[15.95706,68.89735],[15.91818,68.91496],[15.91678,68.95591],[15.90171,68.96674],[15.75101,68.95626],[15.72347,68.97265],[15.62183,68.95411],[15.64149,68.94994],[15.60014,68.89609],[15.63635,68.88665],[15.57672,68.88941],[15.54917,68.86394],[15.67521,68.8153],[15.56032,68.82638],[15.53172,68.81818],[15.53608,68.80139],[15.47366,68.81909],[15.45972,68.81299],[15.46746,68.78843],[15.48702,68.78418],[15.4638,68.77331],[15.46048,68.75432],[15.52253,68.72732],[15.66063,68.74237],[15.64658,68.73964],[15.65256,68.72615],[15.71603,68.69351],[15.62451,68.73625],[15.5195,68.72217],[15.45151,68.72973],[15.43769,68.70882],[15.48164,68.65204],[15.55515,68.63513],[15.43015,68.62462],[15.47328,68.6048],[15.41891,68.62059],[15.37247,68.60297],[15.38298,68.5977],[15.31052,68.59088],[15.3357,68.56624],[15.20695,68.57491],[15.21356,68.55843],[15.17807,68.533],[15.2574,68.5301],[15.28615,68.50503],[15.3665,68.50153],[15.28692,68.49861],[15.25999,68.52179],[15.23185,68.51465],[15.24344,68.50334],[15.21523,68.50176],[15.30961,68.46862],[15.40375,68.46753],[15.21223,68.46604],[15.19557,68.44277],[15.11214,68.40333],[15.13235,68.39677],[15.09157,68.38695],[15.0618,68.35871],[15.08074,68.35524],[14.9807,68.31548]],[[15.72247,68.36859],[15.76464,68.37232],[15.72364,68.37015],[15.72247,68.36859]],[[13.43496,66.92646],[13.44596,66.92682],[13.4465,66.92755],[13.43496,66.92646]],[[13.44596,66.92682],[13.43017,66.90572],[13.47757,66.92041],[13.46889,66.92756],[13.44596,66.92682]],[[13.16667,68.04545],[13.18262,68.01926],[13.20166,68.01915],[13.19894,68.00564],[13.21378,68.00809],[13.24023,68.03571],[13.24068,68.05978],[13.2631,68.04095],[13.26283,67.99953],[13.35699,68.02594],[13.35187,68.04425],[13.36546,68.0296],[13.393,68.03205],[13.39843,68.05389],[13.39259,68.06388],[13.40376,68.06095],[13.41873,68.10311],[13.44396,68.1226],[13.43208,68.1319],[13.46136,68.13999],[13.42532,68.1573],[13.31803,68.16508],[13.29684,68.13104],[13.34339,68.11593],[13.34511,68.07398],[13.29545,68.08048],[13.3271,68.10314],[13.30124,68.11303],[13.23742,68.10645],[13.22158,68.09095],[13.22941,68.07953],[13.19628,68.07815],[13.16667,68.04545]],[[13.21378,68.00809],[13.20447,67.99835],[13.2149,68.00828],[13.21378,68.00809]],[[10.78572,64.56908],[10.84375,64.56489],[10.83655,64.58312],[10.78572,64.56908]],[[10.84375,64.56489],[10.84418,64.5638],[10.8464,64.5647],[10.84375,64.56489]],[[10.87602,64.57663],[10.83867,64.55526],[10.86773,64.55826],[10.87602,64.57663]],[[10.67526,64.53017],[10.71079,64.52004],[10.71191,64.52096],[10.67526,64.53017]],[[10.71191,64.52096],[10.74592,64.5124],[10.75471,64.52013],[10.72856,64.53464],[10.71191,64.52096]],[[11.7433,64.78594],[11.76034,64.77763],[11.79794,64.78096],[11.76217,64.78434],[11.7433,64.78594]],[[11.4505,64.77799],[11.45198,64.77578],[11.46382,64.78224],[11.4505,64.77799]],[[11.33232,64.78478],[11.34848,64.78249],[11.35409,64.7867],[11.33232,64.78478]],[[11.33129,64.80131],[11.33754,64.79702],[11.35307,64.80037],[11.33129,64.80131]],[[11.33089,64.80474],[11.3317,64.80311],[11.35206,64.80372],[11.33089,64.80474]],[[11.24338,64.78672],[11.29218,64.78732],[11.32968,64.80071],[11.27806,64.80088],[11.29157,64.79496],[11.24338,64.78672]],[[11.23977,64.79153],[11.26376,64.79565],[11.25589,64.79839],[11.23977,64.79153]],[[12.31445,65.13244],[12.39801,65.11212],[12.44732,65.13307],[12.31445,65.13244]],[[12.32582,65.18532],[12.34321,65.17365],[12.38433,65.19416],[12.35078,65.20094],[12.32582,65.18532]],[[12.30863,65.20145],[12.33238,65.2036],[12.32439,65.2169],[12.30863,65.20145]],[[12.209,65.43975],[12.21033,65.4315],[12.2413,65.44485],[12.209,65.43975]],[[13.32845,66.23208],[13.33208,66.23022],[13.34678,66.23482],[13.32845,66.23208]],[[12.99956,66.38987],[13.01236,66.3787],[13.11383,66.39723],[13.12275,66.41117],[13.08572,66.43495],[13.04585,66.43476],[12.99956,66.38987]],[[12.92189,66.23265],[12.95521,66.22747],[13.18258,66.28435],[13.05048,66.28283],[12.96766,66.26444],[12.92189,66.23265]],[[13.61188,66.84836],[13.6151,66.83633],[13.65987,66.83607],[13.67886,66.84422],[13.68348,66.85519],[13.66636,66.85481],[13.68409,66.86795],[13.61188,66.84836]],[[13.57064,66.88113],[13.57782,66.8641],[13.64279,66.88793],[13.58349,66.88827],[13.57064,66.88113]],[[14.48518,67.18847],[14.51682,67.19433],[14.49308,67.20147],[14.48518,67.18847]],[[14.66015,67.45554],[14.68019,67.45784],[14.66626,67.46433],[14.66015,67.45554]],[[15.13648,67.61521],[15.14875,67.60343],[15.19987,67.59943],[15.1607,67.61618],[15.13648,67.61521]],[[15.014,67.63713],[15.12792,67.66171],[15.0507,67.6603],[15.014,67.63713]],[[15.00749,67.6572],[15.01914,67.65632],[15.02179,67.66006],[15.00749,67.6572]],[[14.78237,67.77657],[14.78785,67.774],[14.80084,67.78123],[14.78237,67.77657]],[[14.64824,67.558],[14.68843,67.55762],[14.71004,67.56513],[14.67537,67.56733],[14.64824,67.558]],[[14.74123,67.80499],[14.75043,67.80932],[14.74987,67.81088],[14.74123,67.80499]],[[15.48965,68.03766],[15.50234,68.02918],[15.51855,68.03173],[15.48965,68.03766]],[[16.03914,68.18546],[16.06756,68.19166],[16.06366,68.19225],[16.03914,68.18546]],[[16.17431,68.06037],[16.3096,68.04132],[16.3246,68.07881],[16.26013,68.09482],[16.17431,68.06037]],[[16.91016,68.48207],[16.92361,68.47747],[16.97264,68.4883],[16.96497,68.50005],[16.91016,68.48207]],[[21.96519,69.80329],[21.9872,69.79249],[22.01326,69.78897],[21.9933,69.79476],[21.96519,69.80329]],[[21.78071,69.92537],[21.83293,69.88368],[21.84593,69.89455],[21.80403,69.92591],[21.78071,69.92537]],[[21.62626,69.92923],[21.66008,69.92288],[21.73383,69.9151],[21.7183,69.94346],[21.62626,69.92923]],[[21.54898,70.01807],[21.69896,69.99174],[21.73481,70.01097],[21.61335,70.04176],[21.54898,70.01807]],[[21.3031,70.11991],[21.29839,70.10202],[21.3699,70.09943],[21.36196,70.11063],[21.3031,70.11991]],[[21.19471,70.04377],[21.21349,70.0306],[21.27956,70.0368],[21.26921,70.05208],[21.19471,70.04377]],[[21.07275,70.01128],[21.08909,70.01437],[21.08524,70.02054],[21.07275,70.01128]],[[23.17166,70.14378],[23.21089,70.12812],[23.28677,70.14024],[23.17166,70.14378]],[[24.5848,70.80486],[24.58285,70.79916],[24.59497,70.80016],[24.5848,70.80486]],[[25.27497,70.83749],[25.27853,70.83128],[25.2942,70.83399],[25.27497,70.83749]],[[25.2778,70.92517],[25.28233,70.915],[25.31409,70.91709],[25.2778,70.92517]],[[25.32416,70.30265],[25.35681,70.30063],[25.36731,70.30592],[25.35024,70.31087],[25.32416,70.30265]],[[25.1743,70.15954],[25.16006,70.13896],[25.18631,70.14516],[25.1743,70.15954]],[[25.24602,70.27627],[25.24967,70.25983],[25.22479,70.2426],[25.327,70.26201],[25.34197,70.2875],[25.31012,70.29913],[25.24602,70.27627]],[[25.10189,70.14103],[25.12261,70.14548],[25.10788,70.14662],[25.10189,70.14103]],[[25.27153,70.32335],[25.28753,70.32255],[25.28603,70.33086],[25.27153,70.32335]],[[25.31894,70.49197],[25.33982,70.49788],[25.33263,70.50085],[25.31894,70.49197]],[[25.11759,70.35636],[25.12989,70.35032],[25.13957,70.35858],[25.11759,70.35636]],[[24.9886,70.16315],[24.99929,70.15383],[25.00487,70.16383],[24.9886,70.16315]],[[24.97953,70.20976],[25.00345,70.20438],[25.01574,70.21332],[25.00178,70.21571],[24.97953,70.20976]],[[24.98484,70.22381],[25.01093,70.22397],[25.03826,70.23566],[25.01534,70.23388],[24.98484,70.22381]],[[27.16356,70.78055],[27.19711,70.77735],[27.21259,70.79303],[27.19046,70.805],[27.16356,70.78055]],[[26.92611,70.55923],[26.94802,70.55327],[26.96247,70.55559],[26.94642,70.56004],[26.92611,70.55923]],[[26.86323,70.51195],[26.89049,70.5087],[26.9007,70.51462],[26.88698,70.52123],[26.86323,70.51195]],[[26.95351,70.60944],[26.96379,70.60363],[26.97996,70.60768],[26.96636,70.61327],[26.95351,70.60944]],[[26.89852,70.59821],[26.89873,70.58216],[26.92072,70.59632],[26.89852,70.59821]],[[26.73536,70.5001],[26.77599,70.4917],[26.75321,70.50679],[26.73536,70.5001]],[[28.28171,70.44493],[28.2919,70.43024],[28.31857,70.44146],[28.32695,70.45808],[28.28171,70.44493]],[[30.02585,69.8819],[30.03667,69.85812],[30.05939,69.85232],[30.09486,69.85956],[30.06584,69.86366],[30.08234,69.8837],[30.02585,69.8819]],[[29.79697,69.9054],[29.81195,69.84143],[29.79553,69.84589],[29.8075,69.83229],[29.80001,69.80972],[29.74179,69.80295],[29.69805,69.75585],[29.85317,69.75918],[29.84388,69.77417],[29.91104,69.77762],[30.09397,69.81687],[30.07013,69.83669],[30.01485,69.81451],[29.94775,69.82779],[29.9142,69.81477],[29.91351,69.82783],[30.0091,69.83169],[30.01797,69.85007],[29.98319,69.85585],[30.00236,69.86075],[29.99146,69.87605],[29.9615,69.86882],[29.98809,69.88236],[29.94154,69.90141],[29.79697,69.9054]],[[29.77596,69.90325],[29.79251,69.89217],[29.79111,69.9069],[29.77596,69.90325]],[[29.65958,69.97347],[29.67355,69.96596],[29.69146,69.97675],[29.65958,69.97347]],[[29.62964,70.07938],[29.63153,70.07435],[29.6417,70.0766],[29.62964,70.07938]],[[29.31353,70.02273],[29.32678,70.02225],[29.3282,70.02755],[29.31353,70.02273]],[[28.72565,70.13405],[28.75083,70.12857],[28.81592,70.13463],[28.77063,70.13672],[28.72565,70.13405]],[[30.12713,69.80113],[30.1125,69.7816],[30.16941,69.78357],[30.12713,69.80113]],[[30.25683,69.83754],[30.27046,69.83598],[30.2691,69.83978],[30.25683,69.83754]],[[31.11605,70.38966],[31.14997,70.38935],[31.13809,70.39807],[31.11605,70.38966]],[[31.06182,70.40274],[31.09796,70.36247],[31.13068,70.37113],[31.11876,70.38148],[31.1066,70.37051],[31.06182,70.40274]],[[26.54968,70.42613],[26.55329,70.41533],[26.58838,70.42443],[26.58533,70.43552],[26.62846,70.44352],[26.60837,70.44855],[26.54968,70.42613]],[[25.34864,71.13449],[25.36793,71.12817],[25.38323,71.12644],[25.37289,71.13555],[25.34864,71.13449]],[[25.90784,71.05717],[25.90626,71.05253],[25.9195,71.05472],[25.90784,71.05717]],[[25.77375,70.6826],[25.79288,70.66559],[25.8308,70.66622],[25.88389,70.69241],[25.8599,70.70106],[25.86962,70.71209],[25.83135,70.70865],[25.77375,70.6826]],[[25.81287,70.76141],[25.83813,70.75693],[25.85912,70.76177],[25.84496,70.76699],[25.81287,70.76141]],[[25.27083,71.10031],[25.2692,71.08515],[25.31975,71.07317],[25.24279,71.05101],[25.29773,71.04632],[25.24909,71.03892],[25.27413,71.0175],[25.46685,71.03801],[25.54538,71.03227],[25.55591,71.02112],[25.38994,70.99486],[25.4754,70.97446],[25.46701,70.96741],[25.49464,70.94931],[25.55142,70.93222],[25.61797,70.93888],[25.61389,70.9512],[25.73671,70.94549],[25.67423,70.95998],[25.74007,70.9903],[25.77619,70.97285],[25.91073,70.96601],[25.9366,70.98213],[25.9255,70.98926],[25.96248,70.9966],[25.97551,70.98047],[25.9619,70.97678],[26.01753,70.97415],[26.02432,70.98779],[26.07827,70.9847],[26.1846,71.01302],[26.21957,71.03245],[26.22564,71.0611],[26.09931,71.04258],[26.0518,71.01056],[26.01421,71.02195],[25.89862,71.01065],[25.88877,71.02325],[25.96457,71.02997],[25.90829,71.05084],[25.87737,71.03802],[25.89843,71.05708],[25.83984,71.07213],[25.98539,71.08258],[26.04538,71.1135],[25.99413,71.14071],[25.95512,71.1338],[25.93986,71.1117],[25.91722,71.13109],[25.82948,71.10608],[25.87085,71.13047],[25.7905,71.10773],[25.75253,71.1147],[25.78628,71.13003],[25.8121,71.16866],[25.73897,71.16798],[25.68215,71.14912],[25.67577,71.18615],[25.57517,71.15353],[25.54697,71.16719],[25.52178,71.15464],[25.60799,71.13606],[25.57972,71.13325],[25.66275,71.11047],[25.73808,71.07886],[25.7318,71.07078],[25.61045,71.10212],[25.55558,71.09293],[25.574,71.10784],[25.54961,71.11567],[25.4857,71.10652],[25.44186,71.11938],[25.45026,71.0863],[25.376,71.09584],[25.43905,71.09307],[25.42988,71.10431],[25.27083,71.10031]],[[25.3056,71.14526],[25.34745,71.13755],[25.34371,71.14867],[25.3056,71.14526]],[[24.93524,71.04535],[24.9479,71.04257],[24.92505,71.02614],[24.98814,71.00895],[24.9546,70.99975],[25.03459,71.00806],[25.01863,71.01699],[25.04553,71.0417],[24.9937,71.03308],[24.97447,71.05059],[24.93524,71.04535]],[[24.60372,71.06543],[24.70964,71.03752],[24.77424,71.02903],[24.79696,71.0527],[24.7663,71.06717],[24.83913,71.07744],[24.80802,71.08532],[24.85183,71.10312],[24.78639,71.09452],[24.76431,71.09996],[24.76695,71.11256],[24.72333,71.11563],[24.69433,71.11008],[24.75266,71.08602],[24.74044,71.0727],[24.68822,71.07273],[24.71125,71.0843],[24.66383,71.09238],[24.60372,71.06543]],[[24.1827,70.86223],[24.22217,70.85747],[24.27564,70.87661],[24.1827,70.86223]],[[23.93291,71.07018],[23.9634,71.04329],[24.06352,71.0426],[24.11118,71.05074],[24.07841,71.05253],[24.0838,71.0626],[24.1558,71.07619],[24.05609,71.08928],[23.99507,71.07933],[24.05062,71.0586],[23.93291,71.07018]],[[23.63112,70.71362],[23.63411,70.68002],[23.69466,70.6678],[23.61998,70.64047],[23.66995,70.64573],[23.67431,70.63497],[23.59485,70.60077],[23.65054,70.60964],[23.69627,70.57016],[23.68015,70.56062],[23.71813,70.55249],[23.73535,70.52309],[23.77382,70.5098],[23.89036,70.50539],[23.99673,70.52515],[24.00036,70.54873],[24.10925,70.58581],[24.1315,70.60891],[24.11159,70.61741],[24.12315,70.62913],[24.09597,70.63008],[24.11497,70.64189],[24.04361,70.64687],[24.08487,70.6611],[23.98715,70.70364],[23.85663,70.7142],[23.78448,70.69679],[23.85026,70.72586],[23.79982,70.71955],[23.81672,70.72281],[23.80275,70.74738],[23.66952,70.7473],[23.63112,70.71362]],[[23.84007,70.99753],[23.88285,70.98215],[24.02016,70.98937],[23.93479,70.97884],[23.88938,70.95535],[23.96906,70.94373],[23.92545,70.93226],[23.98862,70.92897],[24.01094,70.9139],[24.07759,70.91543],[24.09425,70.93549],[24.14019,70.92774],[24.16025,70.93517],[24.13496,70.9399],[24.19485,70.94082],[24.21735,70.95016],[24.18242,70.95231],[24.22818,70.95981],[24.14395,70.97352],[24.0475,70.96669],[24.07314,70.97892],[24.06033,70.98927],[24.21114,70.9973],[24.03996,71.01009],[24.06527,71.02767],[23.91389,71.03038],[23.8851,71.01854],[23.93977,71.01204],[23.87996,71.00264],[23.93932,70.99963],[23.84007,70.99753]],[[23.676,70.91722],[23.70602,70.91465],[23.70598,70.92212],[23.676,70.91722]],[[22.92989,70.75548],[22.93273,70.7439],[22.96184,70.75093],[22.95654,70.76928],[22.92989,70.75548]],[[22.9855,70.84775],[22.99935,70.83231],[23.07539,70.8347],[23.06514,70.85946],[23.05125,70.8615],[23.06179,70.84533],[22.9855,70.84775]],[[23.32461,70.56859],[23.41668,70.57931],[23.38398,70.58736],[23.32461,70.56859]],[[22.81644,70.41115],[22.89238,70.38826],[22.89039,70.36337],[22.9483,70.3424],[22.97078,70.36093],[22.97564,70.34175],[23.00472,70.3347],[23.06924,70.36064],[23.12142,70.40739],[23.09942,70.36064],[23.03935,70.32678],[23.06349,70.3125],[23.05698,70.29446],[23.14715,70.27152],[23.32966,70.3034],[23.35245,70.32091],[23.30074,70.34234],[23.41895,70.34886],[23.41436,70.36184],[23.47373,70.37743],[23.42434,70.39542],[23.50264,70.38733],[23.63898,70.43836],[23.61908,70.47671],[23.64353,70.48953],[23.53087,70.5221],[23.55785,70.55039],[23.53502,70.55489],[23.58792,70.58254],[23.5506,70.59556],[23.56511,70.62256],[23.50828,70.61363],[23.48501,70.62759],[23.39048,70.62848],[23.35467,70.61712],[23.39026,70.60408],[23.45875,70.61091],[23.4195,70.59249],[23.48615,70.57535],[23.45186,70.56526],[23.52241,70.53865],[23.50808,70.53162],[23.44557,70.56443],[23.36419,70.55234],[23.39871,70.52974],[23.24683,70.54906],[23.27083,70.51975],[23.32237,70.52459],[23.2737,70.50716],[23.25494,70.46794],[23.23162,70.47068],[23.25117,70.50806],[23.20353,70.54662],[23.11936,70.54356],[23.14991,70.52408],[23.22619,70.51581],[23.15741,70.51403],[23.15476,70.48199],[23.12538,70.48155],[23.15009,70.49139],[23.11405,70.5128],[23.03119,70.50449],[22.98199,70.49034],[22.99504,70.47319],[22.9542,70.4769],[22.9412,70.45786],[22.86627,70.44558],[22.88807,70.41439],[22.94924,70.4028],[22.81644,70.41115]],[[22.34378,70.34307],[22.39785,70.29634],[22.56535,70.26141],[22.98915,70.23669],[23.00907,70.25993],[22.95136,70.30299],[22.91089,70.2915],[22.9567,70.33002],[22.87503,70.31399],[22.89329,70.32923],[22.83457,70.34228],[22.80842,70.32439],[22.79081,70.3478],[22.80316,70.37827],[22.77728,70.39145],[22.72819,70.38318],[22.73499,70.34795],[22.70814,70.32394],[22.71591,70.34863],[22.69144,70.39107],[22.65343,70.38966],[22.65632,70.35409],[22.63566,70.38513],[22.5969,70.38351],[22.59338,70.35489],[22.57951,70.36231],[22.58243,70.38321],[22.53988,70.38056],[22.5511,70.36294],[22.53125,70.35506],[22.50749,70.37424],[22.44212,70.35959],[22.47218,70.347],[22.47807,70.32562],[22.41683,70.35781],[22.34378,70.34307]],[[22.25209,70.51214],[22.25242,70.49965],[22.27694,70.518],[22.25209,70.51214]],[[21.92899,70.6425],[21.97414,70.62652],[22.04552,70.62693],[21.98446,70.60723],[21.99811,70.59473],[21.98421,70.58964],[22.0105,70.58072],[22.05338,70.59598],[22.0935,70.57909],[22.11105,70.59886],[22.17197,70.61118],[22.30974,70.60149],[22.21199,70.57687],[22.20483,70.56593],[22.25821,70.55537],[22.12457,70.51964],[22.11278,70.50729],[22.1407,70.50016],[22.11856,70.4969],[22.13036,70.48733],[22.08144,70.481],[22.13924,70.46987],[22.17016,70.47349],[22.15714,70.48476],[22.24749,70.48367],[22.2426,70.51375],[22.29773,70.53973],[22.28784,70.49534],[22.31858,70.48414],[22.4122,70.52152],[22.39395,70.48828],[22.45604,70.48917],[22.47003,70.49996],[22.45335,70.49849],[22.45248,70.51128],[22.47129,70.52996],[22.51261,70.49623],[22.55989,70.49335],[22.58279,70.52354],[22.61932,70.50965],[22.6061,70.55294],[22.64033,70.54164],[22.63784,70.55532],[22.65282,70.55745],[22.67174,70.54656],[22.716,70.55729],[22.67475,70.53501],[22.69323,70.5292],[22.68022,70.51922],[22.69174,70.50389],[22.71352,70.51463],[22.72003,70.5522],[22.76539,70.54444],[22.74398,70.50878],[22.83336,70.5163],[22.84936,70.53244],[22.86095,70.52098],[22.93218,70.52898],[22.93798,70.54925],[22.88364,70.57327],[23.00484,70.55834],[23.01768,70.58832],[22.99103,70.59926],[23.04108,70.58502],[23.04043,70.56841],[23.06585,70.57039],[23.11952,70.62077],[23.04869,70.62739],[23.1494,70.62893],[23.19129,70.65926],[23.12812,70.66123],[23.16849,70.67343],[23.13838,70.68237],[23.15853,70.69917],[23.20755,70.6751],[23.25424,70.6764],[23.27627,70.68527],[23.24304,70.70042],[23.33531,70.71285],[23.30299,70.74422],[23.31803,70.75126],[23.36012,70.72639],[23.40188,70.7407],[23.39591,70.76471],[23.45765,70.76437],[23.37922,70.78404],[23.50354,70.78198],[23.48927,70.79144],[23.49938,70.7987],[23.43082,70.81203],[23.46842,70.81357],[23.4254,70.82196],[23.44591,70.83261],[23.37821,70.82968],[23.36868,70.83641],[23.37967,70.84868],[23.3195,70.87186],[23.30282,70.84443],[23.31399,70.8349],[23.29294,70.83084],[23.31851,70.81773],[23.29952,70.7992],[23.33021,70.79116],[23.28264,70.78889],[23.29634,70.769],[23.18353,70.82871],[23.16878,70.82153],[23.19374,70.805],[23.19343,70.78352],[23.13415,70.8079],[23.05003,70.81684],[23.10515,70.79371],[23.05444,70.80512],[23.01613,70.78737],[23.12892,70.76462],[23.10713,70.75287],[23.17251,70.73657],[23.12173,70.74398],[23.09268,70.72663],[23.10003,70.71859],[23.03323,70.71996],[23.04277,70.70942],[23.02407,70.69734],[23.05133,70.68964],[22.98335,70.68745],[23.01442,70.65523],[22.94485,70.66916],[22.93317,70.69066],[22.88364,70.68852],[22.93365,70.70764],[22.94049,70.72856],[22.83753,70.7194],[22.87104,70.73866],[22.82484,70.75164],[22.80042,70.73449],[22.7847,70.74636],[22.81203,70.76574],[22.79615,70.77143],[22.67802,70.74148],[22.69903,70.72164],[22.74579,70.72912],[22.72877,70.71882],[22.75221,70.70965],[22.72959,70.70214],[22.78136,70.7043],[22.74321,70.68559],[22.8355,70.65283],[22.74308,70.65302],[22.70143,70.63486],[22.72596,70.62874],[22.71,70.61796],[22.69382,70.62145],[22.67983,70.65781],[22.58796,70.65195],[22.63542,70.64696],[22.56729,70.63289],[22.56969,70.65054],[22.5507,70.65487],[22.65835,70.68393],[22.60412,70.68954],[22.6066,70.70594],[22.5156,70.72108],[22.50744,70.70385],[22.46563,70.69902],[22.49465,70.68647],[22.47267,70.67408],[22.4118,70.69659],[22.40216,70.71802],[22.37025,70.72112],[22.38276,70.71359],[22.34047,70.68335],[22.38694,70.66693],[22.3691,70.65889],[22.40291,70.62972],[22.39001,70.62555],[22.20707,70.6796],[22.19153,70.67479],[22.22798,70.6663],[22.23633,70.64356],[22.13566,70.63372],[22.11719,70.64967],[21.99765,70.65562],[21.98219,70.6713],[21.94449,70.65737],[21.95661,70.6506],[21.92899,70.6425]],[[21.67943,70.3674],[21.6948,70.34435],[21.67888,70.28085],[21.70027,70.25908],[21.75518,70.27747],[21.80973,70.34985],[21.70634,70.39262],[21.70485,70.37066],[21.67943,70.3674]],[[21.38299,70.35546],[21.41494,70.34315],[21.39692,70.33239],[21.42135,70.32495],[21.46621,70.34152],[21.44168,70.3476],[21.45545,70.36124],[21.43471,70.39013],[21.41635,70.38621],[21.41973,70.37067],[21.38299,70.35546]],[[21.34454,70.31288],[21.36837,70.29891],[21.3918,70.30155],[21.39503,70.31403],[21.34454,70.31288]],[[20.91462,70.01271],[20.96828,70.00884],[21.00693,70.02873],[20.96787,70.02785],[21.01771,70.04249],[20.98871,70.06144],[20.91462,70.01271]],[[20.76908,70.11218],[20.83035,70.06691],[20.88181,70.07061],[20.93137,70.09872],[20.83822,70.15602],[20.76908,70.11218]],[[20.71298,70.01573],[20.75215,69.9747],[20.75031,69.95828],[20.78278,69.93455],[20.84279,69.92217],[20.94916,69.94741],[20.9662,69.96094],[20.93904,69.97153],[21.05214,69.98618],[21.06884,69.99968],[20.96773,69.99897],[20.96903,69.98671],[20.93696,69.98097],[20.8477,70.03111],[20.78657,70.03879],[20.71298,70.01573]],[[20.55107,69.89242],[20.56144,69.8822],[20.51596,69.8332],[20.54766,69.79246],[20.72548,69.82353],[20.73437,69.83823],[20.68796,69.85946],[20.69823,69.88764],[20.73959,69.90522],[20.71874,69.91301],[20.58156,69.90652],[20.55107,69.89242]],[[20.61709,69.98615],[20.63138,69.97723],[20.61027,69.95636],[20.62063,69.94553],[20.6601,69.93768],[20.6796,69.94938],[20.68513,69.96466],[20.63903,69.99165],[20.61709,69.98615]],[[20.33153,69.67301],[20.34912,69.65529],[20.38092,69.67352],[20.34687,69.68202],[20.33153,69.67301]],[[20.38269,70.1547],[20.36751,70.08483],[20.38065,70.06704],[20.46647,70.0441],[20.50131,70.0486],[20.49395,70.06843],[20.52327,70.06272],[20.54968,70.07956],[20.54176,70.11254],[20.5734,70.07513],[20.5386,70.03355],[20.6177,70.03732],[20.64198,70.06114],[20.68006,70.04405],[20.80148,70.05355],[20.75096,70.10268],[20.81078,70.20144],[20.75853,70.2309],[20.54979,70.22589],[20.51827,70.21142],[20.51521,70.19288],[20.43983,70.18584],[20.38269,70.1547]],[[20.16131,70.16988],[20.15491,70.15758],[20.17779,70.15496],[20.16131,70.16988]],[[20.16702,70.30795],[20.16519,70.29378],[20.19514,70.27214],[20.20015,70.22644],[20.21709,70.21403],[20.29516,70.26227],[20.2433,70.27436],[20.18998,70.31052],[20.16702,70.30795]],[[19.94505,70.16174],[20.03678,70.14347],[20.06332,70.15807],[19.98922,70.18241],[19.95698,70.17447],[19.94505,70.16174]],[[19.71312,70.23806],[19.75307,70.22511],[19.77928,70.24225],[19.77518,70.25828],[19.72758,70.25607],[19.71312,70.23806]],[[19.85474,70.01968],[19.85957,70.00903],[19.92945,69.99387],[19.97793,70.0032],[19.88401,70.02289],[19.85474,70.01968]],[[19.51844,70.25429],[19.51121,70.22175],[19.59518,70.20438],[19.67107,70.16169],[19.65254,70.14983],[19.70275,70.12925],[19.71825,70.10429],[19.68465,70.09751],[19.72391,70.06109],[19.96937,70.05219],[20.00862,70.0689],[19.98709,70.07255],[20.00153,70.08274],[20.12903,70.10148],[19.96004,70.12791],[20.00815,70.13081],[19.99553,70.14991],[19.96268,70.14937],[19.97438,70.13687],[19.95466,70.13278],[19.88817,70.16429],[19.92347,70.17436],[19.9128,70.19178],[19.83648,70.21075],[19.82047,70.17574],[19.79105,70.16734],[19.80252,70.16004],[19.76314,70.15893],[19.73256,70.22824],[19.68634,70.23608],[19.67198,70.22419],[19.64729,70.28203],[19.58539,70.28462],[19.5722,70.26785],[19.54482,70.25526],[19.59866,70.23744],[19.51844,70.25429]],[[19.33845,70.0631],[19.36782,70.05365],[19.39452,70.06276],[19.36309,70.08401],[19.35721,70.06336],[19.33845,70.0631]],[[19.3313,70.12741],[19.35453,70.11681],[19.5001,70.09355],[19.56939,70.0986],[19.579,70.11665],[19.40628,70.1665],[19.34589,70.14634],[19.3313,70.12741]],[[18.99636,70.17739],[18.99872,70.16615],[19.03184,70.17539],[19.02069,70.18092],[18.99636,70.17739]],[[18.98031,70.15528],[19.05536,70.13559],[19.11493,70.10942],[19.23057,70.13226],[19.22444,70.15595],[19.26032,70.18401],[19.22103,70.21352],[19.2477,70.23187],[19.20139,70.26225],[19.16344,70.25711],[19.15346,70.23821],[19.08523,70.23901],[19.12275,70.21876],[19.09782,70.20665],[19.16559,70.19925],[19.09013,70.18819],[19.10827,70.15001],[19.04477,70.17287],[18.98031,70.15528]],[[18.94943,70.09708],[18.96821,70.09146],[18.97205,70.09709],[18.94943,70.09708]],[[18.95307,70.18401],[18.96578,70.1603],[18.99168,70.16604],[18.98585,70.19281],[18.95307,70.18401]],[[18.79419,70.1312],[18.80916,70.11311],[18.79802,70.10792],[18.81759,70.0997],[18.81125,70.0855],[18.82835,70.08153],[18.85736,70.10878],[18.84873,70.13141],[18.79419,70.1312]],[[18.78117,70.15509],[18.88692,70.14237],[18.89746,70.19114],[18.83581,70.1929],[18.78117,70.15509]],[[19.40679,69.83934],[19.72161,69.85482],[19.75419,69.87389],[19.7856,69.92477],[19.88307,69.97307],[19.8527,69.99177],[19.77396,70.00739],[19.67601,69.95508],[19.52156,69.91923],[19.40679,69.83934]],[[18.70561,69.92262],[18.93101,69.86714],[18.92801,69.85311],[19.005,69.83667],[19.06848,69.79031],[19.23761,69.79658],[19.34403,69.82226],[19.42603,69.88521],[19.48622,69.90846],[19.48383,69.93365],[19.47317,69.9498],[19.67324,69.97545],[19.67382,69.99819],[19.59421,70.0242],[19.53406,69.98375],[19.54181,70.03769],[19.48993,70.05411],[19.41256,70.04184],[19.37995,70.01437],[19.38919,69.99255],[19.35276,69.99095],[19.27118,70.0354],[19.30896,70.07498],[19.30133,70.08429],[19.22135,70.06253],[19.20407,70.06255],[19.22583,70.08146],[19.21315,70.09006],[19.14676,70.07457],[19.11857,70.08341],[19.05902,70.05834],[19.04515,70.07833],[19.02574,70.06824],[19.042,70.06264],[19.02942,70.05054],[19.08768,70.03222],[19.09234,70.01807],[19.06417,70.01935],[19.06402,70.00742],[18.9983,70.04045],[18.94157,70.0165],[18.94774,70.02665],[18.87724,70.02977],[18.81409,70.01138],[18.80742,69.98428],[18.9093,69.96375],[18.85112,69.94384],[18.83584,69.95223],[18.84767,69.93821],[18.73624,69.96123],[18.70561,69.92262]],[[18.60585,69.84037],[18.6157,69.82397],[18.63473,69.83454],[18.61767,69.84211],[18.60585,69.84037]],[[18.55995,69.87908],[18.57307,69.87509],[18.57576,69.87861],[18.55995,69.87908]],[[18.65247,70.04876],[18.65571,70.03057],[18.71713,70.02966],[18.65902,70.00659],[18.70978,69.98358],[18.76764,70.02662],[18.91596,70.04495],[18.98483,70.07503],[18.97764,70.08789],[18.9125,70.09066],[18.90969,70.1151],[18.79829,70.05412],[18.78328,70.10872],[18.71127,70.11905],[18.69792,70.11007],[18.7165,70.07689],[18.67226,70.07136],[18.65247,70.04876]],[[18.43305,69.83357],[18.44462,69.82096],[18.58786,69.82629],[18.57692,69.84139],[18.59361,69.8506],[18.50267,69.86295],[18.49791,69.85003],[18.43305,69.83357]],[[18.49863,69.96833],[18.53635,69.96094],[18.5277,69.98411],[18.49863,69.96833]],[[18.4009,69.84241],[18.41458,69.83205],[18.42989,69.82721],[18.42118,69.84252],[18.4009,69.84241]],[[18.49708,69.99485],[18.5114,69.9887],[18.51877,69.99675],[18.49708,69.99485]],[[18.52283,70.05085],[18.52054,70.0267],[18.54598,70.0207],[18.58214,70.0403],[18.56428,70.05216],[18.52283,70.05085]],[[18.49184,70.10327],[18.49993,70.0974],[18.52061,70.10546],[18.49184,70.10327]],[[18.13798,69.69836],[18.15982,69.67894],[18.18254,69.68254],[18.15938,69.70231],[18.13798,69.69836]],[[18.16063,69.7494],[18.18431,69.73465],[18.24805,69.7252],[18.22591,69.76175],[18.16063,69.7494]],[[18.14591,69.79317],[18.14596,69.78883],[18.15778,69.79244],[18.14591,69.79317]],[[18.07291,69.6768],[18.145,69.66609],[18.08547,69.662],[18.09678,69.6504],[18.16933,69.65541],[18.15816,69.67466],[18.07291,69.6768]],[[18.12796,69.77323],[18.12757,69.75827],[18.15704,69.76181],[18.12796,69.77323]],[[18.89958,69.68496],[18.91515,69.67008],[18.89698,69.64565],[18.91502,69.62668],[18.96241,69.64728],[19.02347,69.69662],[19.01664,69.71361],[18.99896,69.71286],[18.89958,69.68496]],[[18.76561,69.6615],[18.79755,69.64629],[18.83529,69.6682],[18.76561,69.6615]],[[18.01433,69.599],[18.0366,69.59635],[18.00565,69.56784],[18.03283,69.55422],[18.10233,69.55716],[18.15641,69.52647],[18.2114,69.51906],[18.56822,69.54965],[18.62944,69.575],[18.72991,69.55725],[18.84122,69.60247],[18.81595,69.61288],[18.80804,69.63683],[18.72982,69.63108],[18.76014,69.66392],[18.74739,69.67604],[18.92724,69.70222],[18.95543,69.71387],[18.94917,69.72922],[19.02585,69.74597],[19.05548,69.77133],[18.96449,69.83169],[18.92072,69.82336],[18.84111,69.84961],[18.79692,69.84183],[18.83115,69.85556],[18.81076,69.87732],[18.75969,69.88503],[18.73506,69.87765],[18.75496,69.86369],[18.73825,69.85885],[18.68777,69.88278],[18.64374,69.86281],[18.68243,69.83622],[18.66239,69.82666],[18.72638,69.80062],[18.77873,69.79954],[18.77701,69.78588],[18.73084,69.78614],[18.76144,69.77833],[18.72019,69.77132],[18.70516,69.7169],[18.67946,69.7006],[18.74867,69.68735],[18.64822,69.69019],[18.64542,69.74097],[18.61493,69.75825],[18.64931,69.76361],[18.63633,69.77442],[18.65429,69.79841],[18.64149,69.80477],[18.53345,69.79252],[18.54027,69.77917],[18.48964,69.73921],[18.47576,69.74228],[18.47427,69.77963],[18.39872,69.77412],[18.40546,69.78728],[18.36906,69.79313],[18.30331,69.77495],[18.33214,69.71035],[18.62186,69.69595],[18.36134,69.69459],[18.18723,69.70952],[18.18207,69.69869],[18.21796,69.66017],[18.28712,69.61983],[18.40129,69.63323],[18.30753,69.60778],[18.28159,69.58393],[18.28829,69.60196],[18.23211,69.62809],[18.05974,69.62232],[18.05472,69.60367],[18.01433,69.599]],[[18.00191,69.63465],[18.03444,69.62538],[18.04807,69.63001],[18.01803,69.63724],[18.00191,69.63465]],[[18.06069,69.74299],[18.05901,69.73295],[18.1002,69.73259],[18.06069,69.74299]],[[17.96478,69.64273],[17.99912,69.6309],[17.99129,69.64053],[18.00705,69.64526],[17.96478,69.64273]],[[17.90229,69.62159],[17.92408,69.60937],[17.93471,69.6168],[17.90229,69.62159]],[[17.10163,69.4522],[17.11941,69.44464],[17.10807,69.44232],[17.13475,69.44462],[17.10163,69.4522]],[[17.35071,69.03178],[17.34473,68.9941],[17.37777,68.98552],[17.47773,69.03628],[17.52089,69.04019],[17.5554,69.0668],[17.54928,69.0829],[17.586,69.08941],[17.44143,69.08435],[17.39006,69.06521],[17.35071,69.03178]],[[17.40753,69.14451],[17.4307,69.14105],[17.44459,69.14691],[17.40753,69.14451]],[[17.09832,68.9081],[17.17256,68.84244],[17.18396,68.80567],[17.26094,68.79651],[17.48785,68.87604],[17.37148,68.92267],[17.23082,68.92907],[17.19085,68.91147],[17.30723,68.85739],[17.23591,68.87136],[17.17899,68.90206],[17.18563,68.91519],[17.12253,68.92781],[17.09832,68.9081]],[[16.82437,68.72839],[17.11301,68.74808],[17.18414,68.77442],[17.17712,68.79286],[17.08474,68.81693],[17.07476,68.84078],[17.03252,68.86744],[16.95044,68.82369],[16.91111,68.77532],[16.86165,68.77085],[16.82437,68.72839]],[[16.86834,69.02782],[16.88546,69.0242],[16.91164,69.03579],[16.86834,69.02782]],[[16.63244,68.72926],[16.65001,68.71925],[16.67032,68.72831],[16.65672,68.73847],[16.63244,68.72926]],[[16.9981,69.341],[17.01552,69.33552],[17.01817,69.34108],[16.9981,69.341]],[[16.6853,68.89797],[16.67815,68.88521],[16.69493,68.88216],[16.72094,68.89612],[16.6853,68.89797]],[[16.64973,68.95885],[16.67386,68.92905],[16.75245,68.95444],[16.69298,68.97108],[16.64973,68.95885]],[[16.86608,69.37601],[16.88782,69.36257],[17.03619,69.37028],[17.19168,69.35034],[17.02437,69.35937],[17.07318,69.33542],[17.15531,69.33833],[17.09738,69.3227],[17.13629,69.30615],[17.03977,69.33139],[16.89857,69.31369],[16.92726,69.29644],[17.0198,69.30635],[16.9536,69.28737],[16.95785,69.27549],[17.07002,69.28042],[17.01218,69.2739],[17.06782,69.26065],[17.10383,69.27938],[17.19034,69.28792],[17.10332,69.2607],[17.11178,69.24235],[17.15282,69.24985],[17.12851,69.2286],[17.00462,69.24481],[16.91199,69.23653],[16.87921,69.2239],[16.94168,69.20795],[16.8887,69.20032],[17.07629,69.1805],[17.21112,69.19599],[17.06255,69.17027],[17.07559,69.16644],[17.05754,69.15252],[17.08443,69.14206],[16.99266,69.15029],[16.9034,69.13242],[16.91523,69.10606],[16.82143,69.12413],[16.78213,69.09933],[16.78626,69.06877],[16.8175,69.06735],[16.78275,69.05747],[16.81149,69.05199],[16.92174,69.05819],[16.98558,69.07793],[17.02083,69.06722],[17.16634,69.08338],[17.03699,69.05087],[17.05152,69.04195],[17.02619,69.03345],[17.0532,69.03028],[17.03713,69.01337],[17.05139,69.00646],[17.22538,69.02285],[17.22021,69.05216],[17.1984,69.05373],[17.19232,69.03935],[17.17011,69.04975],[17.20667,69.07631],[17.17668,69.0838],[17.24918,69.09508],[17.49446,69.20735],[17.54391,69.19352],[17.49163,69.1801],[17.5334,69.17254],[17.5275,69.15929],[17.49004,69.15952],[17.48692,69.1462],[17.60182,69.16122],[17.61606,69.14625],[17.73079,69.16896],[17.83784,69.15811],[17.98853,69.18405],[18.00611,69.19641],[17.93522,69.19484],[17.92458,69.21565],[17.85247,69.22846],[17.93169,69.23343],[17.96617,69.252],[17.94118,69.25851],[17.94745,69.27288],[17.89212,69.27221],[17.92403,69.29042],[17.87892,69.3183],[17.92162,69.31474],[17.911,69.3238],[17.93327,69.33929],[18.09503,69.36147],[18.05494,69.37263],[18.06826,69.39737],[18.04652,69.40517],[18.08161,69.42706],[18.06484,69.43883],[18.02046,69.44274],[17.99372,69.41727],[17.99842,69.40433],[17.89977,69.42392],[17.95259,69.42229],[17.99261,69.44101],[18.00496,69.46526],[18.02072,69.46194],[18.01166,69.47373],[18.06895,69.48912],[17.98649,69.51709],[17.94448,69.51704],[17.88602,69.48356],[17.88671,69.45187],[17.84775,69.44798],[17.81654,69.45828],[17.84502,69.45791],[17.85845,69.46885],[17.8467,69.48593],[17.92114,69.5198],[17.91205,69.53554],[17.92364,69.5464],[17.88208,69.57971],[17.84359,69.57969],[17.86035,69.56463],[17.81934,69.57357],[17.78364,69.53251],[17.69007,69.59777],[17.62579,69.5995],[17.66226,69.57157],[17.67752,69.52693],[17.71457,69.51443],[17.65803,69.51561],[17.67864,69.48165],[17.63439,69.50434],[17.63365,69.52495],[17.58573,69.56583],[17.48227,69.60036],[17.4872,69.5821],[17.46467,69.57339],[17.49959,69.54098],[17.68192,69.4679],[17.58621,69.46083],[17.52366,69.50024],[17.48953,69.48587],[17.48033,69.51665],[17.30759,69.54052],[17.40431,69.48515],[17.33289,69.4895],[17.32878,69.47471],[17.35006,69.45748],[17.23205,69.50285],[17.19742,69.49681],[17.2267,69.46384],[17.27835,69.44649],[17.44824,69.44141],[17.49768,69.42667],[17.33943,69.41326],[17.29538,69.4229],[17.34,69.40336],[17.29976,69.40227],[17.27018,69.41279],[17.21453,69.41709],[17.14251,69.41423],[17.10511,69.38358],[17.06319,69.40206],[16.93923,69.4046],[16.92142,69.37623],[16.86608,69.37601]],[[16.49584,69.02441],[16.55678,69.02475],[16.51643,69.03617],[16.49584,69.02441]],[[16.50567,69.06103],[16.5429,69.05173],[16.55208,69.06181],[16.53235,69.06215],[16.50567,69.06103]],[[16.46947,69.02399],[16.48529,69.02323],[16.49411,69.03046],[16.48309,69.02758],[16.46947,69.02399]],[[16.44114,68.99213],[16.47524,68.98054],[16.57881,68.98264],[16.57467,68.99983],[16.53174,68.99996],[16.54802,69.01779],[16.52033,69.02207],[16.44114,68.99213]],[[16.55461,68.86128],[16.5643,68.85467],[16.57801,68.86166],[16.55461,68.86128]],[[16.26237,68.97589],[16.25343,68.95579],[16.34334,68.93997],[16.37035,68.91312],[16.46893,68.88147],[16.56638,68.87477],[16.61789,68.88914],[16.64475,68.89744],[16.61395,68.90487],[16.61539,68.91978],[16.65094,68.93481],[16.6109,68.9437],[16.6191,68.95941],[16.59849,68.97063],[16.56418,68.96327],[16.56871,68.9441],[16.30024,68.99329],[16.26237,68.97589]],[[16.06037,68.77641],[16.12284,68.75375],[16.17438,68.75261],[16.06759,68.78898],[16.06037,68.77641]],[[15.96128,68.82601],[16.03442,68.86875],[15.97774,68.85173],[15.96128,68.82601]],[[15.42537,68.97612],[15.43998,68.97248],[15.4437,68.92634],[15.41723,68.9019],[15.44297,68.88175],[15.49487,68.87378],[15.5726,68.92285],[15.60343,68.97961],[15.54729,69.00592],[15.61832,68.99752],[15.63837,68.98436],[15.61841,68.97572],[15.63243,68.96576],[15.65272,68.98461],[15.69896,68.97597],[15.77134,69.01185],[15.87712,69.02697],[15.85646,69.03648],[15.89628,69.05262],[15.91132,69.06562],[15.90157,69.07263],[16.09918,69.16097],[16.10386,69.17531],[16.08769,69.18682],[16.11777,69.21305],[16.09795,69.21437],[16.12606,69.24627],[16.17785,69.26129],[16.18108,69.28024],[16.13093,69.31209],[16.13446,69.32723],[15.85012,69.25525],[15.86315,69.24745],[15.84209,69.23809],[15.86856,69.23216],[15.83823,69.22274],[15.86074,69.20527],[15.79619,69.19087],[15.82781,69.18766],[15.80398,69.17558],[15.81424,69.16382],[15.60469,69.12242],[15.56045,69.10119],[15.56825,69.0944],[15.55014,69.08806],[15.56368,69.07985],[15.51498,69.06626],[15.53273,69.06332],[15.4937,69.04677],[15.5097,69.047],[15.49275,69.03153],[15.508,69.0282],[15.4592,69.01839],[15.46431,69.00204],[15.42537,68.97612]],[[15.22117,68.95047],[15.23562,68.93724],[15.25721,68.9449],[15.24472,68.94043],[15.25405,68.9335],[15.30001,68.94727],[15.27263,68.94864],[15.29795,68.95158],[15.29543,68.96402],[15.22117,68.95047]],[[15.16678,69.06732],[15.17159,69.06408],[15.18333,69.06925],[15.16678,69.06732]],[[15.11504,69.02884],[15.11736,69.0246],[15.12981,69.03037],[15.11504,69.02884]],[[14.81903,68.84001],[14.84616,68.84049],[14.84339,68.84982],[14.81903,68.84001]],[[14.83053,68.87035],[14.83918,68.86617],[14.8577,68.87584],[14.83053,68.87035]],[[14.8475,68.92384],[14.86625,68.91262],[14.83664,68.88279],[14.88564,68.87273],[14.963,68.87317],[15.00284,68.88967],[14.97753,68.92648],[14.92245,68.9244],[14.89285,68.9377],[14.8475,68.92384]],[[14.79361,68.83277],[14.78807,68.81932],[14.8246,68.80028],[14.84905,68.80833],[14.84829,68.83478],[14.79361,68.83277]],[[14.72228,68.78166],[14.80073,68.79809],[14.76562,68.80748],[14.72228,68.78166]],[[14.73836,68.8436],[14.76563,68.8404],[14.73263,68.81794],[14.77305,68.81671],[14.77029,68.83316],[14.78863,68.84674],[14.76131,68.85157],[14.73836,68.8436]],[[14.70653,68.83066],[14.71982,68.82634],[14.7379,68.83475],[14.71755,68.83674],[14.70653,68.83066]],[[15.28803,68.90718],[15.31069,68.90465],[15.3338,68.91083],[15.31034,68.91176],[15.28803,68.90718]],[[15.13525,68.48532],[15.14287,68.47591],[15.20265,68.47997],[15.16679,68.48962],[15.13525,68.48532]],[[14.92032,68.56849],[14.95076,68.56608],[14.96636,68.5696],[14.9464,68.57509],[14.92032,68.56849]],[[14.61223,68.56558],[14.61308,68.5514],[14.66772,68.53855],[14.67041,68.5236],[14.73227,68.50901],[14.70811,68.50295],[14.72317,68.49222],[14.90138,68.49947],[15.00161,68.54077],[14.99149,68.56039],[14.68125,68.58804],[14.61223,68.56558]],[[14.23686,68.32634],[14.25474,68.32559],[14.25016,68.33104],[14.23686,68.32634]],[[14.36957,68.68447],[14.41744,68.67964],[14.38937,68.67311],[14.39573,68.66281],[14.45555,68.67458],[14.46434,68.6649],[14.42075,68.6483],[14.44409,68.63181],[14.42221,68.62066],[14.44414,68.61305],[14.42605,68.60733],[14.48077,68.61307],[14.48414,68.59857],[14.65472,68.63553],[14.6413,68.65095],[14.67939,68.66256],[14.65807,68.67348],[14.68367,68.68004],[14.67765,68.71113],[14.69128,68.71158],[14.69065,68.69272],[14.71642,68.70023],[14.71456,68.662],[14.74397,68.65468],[14.74997,68.66633],[14.78162,68.66204],[14.77879,68.68151],[14.81823,68.70607],[14.79955,68.70634],[14.815,68.71712],[14.82744,68.70777],[14.7926,68.6806],[14.81405,68.66429],[14.85307,68.67735],[14.85954,68.6995],[14.86657,68.679],[14.93726,68.69226],[14.92311,68.70567],[14.96622,68.72726],[14.9805,68.71735],[14.9439,68.70382],[15.01119,68.70156],[15.05036,68.73533],[15.08854,68.73736],[15.00415,68.7659],[15.14821,68.75308],[15.12738,68.73385],[15.15483,68.71873],[15.13393,68.70861],[15.14518,68.70501],[15.1013,68.71332],[15.05308,68.69134],[15.06428,68.67784],[14.78829,68.64148],[14.81934,68.63549],[14.81239,68.6211],[14.82402,68.61565],[14.88459,68.6064],[14.85228,68.60697],[14.84858,68.5898],[15.03793,68.57803],[15.13801,68.61466],[15.37414,68.66433],[15.42082,68.69062],[15.40631,68.73305],[15.26535,68.75565],[15.31489,68.77804],[15.27003,68.79702],[15.37002,68.80031],[15.37684,68.80869],[15.36224,68.81249],[15.39299,68.84248],[15.33839,68.87282],[15.2464,68.82422],[15.26723,68.85471],[15.29558,68.85879],[15.27698,68.85905],[15.30401,68.8985],[15.27989,68.90775],[15.32116,68.91785],[15.26752,68.92296],[15.25804,68.91701],[15.27299,68.90839],[15.177,68.93008],[15.22378,68.93525],[15.1739,68.95314],[15.18304,68.96616],[15.10836,68.95156],[15.19425,68.98033],[15.18653,69.01405],[15.10697,69.02144],[15.0585,69.00018],[15.01936,69.0016],[15.02279,68.95018],[15.0051,68.94607],[15.08946,68.90782],[15.03975,68.90814],[15.05683,68.89905],[15.03518,68.88942],[15.0893,68.89668],[15.06155,68.87037],[15.14791,68.84861],[15.15579,68.8131],[15.12638,68.81908],[15.12039,68.84222],[15.04963,68.85769],[15.03489,68.79653],[15.01204,68.81907],[15.0256,68.83759],[15.00786,68.8371],[15.01909,68.84398],[14.99223,68.86226],[14.91065,68.85386],[14.90653,68.83814],[14.97486,68.81526],[14.9239,68.79833],[14.9916,68.77538],[14.92954,68.78302],[14.90248,68.7695],[14.91694,68.76934],[14.89691,68.74001],[14.88592,68.77],[14.85727,68.76368],[14.89868,68.78532],[14.8744,68.7939],[14.76562,68.78013],[14.75328,68.7613],[14.7335,68.76828],[14.73229,68.75548],[14.70432,68.7494],[14.71396,68.76284],[14.68518,68.766],[14.70713,68.79979],[14.6958,68.82789],[14.70668,68.83529],[14.64331,68.83329],[14.62498,68.80046],[14.65243,68.78247],[14.62122,68.78076],[14.6012,68.75272],[14.64628,68.74215],[14.60603,68.72575],[14.62241,68.73584],[14.5854,68.74722],[14.59861,68.7638],[14.57478,68.81181],[14.54422,68.81679],[14.53272,68.81228],[14.54974,68.80791],[14.51527,68.79199],[14.45203,68.7812],[14.45935,68.76359],[14.43026,68.75612],[14.58386,68.73619],[14.48306,68.73436],[14.42531,68.71219],[14.46736,68.69618],[14.41179,68.70043],[14.36957,68.68447]],[[13.75679,68.2996],[13.76879,68.29833],[13.78299,68.29949],[13.7722,68.30408],[13.75679,68.2996]],[[14.38715,68.36779],[14.38886,68.36588],[14.39979,68.37163],[14.38715,68.36779]],[[15.00464,68.34834],[15.03448,68.35397],[15.04572,68.36578],[15.0209,68.36408],[15.00464,68.34834]],[[16.04715,68.33498],[16.17224,68.33843],[16.18058,68.34927],[16.09788,68.35767],[16.04715,68.33498]],[[16.07705,68.41667],[16.10116,68.40415],[16.0916,68.39462],[16.15479,68.38738],[16.2655,68.42225],[16.41613,68.42152],[16.46628,68.44212],[16.42796,68.46323],[16.51248,68.46555],[16.49376,68.48929],[16.43503,68.50787],[16.46071,68.52684],[16.33607,68.55615],[16.23092,68.54426],[16.22227,68.52615],[16.18348,68.51871],[16.16905,68.50312],[16.18052,68.50061],[16.15062,68.49795],[16.14981,68.47563],[16.12923,68.47234],[16.11996,68.44567],[16.24902,68.44822],[16.1235,68.43957],[16.07705,68.41667]],[[15.76504,68.16667],[15.79395,68.16485],[15.7746,68.17446],[15.76504,68.16667]],[[15.74551,68.14109],[15.81738,68.13025],[15.83775,68.13704],[15.81147,68.1366],[15.83431,68.14099],[15.8168,68.15316],[15.8474,68.15992],[15.82023,68.16438],[15.74551,68.14109]],[[15.8434,68.42481],[15.8587,68.41952],[15.85881,68.4218],[15.8434,68.42481]],[[15.32132,68.32154],[15.32517,68.3147],[15.33192,68.32365],[15.32132,68.32154]],[[15.15902,68.00005],[15.18445,67.98111],[15.17135,67.97959],[15.17789,67.97021],[15.30333,67.97276],[15.22346,68.04033],[15.21378,68.03479],[15.22556,68.0257],[15.15902,68.00005]],[[15.0754,68.00562],[15.09107,68.00849],[15.08038,68.01238],[15.0754,68.00562]],[[14.91334,67.90723],[14.96209,67.92541],[14.97495,67.92201],[14.95846,67.91521],[14.97592,67.91955],[14.96443,67.91414],[15.03026,67.91863],[15.16857,67.91025],[15.31713,67.93248],[15.29601,67.94735],[15.27267,67.93972],[15.30573,67.93987],[15.25163,67.93046],[15.2621,67.94871],[15.21907,67.93231],[15.24059,67.95048],[15.14135,67.96084],[15.09566,67.98091],[15.12769,67.99327],[15.10275,68.00289],[15.07847,67.99762],[15.09379,67.99363],[15.0592,67.98198],[15.05982,67.96962],[14.95391,67.96753],[14.98893,67.95441],[14.95173,67.9503],[14.96703,67.93038],[14.91334,67.90723]],[[14.87424,67.90327],[14.89408,67.9097],[14.90539,67.91528],[14.89269,67.9135],[14.87424,67.90327]],[[14.52297,67.3673],[14.54254,67.3677],[14.56249,67.38148],[14.52297,67.3673]],[[14.58105,67.52406],[14.59438,67.52552],[14.59051,67.53147],[14.58105,67.52406]],[[14.76563,67.92411],[14.77077,67.91913],[14.78812,67.92739],[14.76563,67.92411]],[[14.65299,67.80497],[14.70066,67.80651],[14.71648,67.82187],[14.65299,67.80497]],[[14.795,68.2578],[14.79698,68.23892],[14.81168,68.23647],[14.78552,68.23076],[14.86578,68.22305],[14.887,68.25072],[14.89706,68.2425],[14.93751,68.27366],[14.90383,68.27637],[14.96083,68.28451],[14.94265,68.30792],[14.8885,68.30608],[14.795,68.2578]],[[14.58668,67.7312],[14.58566,67.72327],[14.60542,67.73801],[14.58668,67.7312]],[[14.60231,67.841],[14.61711,67.84392],[14.61534,67.84574],[14.60231,67.841]],[[14.73331,68.1855],[14.75187,68.18351],[14.75086,68.18687],[14.73331,68.1855]],[[14.71252,68.19793],[14.77852,68.19178],[14.80668,68.21432],[14.82619,68.20648],[14.82848,68.21697],[14.74154,68.22092],[14.71252,68.19793]],[[14.66148,68.16135],[14.69375,68.15657],[14.71942,68.16451],[14.70663,68.17294],[14.66148,68.16135]],[[14.17364,67.16505],[14.18875,67.16521],[14.18463,67.17158],[14.17364,67.16505]],[[14.21482,67.37451],[14.38706,67.39204],[14.42565,67.42416],[14.38715,67.42218],[14.40601,67.4342],[14.37267,67.44159],[14.23854,67.39576],[14.2505,67.38899],[14.21482,67.37451]],[[14.0128,67.10946],[14.00849,67.09209],[14.1298,67.06828],[14.15435,67.04178],[14.1491,67.02545],[14.17739,67.00518],[14.24201,67.0299],[14.21949,67.02472],[14.24323,67.06271],[14.21426,67.06537],[14.22062,67.08697],[14.20734,67.09941],[14.2925,67.15299],[14.28146,67.17178],[14.30314,67.18685],[14.2729,67.1993],[14.23019,67.18595],[14.19995,67.13769],[14.155,67.12253],[14.0625,67.16295],[14.07173,67.15056],[14.03982,67.13583],[14.05511,67.1299],[14.04865,67.11979],[14.0128,67.10946]],[[13.99941,67.11123],[13.99509,67.09978],[14.00747,67.10927],[13.99941,67.11123]],[[13.97554,67.16129],[13.99889,67.1524],[14.01563,67.1668],[13.97554,67.16129]],[[14.04385,67.42407],[14.05723,67.4273],[14.05505,67.42942],[14.04385,67.42407]],[[13.93844,67.07097],[13.94162,67.05709],[13.95249,67.06848],[13.93844,67.07097]],[[13.90631,67.01374],[13.96385,67.02129],[13.96102,67.06007],[13.92087,67.03268],[13.94628,67.04718],[13.93212,67.03219],[13.95041,67.03164],[13.94126,67.02372],[13.90631,67.01374]],[[13.93543,67.12686],[13.9957,67.14481],[13.98441,67.13285],[14.00108,67.14509],[13.96285,67.15445],[13.93543,67.12686]],[[13.93832,67.15489],[13.94723,67.14819],[13.95955,67.15593],[13.93832,67.15489]],[[13.93469,67.22925],[13.95456,67.23127],[13.9507,67.23323],[13.93469,67.22925]],[[13.91471,67.2613],[13.94989,67.26428],[14.02706,67.28435],[13.95023,67.27941],[13.92242,67.27305],[13.95747,67.26951],[13.91471,67.2613]],[[13.83078,67.10533],[13.89842,67.10313],[13.93151,67.11101],[13.84345,67.12184],[13.83078,67.10533]],[[13.94317,67.4171],[13.98825,67.42363],[13.96958,67.42458],[13.99071,67.43515],[13.96625,67.43513],[13.94317,67.4171]],[[13.91466,67.39252],[13.91535,67.3899],[13.92645,67.39595],[13.91466,67.39252]],[[13.74965,67.06816],[13.7736,67.06168],[13.76449,67.05452],[13.86411,67.06042],[13.87093,67.07162],[13.8282,67.08476],[13.76876,67.08038],[13.74965,67.06816]],[[13.87777,67.38782],[13.87699,67.38575],[13.8951,67.39394],[13.87777,67.38782]],[[13.70347,67.05744],[13.70548,67.04414],[13.72688,67.04658],[13.70347,67.05744]],[[13.6252,67.03881],[13.66652,67.05245],[13.6522,67.05453],[13.6252,67.03881]],[[13.40169,66.904],[13.42331,66.90551],[13.42353,66.91607],[13.40169,66.904]],[[13.40857,66.93018],[13.4208,66.92279],[13.44696,66.93942],[13.40857,66.93018]],[[13.40839,66.78491],[13.50459,66.77949],[13.44432,66.79764],[13.40839,66.78491]],[[13.3337,66.82016],[13.33994,66.81088],[13.51151,66.82608],[13.57614,66.83962],[13.52142,66.84761],[13.42146,66.84768],[13.3337,66.82016]],[[13.35765,66.90885],[13.36892,66.91023],[13.36759,66.91624],[13.35765,66.90885]],[[13.31755,66.82741],[13.32982,66.82514],[13.32754,66.82994],[13.31755,66.82741]],[[13.26135,66.7551],[13.42306,66.75422],[13.47237,66.76487],[13.47513,66.77855],[13.35775,66.78876],[13.26135,66.7551]],[[13.22856,66.83378],[13.24259,66.83373],[13.25618,66.83492],[13.24576,66.8416],[13.22856,66.83378]],[[13.18636,66.80259],[13.21173,66.79768],[13.23815,66.79997],[13.23449,66.81096],[13.19655,66.81108],[13.18636,66.80259]],[[13.09096,66.61125],[13.11137,66.58053],[13.1411,66.59761],[13.12962,66.59211],[13.12703,66.63393],[13.09096,66.61125]],[[13.09372,66.78604],[13.10635,66.78531],[13.12389,66.78905],[13.10572,66.78808],[13.09372,66.78604]],[[13.03889,66.68303],[13.03469,66.67042],[13.07021,66.66161],[13.04731,66.65846],[13.07026,66.65639],[13.05873,66.64924],[13.09483,66.66483],[13.09957,66.70257],[13.03889,66.68303]],[[13.0662,66.79901],[13.07923,66.79627],[13.09313,66.80835],[13.0662,66.79901]],[[12.99108,66.57209],[12.99583,66.55749],[13.02434,66.55412],[13.06578,66.56606],[13.05539,66.58114],[12.99108,66.57209]],[[12.9787,66.57687],[12.99094,66.57749],[13.01269,66.58156],[12.99693,66.58744],[12.9787,66.57687]],[[12.98768,66.61124],[13.04124,66.59702],[13.06043,66.6368],[13.05108,66.6436],[13.01351,66.63993],[12.99182,66.61757],[13.01993,66.61984],[12.98768,66.61124]],[[12.92972,66.48921],[12.94022,66.47522],[12.96659,66.48709],[12.9521,66.49172],[12.92972,66.48921]],[[12.9033,66.43353],[12.90442,66.39649],[12.9432,66.38994],[12.9712,66.46676],[12.91405,66.45611],[12.9488,66.44615],[12.91539,66.42629],[12.91754,66.43762],[12.9033,66.43353]],[[12.97111,66.65262],[13.00781,66.64844],[13.03245,66.65441],[13.00465,66.65569],[12.97111,66.65262]],[[12.89774,66.581],[12.92658,66.5771],[12.9411,66.59144],[12.90855,66.59688],[12.89774,66.581]],[[12.91321,66.67983],[12.97812,66.68132],[12.98726,66.69632],[12.92817,66.68881],[12.91321,66.67983]],[[12.82689,66.56227],[12.84112,66.56604],[12.83956,66.56787],[12.82689,66.56227]],[[13.465,68.17822],[13.5137,68.17064],[13.47347,68.15235],[13.48775,68.14615],[13.59381,68.1845],[13.62022,68.17085],[13.54918,68.16204],[13.52725,68.14893],[13.5399,68.14225],[13.48004,68.12458],[13.46172,68.08584],[13.49073,68.05999],[13.54967,68.0617],[13.5332,68.07818],[13.58528,68.08833],[13.58638,68.10549],[13.55374,68.10679],[13.58246,68.11901],[13.5464,68.12147],[13.58041,68.13694],[13.64607,68.14393],[13.60479,68.12322],[13.6408,68.13142],[13.62809,68.12163],[13.65557,68.11429],[13.61887,68.10637],[13.65742,68.09854],[13.63511,68.08272],[13.69453,68.0903],[13.70589,68.07931],[13.73958,68.08405],[13.72723,68.09158],[13.73519,68.10811],[13.7122,68.11113],[13.7455,68.12139],[13.75314,68.15386],[13.78037,68.13415],[13.76432,68.12742],[13.77785,68.11622],[13.8631,68.11923],[13.84351,68.14193],[13.86802,68.157],[13.79493,68.16005],[13.8456,68.16735],[13.8788,68.19557],[13.91667,68.18167],[13.98529,68.20098],[14.02534,68.18382],[14.04384,68.20029],[14.06517,68.19263],[14.05886,68.20718],[14.09128,68.2242],[14.1127,68.21193],[14.12669,68.24135],[14.16863,68.25832],[14.12175,68.28422],[14.19998,68.25679],[14.24423,68.26248],[14.27304,68.29983],[14.24395,68.3218],[14.15339,68.34679],[14.08065,68.3422],[14.10628,68.32315],[14.0535,68.32513],[14.06879,68.30217],[14.15452,68.30747],[14.11768,68.29157],[14.1521,68.28633],[14.08486,68.2884],[14.04314,68.27697],[14.0394,68.26347],[13.97472,68.27029],[14.03382,68.28004],[14.00932,68.2915],[14.02152,68.31399],[13.98522,68.34741],[13.90211,68.34454],[13.91928,68.33423],[13.90602,68.32689],[13.89098,68.34421],[13.86542,68.33759],[13.8798,68.32226],[13.82642,68.30491],[13.8308,68.28802],[13.76212,68.29719],[13.72416,68.28469],[13.70844,68.30441],[13.65968,68.3116],[13.5643,68.28179],[13.58269,68.26984],[13.51057,68.24707],[13.64201,68.25188],[13.60517,68.2418],[13.66121,68.23764],[13.47983,68.20493],[13.47918,68.19484],[13.5385,68.19322],[13.465,68.17822]],[[12.86087,66.47758],[12.88337,66.47983],[12.91208,66.48543],[12.89589,66.49263],[12.86087,66.47758]],[[12.85626,66.36378],[12.8797,66.3597],[12.90266,66.35891],[12.87647,66.37226],[12.85626,66.36378]],[[12.80101,66.38338],[12.84102,66.37641],[12.83507,66.36801],[12.88597,66.37682],[12.87196,66.40198],[12.8977,66.39018],[12.88668,66.40818],[12.90995,66.45524],[12.85047,66.45114],[12.83017,66.43472],[12.87161,66.4036],[12.80101,66.38338]],[[12.74304,66.36135],[12.75871,66.36505],[12.75007,66.37531],[12.74304,66.36135]],[[12.79876,66.54177],[12.81419,66.51583],[12.88566,66.53547],[12.85448,66.54844],[12.87243,66.5587],[12.85514,66.5664],[12.79876,66.54177]],[[12.95148,66.16526],[12.97446,66.16778],[12.97513,66.1716],[12.95148,66.16526]],[[12.84879,66.16493],[12.96822,66.1795],[12.96286,66.21378],[12.87779,66.19674],[12.84879,66.16493]],[[12.69926,66.24706],[12.75462,66.24554],[12.74438,66.22737],[12.79641,66.21682],[12.84795,66.23602],[12.8142,66.21023],[12.89129,66.24681],[12.89155,66.28231],[12.82285,66.29838],[12.71786,66.26644],[12.69926,66.24706]],[[12.67216,66.17678],[12.70435,66.15852],[12.68309,66.14442],[12.76932,66.14029],[12.80417,66.14977],[12.79362,66.15314],[12.8041,66.16205],[12.72619,66.17393],[12.75968,66.18583],[12.689,66.18723],[12.67216,66.17678]],[[12.7194,66.34396],[12.73313,66.33706],[12.73795,66.34499],[12.7194,66.34396]],[[12.7875,66.59206],[12.79086,66.58892],[12.80103,66.594],[12.7875,66.59206]],[[12.66095,66.36256],[12.68813,66.36512],[12.67242,66.37017],[12.66095,66.36256]],[[12.69036,66.47272],[12.69294,66.46785],[12.69985,66.47939],[12.69036,66.47272]],[[12.73194,66.61534],[12.73255,66.60576],[12.75312,66.611],[12.73194,66.61534]],[[12.61954,66.36467],[12.63068,66.35721],[12.62454,66.34223],[12.63583,66.34342],[12.64989,66.3631],[12.6404,66.3581],[12.63714,66.37671],[12.61954,66.36467]],[[13.22339,67.99846],[13.23974,68.0],[13.23595,68.01049],[13.22339,67.99846]],[[12.72347,66.80199],[12.72445,66.80023],[12.73617,66.80366],[12.72347,66.80199]],[[12.55385,66.3621],[12.59452,66.37885],[12.56331,66.37465],[12.55385,66.3621]],[[12.60697,66.57381],[12.6454,66.57164],[12.60802,66.55994],[12.63981,66.54852],[12.66893,66.55815],[12.68465,66.59305],[12.64442,66.5933],[12.66572,66.59555],[12.6566,66.60799],[12.63029,66.60266],[12.60697,66.57381]],[[12.53643,66.38864],[12.54858,66.39192],[12.54853,66.39483],[12.53643,66.38864]],[[12.59008,66.58056],[12.6024,66.57317],[12.60346,66.5865],[12.59008,66.58056]],[[12.53323,66.31274],[12.62181,66.34156],[12.62754,66.35715],[12.5531,66.33682],[12.61895,66.35144],[12.53323,66.31274]],[[12.51364,66.34028],[12.55602,66.33904],[12.61029,66.37244],[12.51364,66.34028]],[[12.49436,66.33582],[12.49518,66.32919],[12.50901,66.33963],[12.49436,66.33582]],[[12.50896,66.38233],[12.53551,66.39104],[12.53004,66.39477],[12.50896,66.38233]],[[12.40133,66.1181],[12.4139,66.12117],[12.41239,66.12586],[12.40133,66.1181]],[[12.45608,66.31504],[12.47344,66.31863],[12.47384,66.31974],[12.45608,66.31504]],[[12.59332,66.7637],[12.59466,66.76063],[12.61019,66.76949],[12.59332,66.7637]],[[12.33977,66.10719],[12.35943,66.11031],[12.36088,66.11321],[12.33977,66.10719]],[[12.34336,66.13355],[12.40255,66.14541],[12.38934,66.15598],[12.34336,66.13355]],[[12.41817,66.3395],[12.42157,66.33525],[12.43349,66.3433],[12.41817,66.3395]],[[12.5311,66.66328],[12.5324,66.66207],[12.54422,66.66828],[12.5311,66.66328]],[[12.4528,66.75346],[12.46283,66.75133],[12.48993,66.76157],[12.4645,66.75591],[12.4528,66.75346]],[[12.46875,66.13624],[12.496,66.13703],[12.51135,66.14849],[12.46875,66.13624]],[[12.51716,66.02901],[12.53338,66.02407],[12.53819,66.03195],[12.51716,66.02901]],[[12.50987,66.04265],[12.54865,66.0336],[12.58527,66.04818],[12.56614,66.05242],[12.50987,66.04265]],[[12.49393,66.02569],[12.49393,66.02043],[12.50552,66.02707],[12.49393,66.02569]],[[12.59424,65.85057],[12.62971,65.86733],[12.61767,65.8645],[12.62206,65.88178],[12.59424,65.85057]],[[12.58546,65.86221],[12.59639,65.85987],[12.60627,65.87473],[12.58546,65.86221]],[[12.38365,65.74259],[12.48916,65.78176],[12.49153,65.80792],[12.42757,65.78694],[12.38365,65.74259]],[[12.3896,65.84219],[12.39813,65.81669],[12.45587,65.83579],[12.43778,65.82187],[12.45904,65.82174],[12.5049,65.85054],[12.50875,65.86003],[12.4075,65.83237],[12.39872,65.83994],[12.42584,65.85898],[12.40163,65.85567],[12.3896,65.84219]],[[12.30469,65.66629],[12.30692,65.65256],[12.33804,65.64931],[12.44972,65.72664],[12.30469,65.66629]],[[12.38249,65.90281],[12.40369,65.90041],[12.38419,65.88896],[12.39154,65.88056],[12.51641,65.90019],[12.52913,65.89661],[12.42898,65.86048],[12.48207,65.85942],[12.54316,65.90054],[12.71798,65.96882],[12.92873,66.00397],[12.92884,66.02278],[12.89093,66.0209],[12.92397,66.04067],[12.72619,66.01348],[12.61423,65.9803],[12.70265,66.02764],[12.60384,66.02046],[12.52449,65.99351],[12.4563,65.95325],[12.46054,65.92672],[12.41187,65.92438],[12.38249,65.90281]],[[12.39745,65.95792],[12.41749,65.96663],[12.41708,65.96926],[12.39745,65.95792]],[[12.29867,66.02697],[12.30823,66.01385],[12.47226,66.03955],[12.55318,66.05948],[12.58599,66.08555],[12.65235,66.09461],[12.66777,66.10366],[12.65423,66.12301],[12.59799,66.11425],[12.65063,66.13667],[12.62291,66.14838],[12.58447,66.12375],[12.55265,66.13074],[12.62927,66.15682],[12.61653,66.1636],[12.63131,66.18937],[12.59248,66.22699],[12.54935,66.21882],[12.58042,66.21778],[12.54418,66.20968],[12.55296,66.2025],[12.44063,66.19153],[12.4918,66.1921],[12.44458,66.17903],[12.47112,66.17843],[12.42497,66.15383],[12.49382,66.17798],[12.58877,66.17086],[12.54428,66.15947],[12.58799,66.16534],[12.4818,66.12633],[12.50147,66.12038],[12.48545,66.10807],[12.32996,66.08703],[12.33644,66.07203],[12.47252,66.09031],[12.3102,66.03895],[12.32911,66.03272],[12.29867,66.02697]],[[12.27669,65.99834],[12.29193,65.99549],[12.29326,65.96887],[12.35182,65.98567],[12.32471,65.98791],[12.34949,66.00464],[12.3868,66.01325],[12.27669,65.99834]],[[12.26689,66.03616],[12.28454,66.0275],[12.30469,66.03432],[12.29096,66.04107],[12.26689,66.03616]],[[12.24762,66.02478],[12.26023,66.01604],[12.26342,66.02765],[12.24762,66.02478]],[[12.26043,66.1181],[12.32063,66.13948],[12.34774,66.17574],[12.2724,66.13604],[12.28322,66.13109],[12.26043,66.1181]],[[12.21955,66.0273],[12.23341,66.02409],[12.23987,66.03056],[12.21955,66.0273]],[[12.22472,66.05301],[12.25089,66.05729],[12.24767,66.05967],[12.22472,66.05301]],[[12.2603,65.903],[12.28928,65.91476],[12.28297,65.91797],[12.2603,65.903]],[[12.32996,65.83637],[12.34364,65.8363],[12.35027,65.86579],[12.32996,65.83637]],[[12.32005,65.82698],[12.32664,65.81155],[12.34589,65.83132],[12.33623,65.83566],[12.32005,65.82698]],[[12.33292,65.86836],[12.34571,65.87283],[12.3475,65.88105],[12.33292,65.86836]],[[12.2537,65.83748],[12.24933,65.81697],[12.26504,65.83209],[12.2663,65.84685],[12.2537,65.83748]],[[12.23574,65.83694],[12.26545,65.8668],[12.37571,65.93183],[12.34664,65.93702],[12.30469,65.92606],[12.32241,65.92506],[12.30681,65.91338],[12.33205,65.91797],[12.25195,65.87723],[12.26458,65.88151],[12.23574,65.83694]],[[12.25389,65.93423],[12.284,65.94306],[12.30058,65.94936],[12.28114,65.94519],[12.25389,65.93423]],[[12.09112,65.49117],[12.1206,65.49673],[12.1599,65.53148],[12.09112,65.49117]],[[12.12773,65.60941],[12.12682,65.59427],[12.14548,65.59857],[12.17436,65.62102],[12.18514,65.64411],[12.16532,65.64766],[12.12773,65.60941]],[[12.21651,65.96285],[12.23923,65.95718],[12.28857,65.96749],[12.27491,65.99581],[12.21651,65.96285]],[[12.15836,65.85831],[12.16449,65.85058],[12.17652,65.86622],[12.15836,65.85831]],[[12.17062,65.91415],[12.18373,65.91061],[12.17745,65.92444],[12.17062,65.91415]],[[12.18984,66.00941],[12.21516,65.99753],[12.20535,65.97742],[12.24685,65.99347],[12.22423,66.0131],[12.18984,66.00941]],[[12.17464,65.98112],[12.18106,65.9768],[12.19174,65.98519],[12.17464,65.98112]],[[12.30549,66.356],[12.33673,66.35312],[12.37063,66.36927],[12.32316,66.37581],[12.30549,66.356]],[[12.13922,65.90295],[12.15294,65.91395],[12.14484,65.89333],[12.16983,65.90923],[12.1645,65.92463],[12.13922,65.90295]],[[12.25286,66.25623],[12.25215,66.24521],[12.26949,66.25293],[12.25286,66.25623]],[[12.15296,65.986],[12.15594,65.9828],[12.16467,65.9906],[12.15296,65.986]],[[12.10006,65.83538],[12.10011,65.82346],[12.10259,65.82361],[12.10006,65.83538]],[[12.10949,65.91328],[12.12616,65.90705],[12.12811,65.92374],[12.10949,65.91328]],[[12.04759,65.7516],[12.05161,65.75075],[12.06429,65.7595],[12.04759,65.7516]],[[12.20303,66.21028],[12.21468,66.2072],[12.21722,66.21461],[12.20303,66.21028]],[[12.21387,66.24083],[12.21283,66.23738],[12.22671,66.245],[12.21387,66.24083]],[[12.0766,65.90365],[12.08017,65.90349],[12.08585,65.91459],[12.0766,65.90365]],[[12.79651,67.83926],[12.8191,67.83354],[12.8094,67.82628],[12.87345,67.82886],[12.90631,67.85557],[12.8983,67.86376],[13.03298,67.8827],[13.03017,67.90003],[13.0463,67.8968],[13.07723,67.91228],[13.04362,67.9191],[13.08301,67.9152],[13.09648,67.93487],[12.97986,67.94578],[13.02756,67.95876],[13.00796,67.98173],[13.01802,67.99355],[13.06987,67.95106],[13.10958,67.96851],[13.13609,67.94492],[13.18739,67.97598],[13.16878,67.99155],[13.1878,68.00029],[13.16703,68.00577],[13.18101,68.01814],[13.16378,68.02341],[13.16394,68.04532],[13.08526,68.01605],[13.05181,68.03311],[13.17043,68.05961],[13.12234,68.05998],[13.18612,68.08498],[13.19469,68.10184],[13.14022,68.09815],[13.13803,68.11489],[13.07358,68.11214],[13.09462,68.07734],[13.04896,68.07576],[12.98852,68.02559],[12.95652,68.02966],[12.96915,68.01589],[12.94747,68.00879],[12.96772,67.98185],[12.90575,67.96804],[12.90602,67.95657],[12.93822,67.95637],[12.90947,67.95342],[12.88531,67.93549],[12.8978,67.92196],[12.8443,67.90162],[12.86163,67.8931],[12.84351,67.89157],[12.86191,67.87036],[12.82851,67.85924],[12.84536,67.84766],[12.79651,67.83926]],[[12.74236,67.74821],[12.76227,67.73911],[12.76867,67.7584],[12.74236,67.74821]],[[12.00651,65.71792],[12.0136,65.7076],[12.02394,65.70934],[12.00651,65.71792]],[[11.98243,65.79934],[11.99187,65.80002],[11.99216,65.81039],[11.98243,65.79934]],[[12.22148,66.54169],[12.23351,66.53635],[12.24152,66.54634],[12.22148,66.54169]],[[12.21996,66.58544],[12.23214,66.58318],[12.24659,66.58907],[12.22856,66.59206],[12.21996,66.58544]],[[11.9833,66.03084],[11.99398,66.03047],[12.03806,66.06058],[11.99978,66.0512],[11.9833,66.03084]],[[12.14955,66.546],[12.16101,66.54297],[12.1742,66.54454],[12.1636,66.54772],[12.14955,66.546]],[[12.56062,67.64421],[12.59786,67.63128],[12.59766,67.65273],[12.65505,67.65128],[12.65091,67.66246],[12.67005,67.66998],[12.6962,67.65054],[12.69489,67.63833],[12.71087,67.65139],[12.69794,67.66395],[12.72907,67.65462],[12.69726,67.67341],[12.72783,67.69456],[12.70357,67.69515],[12.56062,67.64421]],[[11.85413,65.71934],[11.85339,65.71496],[11.86406,65.71743],[11.85413,65.71934]],[[12.09381,66.49034],[12.10976,66.48563],[12.11618,66.49592],[12.09381,66.49034]],[[11.79396,65.68514],[11.81135,65.68931],[11.80006,65.6937],[11.79396,65.68514]],[[12.0704,66.48687],[12.10275,66.50168],[12.08608,66.50736],[12.0704,66.48687]],[[12.07415,65.47041],[12.09976,65.47416],[12.07787,65.45717],[12.11381,65.46615],[12.15958,65.48674],[12.15833,65.50072],[12.07415,65.47041]],[[12.06122,65.48475],[12.08264,65.4843],[12.08544,65.49451],[12.07631,65.48841],[12.06122,65.48475]],[[12.11508,65.4166],[12.12562,65.4114],[12.12504,65.41835],[12.11508,65.4166]],[[12.03794,65.42034],[12.04777,65.39961],[12.08836,65.42203],[12.07038,65.39488],[12.08906,65.39063],[12.07501,65.38709],[12.10636,65.39492],[12.11457,65.40747],[12.10282,65.41449],[12.12127,65.40639],[12.10661,65.41928],[12.15635,65.46304],[12.17458,65.47196],[12.15896,65.45247],[12.19411,65.47179],[12.15185,65.47962],[12.10287,65.44943],[12.13817,65.4569],[12.10247,65.42783],[12.08961,65.42986],[12.11012,65.44724],[12.03794,65.42034]],[[11.96453,65.21394],[11.98839,65.21107],[12.04213,65.20936],[12.01467,65.24094],[11.96964,65.22837],[11.96453,65.21394]],[[12.00501,65.40154],[12.00561,65.3863],[12.04236,65.40027],[12.02779,65.40341],[12.00501,65.40154]],[[11.94407,65.20121],[11.95821,65.19794],[11.9561,65.20675],[11.94407,65.20121]],[[11.97112,65.33346],[11.99807,65.34968],[11.97483,65.33964],[11.97112,65.33346]],[[12.05036,65.6554],[12.06984,65.6509],[12.0657,65.6597],[12.05036,65.6554]],[[12.04179,65.6675],[12.12096,65.6744],[12.13632,65.68146],[12.12681,65.6947],[12.10194,65.69557],[12.04179,65.6675]],[[11.68029,65.12807],[11.70021,65.12473],[11.72761,65.14111],[11.68029,65.12807]],[[11.74435,65.61115],[11.88376,65.61014],[11.85061,65.59673],[11.86428,65.59309],[11.90707,65.60832],[11.88995,65.58702],[11.90923,65.58956],[12.01142,65.64803],[12.03636,65.66658],[12.03394,65.68108],[12.07997,65.69246],[12.03558,65.68247],[12.01829,65.69946],[12.05048,65.70054],[11.93955,65.71606],[11.87229,65.707],[11.81116,65.68653],[11.78457,65.6413],[11.74435,65.61115]],[[11.80614,65.86475],[11.82924,65.86724],[11.82021,65.87497],[11.80614,65.86475]],[[11.79081,65.88527],[11.79627,65.87943],[11.80404,65.88759],[11.79081,65.88527]],[[11.99997,66.50764],[12.03287,66.50436],[12.02466,66.49286],[12.06393,66.50515],[11.99997,66.50764]],[[11.71309,65.67513],[11.72872,65.65994],[11.74833,65.67355],[11.71309,65.67513]],[[11.52951,64.97106],[11.54153,64.97388],[11.5386,64.97887],[11.52951,64.97106]],[[11.52325,64.98303],[11.53708,64.98177],[11.53816,64.98468],[11.52325,64.98303]],[[11.5084,65.06837],[11.53756,65.08278],[11.51484,65.05866],[11.54145,65.06266],[11.52018,65.04874],[11.58601,65.03826],[11.68736,65.07401],[11.64734,65.05475],[11.66986,65.06361],[11.64584,65.03906],[11.67928,65.04273],[11.71503,65.06335],[11.68286,65.06512],[11.68839,65.075],[11.74533,65.08434],[11.73546,65.09143],[11.7832,65.10733],[11.78682,65.12464],[11.7298,65.10491],[11.71524,65.11136],[11.72121,65.12697],[11.71494,65.11423],[11.57541,65.10881],[11.5084,65.06837]],[[11.76751,65.85926],[11.77968,65.84441],[11.78808,65.85454],[11.76751,65.85926]],[[11.73183,65.8548],[11.7482,65.84922],[11.74274,65.85711],[11.73183,65.8548]],[[11.39992,64.95358],[11.40112,64.93848],[11.46081,64.94906],[11.44753,64.96272],[11.39992,64.95358]],[[11.28495,64.91148],[11.31856,64.91217],[11.3174,64.92404],[11.32977,64.91743],[11.3607,64.93795],[11.36384,64.94868],[11.31177,64.93807],[11.28495,64.91148]],[[11.26586,64.91379],[11.27916,64.91811],[11.27476,64.9237],[11.26586,64.91379]],[[12.06311,67.50481],[12.1262,67.51631],[12.13675,67.52953],[12.09724,67.53459],[12.07299,67.51794],[12.09724,67.52034],[12.06311,67.50481]],[[11.92509,67.45356],[11.94971,67.46305],[11.93785,67.4661],[11.92509,67.45356]],[[11.08863,64.99942],[11.13476,65.0008],[11.15129,64.99926],[11.14749,65.00885],[11.10974,65.02622],[11.08863,64.99942]],[[10.99671,65.00559],[11.03617,65.01834],[11.01755,65.00707],[11.03353,65.00259],[11.07052,65.01413],[11.07964,65.02474],[11.02899,65.01898],[11.02768,65.02954],[10.99671,65.00559]],[[10.95497,64.99218],[10.96592,64.99201],[10.966,64.99313],[10.95497,64.99218]],[[10.90643,64.96588],[10.90817,64.96246],[10.91905,64.9667],[10.90643,64.96588]],[[10.76666,64.91607],[10.78064,64.9207],[10.7695,64.92122],[10.76666,64.91607]],[[10.72024,64.9319],[10.75905,64.94355],[10.76537,64.95157],[10.74658,64.95191],[10.72024,64.9319]],[[10.6706,64.88133],[10.68252,64.88219],[10.68121,64.89021],[10.6706,64.88133]],[[11.29143,64.88544],[11.31444,64.88976],[11.31448,64.90009],[11.29143,64.88544]],[[11.19753,64.83762],[11.25949,64.84363],[11.23669,64.85298],[11.19753,64.83762]],[[11.20705,64.77778],[11.22862,64.77713],[11.22874,64.78093],[11.20705,64.77778]],[[11.20731,64.78715],[11.218,64.78449],[11.23453,64.78698],[11.2182,64.78852],[11.20731,64.78715]],[[11.15716,64.81504],[11.18239,64.81462],[11.2492,64.83693],[11.19874,64.83144],[11.15716,64.81504]],[[11.32085,64.56422],[11.32073,64.56198],[11.33151,64.56247],[11.32085,64.56422]],[[11.15695,64.66081],[11.20052,64.65634],[11.16644,64.64961],[11.16837,64.63715],[11.25,64.63588],[11.31593,64.59434],[11.34254,64.61403],[11.35945,64.67577],[11.29703,64.67974],[11.33232,64.68462],[11.31136,64.69268],[11.15973,64.66694],[11.21199,64.6691],[11.15695,64.66081]],[[11.16432,64.72263],[11.18708,64.7281],[11.19576,64.73612],[11.16432,64.72263]],[[11.15847,64.73042],[11.16797,64.72798],[11.17733,64.73602],[11.15847,64.73042]],[[11.11199,64.74785],[11.13125,64.74764],[11.11994,64.73927],[11.16962,64.75179],[11.11199,64.74785]],[[11.20497,64.48325],[11.21673,64.46426],[11.28525,64.47255],[11.26079,64.47424],[11.27648,64.48285],[11.26789,64.48929],[11.21599,64.48985],[11.20497,64.48325]],[[11.02656,64.6194],[11.03338,64.59829],[11.10757,64.58498],[11.19497,64.59145],[11.22635,64.58509],[11.22254,64.56802],[11.19129,64.5881],[11.13321,64.56463],[11.13568,64.54331],[11.19183,64.50507],[11.28703,64.51218],[11.28484,64.49932],[11.31515,64.47925],[11.38731,64.48705],[11.41387,64.47297],[11.45237,64.52699],[11.37593,64.55084],[11.27218,64.54086],[11.2869,64.58185],[11.23791,64.61086],[11.24534,64.61824],[11.15788,64.6197],[11.1127,64.65111],[11.07566,64.65245],[11.06429,64.6365],[11.03717,64.63657],[11.04723,64.63482],[11.02656,64.6194]],[[11.04881,64.82852],[11.06616,64.83659],[11.0593,64.83848],[11.04881,64.82852]],[[11.02507,64.8747],[11.0477,64.87495],[11.03759,64.86371],[11.06184,64.88277],[11.02507,64.8747]],[[10.97514,64.79236],[10.98487,64.79636],[10.98412,64.80223],[10.97514,64.79236]],[[10.89686,64.56061],[10.89426,64.54953],[10.92834,64.54499],[10.89686,64.56061]],[[10.96105,64.82011],[10.9786,64.81796],[10.98102,64.82019],[10.96105,64.82011]],[[10.86309,64.59853],[10.89227,64.59758],[10.89458,64.61131],[10.86911,64.6093],[10.86309,64.59853]],[[10.90719,64.83204],[10.9224,64.83284],[10.91022,64.83759],[10.90719,64.83204]],[[10.90616,64.85244],[10.91619,64.84379],[10.95588,64.85779],[10.93736,64.8585],[10.90616,64.85244]],[[10.87136,64.7704],[10.88965,64.76777],[10.90344,64.77417],[10.87136,64.7704]],[[10.85234,64.51877],[10.8924,64.51243],[10.86775,64.52909],[10.85234,64.51877]],[[10.77456,64.53395],[10.79191,64.52511],[10.78014,64.51919],[10.84836,64.51524],[10.79351,64.54348],[10.77456,64.53395]],[[10.78129,64.58642],[10.78642,64.57741],[10.80663,64.58995],[10.78129,64.58642]],[[10.83436,64.85228],[10.8331,64.84134],[10.86303,64.8381],[11.01715,64.89306],[11.07947,64.89276],[11.11969,64.91795],[11.09319,64.89178],[11.14982,64.89761],[11.06433,64.86455],[11.05575,64.85165],[11.06905,64.84816],[11.11066,64.85968],[11.05929,64.83029],[11.07691,64.82338],[11.06578,64.82962],[11.09008,64.84637],[11.09956,64.84131],[11.08539,64.8274],[11.13263,64.84251],[11.11531,64.83229],[11.14532,64.82487],[11.26095,64.86869],[11.30901,64.90842],[11.25403,64.9007],[11.25974,64.91068],[11.22892,64.93092],[11.17717,64.92861],[11.23541,64.93648],[11.16523,64.94586],[11.15094,64.96733],[11.11324,64.95963],[11.08239,64.93223],[10.92449,64.89815],[10.90213,64.87456],[10.83436,64.85228]],[[10.69963,64.50047],[10.7303,64.4973],[10.74525,64.50459],[10.72373,64.50811],[10.69963,64.50047]],[[10.66229,64.54279],[10.704,64.53601],[10.71099,64.5506],[10.68205,64.55223],[10.66229,64.54279]],[[10.64951,64.53026],[10.64772,64.52356],[10.65949,64.52494],[10.64951,64.53026]],[[10.69943,64.82138],[10.71178,64.81239],[10.72718,64.8238],[10.69943,64.82138]],[[10.66333,64.85798],[10.76432,64.8843],[10.71792,64.86236],[10.74289,64.85607],[10.70356,64.83743],[10.7678,64.83828],[10.80047,64.85087],[10.7479,64.85023],[10.88617,64.87615],[10.94284,64.91631],[10.95285,64.9073],[11.05148,64.93332],[11.07604,64.95768],[11.16564,64.97897],[11.04204,64.99022],[11.01396,64.97635],[11.07584,64.97979],[11.0126,64.97263],[11.05619,64.97398],[10.98001,64.94956],[10.98484,64.95972],[10.95966,64.95978],[10.8842,64.9297],[10.85004,64.92874],[10.86798,64.93712],[10.85649,64.93809],[10.75537,64.90912],[10.76371,64.90115],[10.73721,64.90812],[10.68731,64.89064],[10.6891,64.87315],[10.66333,64.85798]],[[10.62933,64.86457],[10.6437,64.85608],[10.66964,64.87255],[10.63861,64.87199],[10.65094,64.87003],[10.62933,64.86457]],[[10.58523,64.76483],[10.59489,64.76003],[10.59891,64.76895],[10.58523,64.76483]],[[10.5641,64.84522],[10.56871,64.84038],[10.57536,64.84871],[10.5641,64.84522]],[[10.40253,64.36735],[10.40293,64.36031],[10.42853,64.36503],[10.40253,64.36735]],[[10.91004,64.99294],[10.9601,64.99753],[10.91023,64.99322],[10.91738,65.00355],[10.8363,64.99616],[10.86754,65.00437],[10.83658,65.00902],[10.8209,65.00156],[10.83012,64.9956],[10.75658,64.98247],[10.8151,64.97894],[10.76647,64.97063],[10.79746,64.9704],[10.82352,64.95598],[10.80592,64.94665],[10.82385,64.94405],[10.85677,64.96286],[10.9676,64.9711],[10.94112,64.98337],[10.97107,64.99014],[10.90886,64.98162],[10.93851,64.98971],[10.91004,64.99294]],[[12.56703,65.79341],[12.57789,65.83987],[12.5278,65.81794],[12.54625,65.8118],[12.52403,65.80514],[12.52696,65.78135],[12.55853,65.80692],[12.56703,65.79341]],[[19.02317,70.11216],[19.02676,70.11675],[19.01298,70.12083],[19.02249,70.11254],[19.00656,70.12147],[18.95359,70.12771],[18.99027,70.08971],[19.0429,70.10108],[19.02317,70.11216]],[[14.34246,68.20107],[14.34759,68.19383],[14.37757,68.19063],[14.40723,68.19572],[14.40543,68.21487],[14.46263,68.19878],[14.53753,68.21881],[14.54154,68.24242],[14.55687,68.24133],[14.55719,68.22305],[14.57621,68.24228],[14.67123,68.2396],[14.62831,68.25566],[14.65407,68.2681],[14.66353,68.25044],[14.68132,68.25291],[14.68665,68.27201],[14.62232,68.27928],[14.69517,68.28499],[14.72726,68.3178],[14.68874,68.32568],[14.71819,68.33515],[14.71406,68.35796],[14.74226,68.35338],[14.75601,68.32777],[14.79992,68.32994],[14.7394,68.31334],[14.71546,68.27853],[14.72881,68.27611],[14.72301,68.25793],[14.74301,68.25745],[14.74802,68.27036],[14.96675,68.34054],[14.99143,68.36319],[14.93092,68.36449],[14.99909,68.36763],[14.99609,68.38421],[15.02257,68.3685],[15.0516,68.37282],[15.17292,68.44689],[15.1906,68.47661],[15.05453,68.46248],[15.04001,68.44774],[14.99674,68.45319],[14.99389,68.43599],[14.98676,68.44929],[14.88243,68.45873],[14.90083,68.44907],[14.88249,68.44574],[14.89229,68.43183],[14.86797,68.41088],[14.89644,68.39178],[14.86121,68.39668],[14.77921,68.36891],[14.83976,68.3939],[14.84084,68.4286],[14.87444,68.43063],[14.74697,68.43605],[14.75717,68.44153],[14.74133,68.44971],[14.70141,68.42771],[14.71224,68.38715],[14.68134,68.39828],[14.69955,68.41281],[14.65651,68.43852],[14.52762,68.41653],[14.58686,68.393],[14.56611,68.37483],[14.51941,68.40742],[14.40432,68.38985],[14.39033,68.38274],[14.38846,68.3782],[14.44253,68.37651],[14.42595,68.36451],[14.44996,68.3492],[14.41197,68.34788],[14.4382,68.34357],[14.44864,68.32281],[14.40605,68.32319],[14.43292,68.3024],[14.38992,68.33464],[14.33576,68.34329],[14.30917,68.32011],[14.30834,68.29388],[14.35466,68.27725],[14.27363,68.27413],[14.28408,68.26956],[14.2636,68.26576],[14.26699,68.24785],[14.38613,68.26187],[14.22373,68.23706],[14.20854,68.21569],[14.2335,68.20382],[14.21762,68.18918],[14.2464,68.19272],[14.20935,68.16969],[14.3435,68.17875],[14.35736,68.18866],[14.33721,68.19494],[14.34246,68.20107]]],[[[18.49015,69.23735],[18.48993,69.23924],[18.49126,69.23953],[18.49015,69.23735]]],[[[15.80035,68.03043],[15.80935,68.02998],[15.80749,68.02917],[15.80035,68.03043]]],[[[14.34246,68.20107],[14.33404,68.21295],[14.34629,68.20553],[14.34246,68.20107]]],[[[12.17297,64.95482],[12.3924,64.92452],[12.45499,64.89025],[12.44697,64.88084],[12.37214,64.92113],[12.24002,64.94049],[12.17378,64.9345],[12.19521,64.94463],[12.17297,64.95482]]],[[[11.58844,64.92044],[11.6173,64.93006],[11.58873,64.91927],[11.58844,64.92044]]],[[[12.12402,64.96152],[12.1527,64.96409],[12.17297,64.95482],[12.12402,64.96152]]],[[[12.24016,65.54722],[12.27432,65.56288],[12.24021,65.54703],[12.24016,65.54722]]],[[[13.786,66.15377],[13.79126,66.15653],[13.80615,66.11424],[13.786,66.15377]]],[[[13.79123,66.15663],[13.79135,66.15657],[13.79126,66.15653],[13.79123,66.15663]]],[[[14.54572,67.0168],[14.57641,67.03231],[14.55976,67.01809],[14.5724,67.00946],[14.54572,67.0168]]],[[[14.57641,67.03231],[14.57676,67.03261],[14.57703,67.03262],[14.57641,67.03231]]],[[[13.20244,65.83088],[13.21095,65.82689],[13.21092,65.79983],[13.23989,65.75781],[13.20655,65.79943],[13.20244,65.83088]]],[[[13.18645,65.84461],[13.20244,65.83088],[13.18494,65.83909],[13.18645,65.84461]]],[[[30.11163,69.6866],[30.13087,69.67093],[30.11294,69.6795],[30.11163,69.6866]]],[[[29.39556,69.70152],[29.40401,69.7014],[29.40396,69.69103],[29.39556,69.70152]]],[[[29.40401,69.70235],[29.53679,69.70039],[29.5355,69.69944],[29.40401,69.70235]]],[[[28.43094,70.52476],[28.46539,70.50924],[28.54445,70.50137],[28.48546,70.47144],[28.50474,70.45103],[28.47537,70.45064],[28.44635,70.46449],[28.46846,70.48278],[28.45559,70.51193],[28.42796,70.51713],[28.40388,70.49656],[28.43094,70.52476]]],[[[28.43066,70.52489],[28.43108,70.52491],[28.43094,70.52476],[28.43066,70.52489]]],[[[28.17942,70.37446],[28.2223,70.40775],[28.27315,70.42175],[28.22586,70.40173],[28.21926,70.36858],[28.21042,70.38132],[28.18277,70.37433],[28.19431,70.36264],[28.18465,70.3491],[28.2035,70.33662],[28.17684,70.30609],[28.17861,70.27019],[28.16488,70.26467],[28.1811,70.26293],[28.1645,70.25571],[28.17779,70.25518],[28.17683,70.21388],[28.20048,70.20268],[28.19506,70.18455],[28.21892,70.16726],[28.16395,70.10783],[28.07536,70.06996],[28.01688,70.07046],[28.00003,70.07822],[28.05138,70.07245],[28.15129,70.10775],[28.21059,70.16269],[28.18515,70.1861],[28.19644,70.20101],[28.1642,70.21166],[28.15757,70.23627],[28.17018,70.31041],[28.19385,70.341],[28.17741,70.35281],[28.17942,70.37446]]],[[[28.27315,70.42175],[28.27434,70.42225],[28.27438,70.42209],[28.27315,70.42175]]],[[[15.53468,68.51733],[15.57575,68.50292],[15.57404,68.50201],[15.53468,68.51733]]],[[[17.45193,68.40445],[17.59586,68.38036],[17.57117,68.37328],[17.45193,68.40445]]],[[[17.4185,68.41002],[17.42143,68.4124],[17.45193,68.40445],[17.4185,68.41002]]],[[[15.56269,68.63339],[15.63023,68.61779],[15.57703,68.61282],[15.56269,68.63339]]],[[[15.55515,68.63513],[15.56131,68.63535],[15.56269,68.63339],[15.55515,68.63513]]],[[[14.9519,68.73718],[14.9716,68.72995],[14.96622,68.72726],[14.9519,68.73718]]],[[[19.89528,69.26627],[19.92527,69.26513],[19.92049,69.26223],[19.89528,69.26627]]],[[[19.92527,69.26513],[19.92573,69.26541],[19.92641,69.26509],[19.92527,69.26513]]],[[[17.30105,69.40182],[17.41097,69.38471],[17.40444,69.36494],[17.30105,69.40182]]],[[[17.29835,69.40224],[17.29976,69.40227],[17.30105,69.40182],[17.29835,69.40224]]],[[[10.90924,64.99297],[10.91023,64.99322],[10.91004,64.99294],[10.90924,64.99297]]],[[[10.83012,64.9956],[10.8363,64.99616],[10.83128,64.99485],[10.83012,64.9956]]],[[[12.55828,65.80731],[12.57293,65.81868],[12.55853,65.80692],[12.55828,65.80731]]],[[[14.39493,68.38295],[14.39997,68.38665],[14.40114,68.38323],[14.39493,68.38295]]],[[[19.02249,70.11254],[19.02317,70.11216],[19.02307,70.11203],[19.02249,70.11254]]]]}},{"id":"46","type":"Feature","properties":{"zone_id":"NOS21_OFF","name":"Norway Offshore Node S21","parent_zone":"NOS0_OFF","level":"PEOF","area_km2":31376.48},"geometry":{"type":"MultiPolygon","coordinates":[[[[9.0295,58.58352],[9.03844,58.59697],[9.0092,58.59074],[9.01,58.60086],[9.04003,58.60499],[9.01324,58.61138],[9.02223,58.61873],[9.07579,58.62254],[9.15194,58.65236],[9.15108,58.66543],[9.16704,58.65611],[9.23148,58.68016],[9.19737,58.69607],[9.07198,58.68281],[9.20281,58.6996],[9.24636,58.72588],[9.20675,58.72316],[9.23496,58.73889],[9.10295,58.74329],[9.086,58.73163],[9.20229,58.72167],[9.1185,58.7171],[9.05873,58.72702],[9.10372,58.74485],[9.08258,58.74813],[9.32628,58.74175],[9.45396,58.80818],[9.40518,58.8023],[9.39717,58.81346],[9.46671,58.82766],[9.44161,58.84789],[9.28972,58.83994],[9.30435,58.84749],[9.29403,58.85255],[9.30291,58.88958],[9.32679,58.86671],[9.41986,58.8633],[9.39817,58.8813],[9.42298,58.8807],[9.42193,58.90271],[9.37194,58.8835],[9.37316,58.89622],[9.43581,58.90526],[9.45983,58.88489],[9.4672,58.89508],[9.4533,58.90073],[9.46864,58.90938],[9.47451,58.89748],[9.48009,58.91635],[9.48299,58.87641],[9.44079,58.88139],[9.43306,58.86307],[9.48273,58.86135],[9.43414,58.85655],[9.49082,58.84112],[9.47684,58.85429],[9.51034,58.85362],[9.50052,58.84552],[9.52632,58.83752],[9.51737,58.84403],[9.54148,58.84847],[9.5351,58.85952],[9.55674,58.86281],[9.5184,58.86088],[9.51854,58.8722],[9.48631,58.87602],[9.57105,58.87575],[9.58866,58.88278],[9.55297,58.88355],[9.57174,58.89201],[9.53543,58.89054],[9.56338,58.91301],[9.49795,58.91851],[9.51254,58.92565],[9.46521,58.93736],[9.61416,58.92579],[9.64097,58.95055],[9.62549,58.95596],[9.65329,58.97256],[9.7025,58.97271],[9.65748,58.98984],[9.70643,58.9868],[9.70339,59.00359],[9.71993,59.00864],[9.75334,58.98758],[9.74879,59.01471],[9.71103,59.04275],[9.647,59.0472],[9.62586,59.06287],[9.62802,59.08227],[9.51229,59.12818],[9.58999,59.11673],[9.62566,59.13265],[9.61279,59.12039],[9.65541,59.10113],[9.64369,59.08292],[9.65441,59.0625],[9.69304,59.05021],[9.71035,59.05065],[9.69199,59.07465],[9.69545,59.09782],[9.71646,59.1081],[9.71799,59.06547],[9.73772,59.0611],[9.72001,59.05348],[9.73426,59.04279],[9.7493,59.04572],[9.73875,59.07263],[9.78005,59.03852],[9.80017,59.08973],[9.80057,59.04562],[9.81993,59.03284],[9.80315,59.02784],[9.82882,59.00739],[9.82283,59.03149],[9.83532,59.03789],[9.85661,58.9926],[9.80482,58.97682],[9.85863,58.95768],[9.8671,58.97512],[9.90743,58.96579],[9.92458,58.97685],[9.9627,58.96054],[9.97352,58.98292],[9.98959,58.96846],[10.04151,58.97743],[10.03214,58.98616],[10.04955,59.00516],[10.0339,59.00606],[10.01616,59.0456],[10.0556,59.03798],[10.06999,59.06037],[10.05396,59.03487],[10.07265,59.01481],[10.13454,59.03977],[10.15623,59.0331],[10.12363,59.02386],[10.13296,59.00422],[10.20866,59.02277],[10.2319,59.0418],[10.23413,59.06135],[10.21177,59.07075],[10.23044,59.10086],[10.22323,59.12638],[10.24135,59.1265],[10.22702,59.11633],[10.25386,59.09781],[10.26797,59.0419],[10.28153,59.07745],[10.26622,59.12168],[10.30553,59.05315],[10.31457,59.06998],[10.29996,59.08245],[10.31224,59.08891],[10.27998,59.1385],[10.32425,59.12039],[10.3271,59.14776],[10.30796,59.14756],[10.3322,59.15711],[10.33937,59.21948],[10.35921,59.21243],[10.37631,59.22806],[10.37774,59.27828],[10.40301,59.26784],[10.38515,59.26421],[10.36609,59.17055],[10.43649,59.16344],[10.4719,59.18238],[10.45975,59.1818],[10.4681,59.18999],[10.45321,59.20688],[10.46122,59.23425],[10.47546,59.23642],[10.44412,59.24545],[10.43994,59.23192],[10.43011,59.2692],[10.45861,59.24472],[10.48779,59.26511],[10.50481,59.25465],[10.49242,59.27547],[10.53044,59.31655],[10.49746,59.32296],[10.46131,59.36991],[10.49868,59.43349],[10.47585,59.42243],[10.4414,59.44494],[10.47653,59.43777],[10.48321,59.45045],[10.38315,59.43857],[10.35017,59.48063],[10.33654,59.46987],[10.2305,59.56691],[10.37998,59.52988],[10.40915,59.56244],[10.38956,59.58083],[10.41114,59.59001],[10.41172,59.62179],[10.37363,59.67796],[10.28549,59.70148],[10.24587,59.73165],[9.9544,59.76727],[10.21487,59.73971],[10.26037,59.75087],[10.3173,59.71661],[10.3732,59.71354],[10.39502,59.68954],[10.43009,59.68483],[10.43818,59.66532],[10.42855,59.64245],[10.44046,59.62273],[10.4132,59.61665],[10.44045,59.60757],[10.41512,59.52908],[10.51207,59.5201],[10.61842,59.56988],[10.61782,59.59484],[10.60324,59.66224],[10.53482,59.67785],[10.51836,59.69623],[10.51643,59.76149],[10.49874,59.76265],[10.50437,59.80279],[10.47764,59.82028],[10.51512,59.83991],[10.47219,59.83666],[10.54552,59.86919],[10.50409,59.87583],[10.54091,59.88169],[10.53226,59.89031],[10.61354,59.90395],[10.59177,59.89353],[10.61328,59.89002],[10.59476,59.88047],[10.60623,59.87404],[10.67189,59.91914],[10.66283,59.90232],[10.67734,59.89411],[10.70198,59.90361],[10.68932,59.91758],[10.75964,59.90655],[10.74545,59.88686],[10.76718,59.8836],[10.74058,59.86311],[10.76427,59.86417],[10.76361,59.87771],[10.78352,59.86124],[10.73578,59.80273],[10.72859,59.72186],[10.71262,59.71762],[10.72582,59.7285],[10.69321,59.84354],[10.66294,59.8694],[10.58059,59.76218],[10.61121,59.68506],[10.64102,59.70406],[10.61975,59.67299],[10.65227,59.61686],[10.64737,59.5587],[10.66871,59.52219],[10.68819,59.52692],[10.68876,59.48199],[10.66808,59.4421],[10.64739,59.43795],[10.67618,59.48621],[10.6461,59.50928],[10.65122,59.49174],[10.62486,59.47927],[10.63423,59.46611],[10.58861,59.43694],[10.58697,59.42036],[10.65679,59.42771],[10.65011,59.37695],[10.67397,59.36021],[10.65662,59.35357],[10.65672,59.33662],[10.68374,59.32474],[10.69113,59.30031],[10.73606,59.34453],[10.75261,59.34283],[10.75371,59.3201],[10.71933,59.31808],[10.72298,59.3036],[10.79769,59.32186],[10.72608,59.27424],[10.74759,59.2697],[10.74058,59.25432],[10.72716,59.26094],[10.72989,59.2278],[10.79028,59.26118],[10.76295,59.23585],[10.80641,59.20642],[10.78891,59.18848],[10.82191,59.1853],[10.82759,59.15071],[10.86062,59.17118],[10.85731,59.18731],[10.86948,59.17792],[10.91699,59.22196],[10.92423,59.21443],[10.88067,59.17697],[10.89926,59.18421],[10.89638,59.16865],[10.9161,59.16843],[10.89419,59.16465],[10.91184,59.15611],[10.90541,59.13716],[10.93791,59.13771],[10.94938,59.15276],[10.94711,59.19419],[10.97081,59.17044],[10.98065,59.18858],[11.01887,59.18454],[11.00149,59.16714],[11.01912,59.16353],[11.00658,59.14609],[11.04102,59.15828],[11.03093,59.13006],[11.07091,59.13917],[11.07337,59.1226],[11.11034,59.14331],[11.08252,59.1856],[11.11087,59.17155],[11.13254,59.13235],[11.15726,59.14651],[11.13392,59.15304],[11.16731,59.16132],[11.14144,59.19601],[11.18472,59.19599],[11.17249,59.1558],[11.21352,59.14711],[11.17467,59.13993],[11.18241,59.11776],[11.21384,59.11712],[11.19892,59.09221],[11.30687,59.10745],[11.22251,59.08545],[11.16733,59.09544],[11.12762,59.07143],[11.11942,59.01835],[11.07579,58.97964],[10.91668,58.94249],[10.88459,58.94807],[10.64028,58.89278],[10.26814,58.77569],[10.59444,58.76147],[10.14636,58.51144],[10.03003,58.26144],[9.38333,57.98833],[8.89698,57.70182],[6.25298,57.68096],[4.45705,58.5788],[4.14577,59.68856],[5.15876,59.66225],[5.15066,59.65387],[5.16735,59.62635],[5.18393,59.62881],[5.16443,59.61474],[5.18555,59.61201],[5.17047,59.59348],[5.1949,59.59478],[5.17819,59.58892],[5.18492,59.574],[5.24959,59.60198],[5.24507,59.6124],[5.2178,59.60381],[5.24953,59.61861],[5.22856,59.61537],[5.24918,59.62506],[5.22713,59.64604],[5.25305,59.65941],[5.45108,59.6506],[5.43273,59.63875],[5.46447,59.63244],[5.47099,59.61425],[5.44925,59.60484],[5.45767,59.61941],[5.41347,59.62264],[5.40741,59.65231],[5.37183,59.64591],[5.37153,59.63303],[5.31619,59.61965],[5.31758,59.59753],[5.28974,59.58892],[5.28491,59.56276],[5.24708,59.5566],[5.22419,59.5273],[5.27269,59.51412],[5.22746,59.5134],[5.24315,59.50988],[5.22173,59.5007],[5.22389,59.47891],[5.23921,59.47497],[5.22858,59.46859],[5.24848,59.46869],[5.23359,59.465],[5.23598,59.43521],[5.34567,59.32832],[5.33584,59.29593],[5.35312,59.26833],[5.38355,59.2841],[5.38141,59.29889],[5.36408,59.2907],[5.38253,59.31929],[5.36659,59.33429],[5.36528,59.37544],[5.37993,59.42006],[5.40541,59.38368],[5.38164,59.37253],[5.40838,59.33952],[5.38927,59.33581],[5.3996,59.30121],[5.42787,59.29525],[5.42895,59.28038],[5.45718,59.29462],[5.45424,59.3144],[5.47469,59.2749],[5.51541,59.26902],[5.55834,59.27497],[5.61347,59.32853],[5.60964,59.37836],[5.6233,59.39465],[5.58254,59.40918],[5.61925,59.40694],[5.62311,59.42723],[5.65273,59.35515],[5.64015,59.37206],[5.62472,59.37281],[5.63585,59.36807],[5.62345,59.33908],[5.65517,59.34921],[5.6871,59.32858],[5.64472,59.32181],[5.63875,59.28631],[5.64988,59.28446],[5.6272,59.26862],[5.64767,59.26022],[5.67568,59.26582],[5.67709,59.28362],[5.6582,59.27295],[5.65614,59.28613],[5.74834,59.32782],[5.74331,59.34281],[5.79047,59.32402],[5.80388,59.34781],[5.82527,59.32939],[5.8917,59.35],[5.89649,59.38135],[5.86144,59.40044],[5.84276,59.4366],[5.67086,59.39429],[5.75301,59.43077],[5.73362,59.47528],[5.76827,59.43446],[5.85477,59.46332],[5.85147,59.48643],[5.80932,59.51774],[5.8401,59.52289],[5.85279,59.54314],[5.86978,59.5393],[5.86608,59.51114],[5.89884,59.4943],[5.88402,59.48125],[5.90011,59.47493],[6.19785,59.47913],[6.01283,59.44547],[5.9142,59.45002],[5.92588,59.43654],[5.91312,59.43092],[5.91664,59.40179],[5.94161,59.36147],[5.97738,59.35184],[5.98273,59.36926],[6.02021,59.37921],[6.01867,59.40195],[6.04453,59.39482],[6.11932,59.40488],[6.12143,59.41867],[6.15662,59.42606],[6.21781,59.47273],[6.20837,59.50105],[6.2518,59.52075],[6.27111,59.55898],[6.30613,59.57553],[6.28806,59.59837],[6.30724,59.63878],[6.36553,59.63963],[6.32813,59.62388],[6.33051,59.58385],[6.29336,59.55974],[6.26916,59.517],[6.43851,59.55686],[6.60061,59.55923],[6.46283,59.54861],[6.27043,59.50618],[6.24648,59.49317],[6.25507,59.46861],[6.21233,59.41058],[6.21407,59.44499],[6.17612,59.42079],[6.1825,59.43154],[6.13297,59.41618],[6.13185,59.40127],[6.04819,59.37909],[6.01983,59.34116],[6.08481,59.32568],[6.0922,59.34452],[6.08115,59.34512],[6.10236,59.36099],[6.1007,59.32166],[6.17017,59.31458],[6.20095,59.34399],[6.2123,59.34109],[6.18733,59.31739],[6.23057,59.32352],[6.21997,59.38904],[6.24325,59.33647],[6.29036,59.31797],[6.2665,59.31792],[6.27434,59.29804],[6.24396,59.31441],[6.12203,59.30688],[6.11915,59.28649],[6.15667,59.26036],[6.37533,59.32182],[6.5579,59.32132],[6.42165,59.31395],[6.32605,59.28815],[6.33058,59.2712],[6.30496,59.28147],[6.19007,59.25737],[6.1764,59.23523],[6.10104,59.22065],[6.08414,59.20661],[6.09812,59.19859],[6.06893,59.19346],[6.02324,59.14788],[6.17355,59.13964],[6.08966,59.14005],[6.09586,59.13048],[6.06439,59.13389],[6.02887,59.11475],[5.97462,59.12094],[5.89195,59.08574],[5.88991,59.07095],[5.9501,59.02225],[6.02424,59.02255],[6.07903,58.9966],[6.08887,58.98457],[6.05248,58.9993],[5.99552,58.9711],[6.02598,58.93083],[6.04823,58.93041],[6.0732,58.90361],[6.10038,58.94253],[6.26585,59.0125],[6.64676,59.05153],[6.28082,58.99949],[6.13316,58.94927],[6.08522,58.90053],[6.11665,58.87529],[6.17513,58.84813],[6.27917,58.84592],[6.17678,58.83503],[6.12122,58.85155],[6.05784,58.89449],[5.9664,58.90359],[5.97843,58.93746],[5.89294,58.96789],[5.85326,58.95613],[5.84875,58.93081],[5.78657,58.93924],[5.77403,58.8827],[5.74361,58.85172],[5.75184,58.89829],[5.73533,58.90984],[5.75602,58.92963],[5.74607,58.95329],[5.76973,58.96499],[5.72562,58.97575],[5.70193,58.99114],[5.58001,59.0364],[5.59245,59.02102],[5.56226,59.01486],[5.56434,58.98085],[5.60736,58.98488],[5.59718,58.96149],[5.625,58.95508],[5.64037,58.93124],[5.66972,58.9415],[5.68536,58.92817],[5.63463,58.89575],[5.61606,58.90691],[5.63644,58.92966],[5.61645,58.9349],[5.62796,58.93851],[5.60988,58.95716],[5.57595,58.95817],[5.57051,58.93262],[5.60437,58.92548],[5.57319,58.92472],[5.58934,58.91182],[5.57762,58.89961],[5.60385,58.88267],[5.55336,58.86599],[5.54618,58.85088],[5.56041,58.84038],[5.53751,58.82169],[5.54611,58.795],[5.48751,58.75202],[5.55138,58.69013],[5.53786,58.68284],[5.55053,58.65747],[5.58607,58.64009],[5.6678,58.54918],[5.77136,58.52878],[5.7946,58.51497],[5.78912,58.49141],[5.87502,58.47873],[5.86031,58.47284],[5.87558,58.46419],[5.98155,58.46659],[5.89856,58.46113],[5.86504,58.44066],[5.87374,58.42299],[5.90403,58.42587],[5.91469,58.45706],[5.9451,58.42031],[5.98048,58.40811],[5.9913,58.41946],[5.9831,58.45857],[5.99496,58.41955],[6.05168,58.37419],[6.06539,58.38362],[6.11083,58.35552],[6.29729,58.31285],[6.3514,58.32519],[6.32726,58.31069],[6.33217,58.29077],[6.53182,58.24771],[6.66668,58.23833],[6.67848,58.24883],[6.64957,58.26268],[6.65484,58.29454],[6.67189,58.28082],[6.65732,58.26227],[6.68229,58.26269],[6.71903,58.21974],[6.81552,58.26161],[6.9226,58.28589],[6.67686,58.19388],[6.6891,58.1786],[6.62063,58.17852],[6.59597,58.13161],[6.55133,58.11681],[6.6327,58.06765],[6.76926,58.07119],[6.79629,58.05508],[6.79368,58.06532],[6.82107,58.06433],[6.81351,58.07412],[6.82938,58.06968],[6.79071,58.08201],[6.81407,58.09509],[6.91322,58.08138],[6.84462,58.07967],[6.87972,58.05794],[6.88905,58.07281],[6.92588,58.07242],[6.92731,58.08055],[6.962,58.08229],[6.9331,58.0585],[6.96166,58.04761],[7.05096,58.122],[7.05875,58.11338],[7.01381,58.08559],[7.01014,58.06187],[6.97427,58.04589],[6.98048,58.02278],[7.01343,58.03261],[6.97948,58.01887],[6.98508,58.00849],[7.0238,58.01335],[7.01741,58.035],[7.10221,58.07771],[7.14376,58.07068],[7.04425,58.02835],[7.02768,57.99678],[7.04686,57.98087],[7.11146,58.00627],[7.10646,58.03956],[7.12001,58.02508],[7.1409,58.04267],[7.13839,58.02606],[7.15506,58.04458],[7.17739,58.04235],[7.18011,58.05748],[7.20097,58.04894],[7.19781,58.02676],[7.24842,58.05019],[7.26746,58.02569],[7.28267,58.06394],[7.27616,58.02552],[7.29782,58.03928],[7.32013,58.02581],[7.32013,58.04516],[7.40456,58.00725],[7.42647,58.01096],[7.40243,58.0121],[7.39567,58.02021],[7.42334,58.02127],[7.44158,58.01064],[7.50251,58.01867],[7.51084,58.00296],[7.49708,57.99089],[7.52965,57.97345],[7.55037,57.9914],[7.51858,58.00657],[7.596,58.00044],[7.63617,58.00923],[7.61335,58.01522],[7.63153,58.02078],[7.66899,58.01174],[7.65278,58.02402],[7.67607,58.02011],[7.68202,58.038],[7.66292,58.04299],[7.70899,58.0506],[7.6937,58.07064],[7.71438,58.04763],[7.78538,58.07982],[7.7851,58.06687],[7.81727,58.07724],[7.83812,58.06207],[7.84379,58.07535],[7.91107,58.06968],[7.93357,58.09443],[7.94452,58.07678],[7.96756,58.08307],[7.99416,58.11029],[7.95438,58.11372],[7.97902,58.12652],[7.96808,58.13589],[7.98663,58.14438],[8.01085,58.13014],[8.00104,58.14205],[8.03633,58.14457],[8.03011,58.15304],[8.05053,58.16193],[8.03647,58.19741],[8.05423,58.20491],[8.0316,58.2356],[8.07293,58.19522],[8.09012,58.19887],[8.07168,58.17457],[8.08839,58.16697],[8.04719,58.14967],[8.06096,58.13385],[8.07522,58.14101],[8.0624,58.11896],[8.08725,58.13362],[8.08757,58.12179],[8.14679,58.10408],[8.16737,58.1189],[8.14921,58.12822],[8.18348,58.13317],[8.18963,58.16486],[8.20679,58.16342],[8.19174,58.14656],[8.21027,58.14331],[8.19967,58.1191],[8.2129,58.108],[8.21072,58.12466],[8.22842,58.11758],[8.25912,58.13306],[8.23806,58.15467],[8.28428,58.14963],[8.2932,58.15451],[8.27207,58.15532],[8.27332,58.17403],[8.30144,58.17213],[8.30005,58.18439],[8.28445,58.18096],[8.30241,58.199],[8.28454,58.1919],[8.25329,58.20829],[8.30054,58.20029],[8.28854,58.21456],[8.33968,58.21846],[8.32255,58.20404],[8.37086,58.19361],[8.39188,58.21763],[8.37933,58.22838],[8.39561,58.23647],[8.34972,58.23396],[8.39166,58.25591],[8.41304,58.23633],[8.43581,58.24261],[8.42753,58.26624],[8.41081,58.26634],[8.43565,58.2885],[8.43538,58.26388],[8.46861,58.26127],[8.43723,58.25223],[8.52014,58.26838],[8.49162,58.25134],[8.52698,58.24961],[8.50951,58.2576],[8.53793,58.28503],[8.50646,58.28013],[8.5234,58.28917],[8.51339,58.30179],[8.52869,58.2902],[8.55236,58.30015],[8.54612,58.3125],[8.56754,58.30814],[8.61357,58.36323],[8.6003,58.33496],[8.61891,58.33014],[8.67439,58.3569],[8.66859,58.37124],[8.70928,58.37485],[8.72831,58.39341],[8.70355,58.39264],[8.70862,58.40391],[8.75402,58.42494],[8.78055,58.42062],[8.78176,58.44152],[8.75875,58.45544],[8.88673,58.4981],[8.90114,58.51204],[8.88144,58.50683],[8.89796,58.51669],[8.88674,58.52359],[8.91996,58.50954],[8.96956,58.5286],[8.99263,58.5496],[8.97699,58.55098],[9.00419,58.56078],[8.97473,58.58492],[8.96658,58.55436],[8.96846,58.59503],[8.94299,58.59253],[8.93361,58.62076],[8.95479,58.62523],[8.94518,58.61101],[8.96122,58.6023],[8.9502,58.59776],[8.97113,58.6039],[8.98888,58.58408],[9.00192,58.5931],[8.99564,58.5726],[9.01824,58.56656],[9.02749,58.58048],[9.04043,58.57523],[9.09445,58.60006],[9.04405,58.59809],[9.0295,58.58352]],[[8.25318,58.14522],[8.26418,58.14999],[8.25236,58.14691],[8.25318,58.14522]],[[8.34001,58.19643],[8.31695,58.19853],[8.34421,58.1946],[8.34001,58.19643]],[[11.11787,59.10632],[11.13921,59.10009],[11.1458,59.11713],[11.12872,59.12032],[11.11787,59.10632]],[[11.07834,59.02931],[11.11172,59.03639],[11.11546,59.04918],[11.10223,59.04995],[11.07834,59.02931]],[[11.05732,59.01181],[11.08077,58.99482],[11.11027,59.02397],[11.05732,59.01181]],[[11.03214,59.00603],[11.03501,58.99118],[11.05689,58.98753],[11.05737,59.00381],[11.03214,59.00603]],[[10.9864,59.08107],[10.99619,59.06249],[10.98837,59.03077],[11.01314,59.03185],[11.02477,59.01593],[11.06201,59.0353],[11.03859,59.04539],[11.08281,59.05202],[11.08676,59.08231],[11.05959,59.09149],[11.04707,59.07914],[11.07862,59.07195],[11.04515,59.07465],[11.03927,59.0942],[11.00343,59.09461],[10.9864,59.08107]],[[10.97572,59.05957],[10.99034,59.05625],[10.98943,59.06591],[10.97572,59.05957]],[[10.95012,59.09674],[10.95854,59.09792],[10.96051,59.11094],[10.95012,59.09674]],[[10.93812,59.13529],[10.9513,59.12991],[10.95753,59.14592],[10.93812,59.13529]],[[10.92808,59.1211],[10.94266,59.11672],[10.9357,59.1294],[10.92808,59.1211]],[[10.87674,59.05695],[10.88407,59.03757],[10.89612,59.04394],[10.87674,59.05695]],[[10.82887,59.09722],[10.84353,59.09523],[10.85046,59.07117],[10.89073,59.07602],[10.90444,59.05889],[10.93433,59.07778],[10.91459,59.05541],[10.94468,59.03037],[10.96624,59.0391],[10.95905,59.0569],[10.97033,59.09007],[10.93613,59.07801],[10.9484,59.10254],[10.9199,59.09919],[10.90898,59.12101],[10.8775,59.10746],[10.85521,59.12702],[10.82887,59.09722]],[[10.75687,59.21239],[10.78186,59.19801],[10.79465,59.20933],[10.76312,59.22476],[10.75687,59.21239]],[[10.68331,59.22838],[10.70624,59.21258],[10.69921,59.25136],[10.68331,59.22838]],[[10.53901,59.21175],[10.57601,59.19562],[10.56512,59.21098],[10.53901,59.21175]],[[10.54949,59.71763],[10.56677,59.68376],[10.59681,59.67425],[10.56135,59.70494],[10.56968,59.71843],[10.54949,59.71763]],[[10.55502,59.86928],[10.56488,59.85778],[10.5928,59.86653],[10.58542,59.88088],[10.55502,59.86928]],[[10.52647,59.85786],[10.52827,59.84714],[10.55458,59.86114],[10.52647,59.85786]],[[10.50566,59.19489],[10.519,59.19437],[10.50815,59.20375],[10.50566,59.19489]],[[10.51318,59.37704],[10.53568,59.36607],[10.53907,59.38436],[10.51703,59.39228],[10.51318,59.37704]],[[10.36232,59.5031],[10.39964,59.48137],[10.3971,59.48716],[10.36232,59.5031]],[[10.47377,59.10323],[10.487,59.09445],[10.48398,59.10753],[10.47377,59.10323]],[[10.49777,59.25048],[10.49865,59.24531],[10.51052,59.24718],[10.49777,59.25048]],[[10.46179,59.20853],[10.47194,59.19516],[10.47644,59.20604],[10.46179,59.20853]],[[10.4206,59.10037],[10.4297,59.06661],[10.45069,59.06401],[10.44856,59.09145],[10.43152,59.0864],[10.4312,59.11958],[10.4206,59.10037]],[[10.37487,59.15739],[10.38722,59.14188],[10.37883,59.10324],[10.39856,59.09337],[10.39135,59.06876],[10.40565,59.05318],[10.42575,59.07072],[10.40704,59.0973],[10.43662,59.13123],[10.41516,59.13159],[10.41606,59.14356],[10.44638,59.1458],[10.44507,59.15788],[10.37487,59.15739]],[[10.34939,59.12093],[10.35787,59.11224],[10.3643,59.12679],[10.34939,59.12093]],[[10.33433,59.14312],[10.35414,59.14877],[10.35926,59.135],[10.36151,59.16449],[10.33975,59.15962],[10.33433,59.14312]],[[10.08429,59.01006],[10.10135,59.0037],[10.10438,59.02013],[10.08429,59.01006]],[[9.88268,58.95855],[9.89949,58.95706],[9.88736,58.96143],[9.88268,58.95855]],[[9.78555,59.00845],[9.7975,58.992],[9.81723,58.9989],[9.78555,59.00845]],[[9.74577,59.0402],[9.74819,59.02913],[9.77841,59.01538],[9.77584,59.02816],[9.74577,59.0402]],[[9.63818,58.8961],[9.65389,58.89704],[9.66741,58.90671],[9.65245,58.90416],[9.63818,58.8961]],[[9.63119,58.94051],[9.64783,58.94029],[9.64262,58.9503],[9.63119,58.94051]],[[9.56798,58.89668],[9.59204,58.8904],[9.60877,58.91176],[9.59731,58.91068],[9.56798,58.89668]],[[9.55038,58.83413],[9.61074,58.8724],[9.61284,58.88894],[9.58958,58.86397],[9.55038,58.83413]],[[9.25043,58.71766],[9.25873,58.71804],[9.27756,58.7288],[9.26282,58.73062],[9.25043,58.71766]],[[9.19948,58.6982],[9.21656,58.69453],[9.21949,58.69875],[9.19948,58.6982]],[[9.05598,58.6053],[9.14532,58.6334],[9.11062,58.63501],[9.05598,58.6053]],[[8.77952,58.45807],[8.78814,58.43609],[8.83771,58.44812],[8.82288,58.43254],[8.89782,58.46208],[8.87064,58.46725],[8.94644,58.50671],[8.77952,58.45807]],[[8.64008,58.33455],[8.65229,58.33022],[8.66436,58.34513],[8.64008,58.33455]],[[8.1024,58.11389],[8.10008,58.09846],[8.1155,58.08792],[8.12155,58.10494],[8.1024,58.11389]],[[7.96414,58.06322],[8.00565,58.06068],[8.01668,58.06729],[8.00301,58.0802],[8.02396,58.0749],[7.99381,58.09239],[7.96414,58.06322]],[[7.72179,58.01376],[7.73438,58.01116],[7.72777,58.02411],[7.72179,58.01376]],[[7.68168,58.02398],[7.69092,58.01673],[7.69761,58.02566],[7.68168,58.02398]],[[7.60045,57.97561],[7.61159,57.96799],[7.61304,57.98137],[7.60045,57.97561]],[[7.56746,57.98729],[7.58534,57.97804],[7.59432,57.98693],[7.56746,57.98729]],[[7.55808,57.99896],[7.56615,57.9875],[7.60655,57.98985],[7.58286,57.99967],[7.55808,57.99896]],[[7.54645,57.96799],[7.57102,57.9593],[7.56438,57.97497],[7.54645,57.96799]],[[7.3254,58.0205],[7.34946,58.00308],[7.32316,57.99666],[7.34496,57.98702],[7.35308,58.00165],[7.38794,57.99177],[7.35194,58.02084],[7.3254,58.0205]],[[7.2165,58.02413],[7.23928,58.02536],[7.21791,58.03066],[7.2165,58.02413]],[[7.19322,57.99651],[7.21031,57.99725],[7.20666,58.00286],[7.19322,57.99651]],[[7.17092,58.02515],[7.18907,58.02635],[7.18102,58.03372],[7.17092,58.02515]],[[6.98749,58.00567],[6.99639,57.99541],[7.00348,58.00781],[6.98749,58.00567]],[[6.90973,58.04416],[6.93314,58.03889],[6.92503,58.04844],[6.90973,58.04416]],[[6.90499,58.06541],[6.91433,58.05843],[6.92826,58.06075],[6.90499,58.06541]],[[6.6475,58.202],[6.67969,58.21122],[6.68381,58.22585],[6.66832,58.23362],[6.6475,58.202]],[[6.49846,58.23145],[6.50804,58.22088],[6.56836,58.21962],[6.6302,58.19533],[6.62961,58.22973],[6.52752,58.2453],[6.51677,58.23538],[6.53342,58.23139],[6.49846,58.23145]],[[5.97416,58.9881],[5.98201,58.96962],[6.00336,58.98146],[5.99165,58.99159],[5.97416,58.9881]],[[5.90493,58.99304],[5.9442,58.97482],[5.96686,58.97558],[5.95566,58.98743],[5.90493,58.99304]],[[5.88534,59.0239],[5.90054,59.01677],[5.89624,59.02653],[5.88534,59.0239]],[[5.95453,59.33879],[5.96505,59.33103],[5.98385,59.33891],[5.95453,59.33879]],[[5.98979,59.2033],[6.01885,59.19686],[5.99027,59.18574],[6.00599,59.17198],[6.09623,59.21829],[6.09566,59.23381],[5.99919,59.21697],[5.98979,59.2033]],[[5.92967,59.17205],[5.94211,59.15848],[5.95725,59.16799],[5.92967,59.17205]],[[5.92033,59.20236],[5.97377,59.1765],[5.9733,59.19149],[5.9336,59.20858],[5.92033,59.20236]],[[5.92371,59.27376],[5.92777,59.23164],[5.99325,59.2299],[6.09355,59.25038],[6.10527,59.26724],[6.0557,59.29702],[5.97574,59.29238],[5.92371,59.27376]],[[5.8752,59.12487],[5.89161,59.11522],[5.94864,59.13323],[5.94027,59.14714],[5.90606,59.15547],[5.89975,59.13114],[5.8752,59.12487]],[[5.87782,59.23828],[5.89417,59.226],[5.90068,59.23828],[5.87782,59.23828]],[[5.83866,59.24553],[5.87761,59.25134],[5.88372,59.27046],[5.85441,59.27297],[5.83866,59.24553]],[[5.78212,59.25544],[5.79067,59.24439],[5.83321,59.24333],[5.81392,59.24386],[5.84078,59.25857],[5.83372,59.27037],[5.78212,59.25544]],[[5.81132,59.10993],[5.83778,59.09966],[5.86006,59.10967],[5.81132,59.10993]],[[5.81675,59.03907],[5.83471,59.0391],[5.82197,59.05307],[5.81675,59.03907]],[[5.80277,58.95274],[5.82616,58.93728],[5.83891,58.946],[5.83949,58.96382],[5.80277,58.95274]],[[5.80239,59.08922],[5.81225,59.07778],[5.82672,59.08112],[5.80239,59.08922]],[[5.78064,58.99534],[5.79384,58.98872],[5.78901,59.00511],[5.78064,58.99534]],[[5.77155,59.17399],[5.7779,59.14589],[5.84236,59.13995],[5.87834,59.16473],[5.87436,59.18678],[5.83297,59.20047],[5.80912,59.1916],[5.80563,59.16728],[5.77155,59.17399]],[[5.56477,59.12352],[5.57535,59.1153],[5.70084,59.09749],[5.75619,59.06749],[5.78228,59.07647],[5.78006,59.10206],[5.74515,59.12519],[5.70011,59.11601],[5.60735,59.14373],[5.56477,59.12352]],[[5.71014,59.00235],[5.74807,58.97496],[5.75315,58.99584],[5.77147,58.9859],[5.74733,59.01194],[5.71014,59.00235]],[[5.62466,59.05265],[5.64053,59.03172],[5.66961,59.04462],[5.70509,59.03101],[5.77624,59.04203],[5.70368,59.03847],[5.67631,59.05671],[5.63873,59.05452],[5.66601,59.04427],[5.62466,59.05265]],[[5.5594,59.10093],[5.5788,59.08263],[5.59772,59.09007],[5.58762,59.1012],[5.62087,59.07275],[5.67531,59.07641],[5.66518,59.0644],[5.69582,59.05745],[5.70135,59.07249],[5.65419,59.09351],[5.59064,59.10877],[5.5594,59.10093]],[[5.48949,58.91732],[5.50386,58.90929],[5.52519,58.91776],[5.50805,58.91911],[5.48949,58.91732]],[[5.45193,59.24846],[5.48481,59.20792],[5.51146,59.21804],[5.47209,59.24962],[5.45193,59.24846]],[[5.44997,59.26297],[5.46669,59.25382],[5.48321,59.25364],[5.47236,59.2729],[5.44997,59.26297]],[[5.38979,59.28139],[5.40868,59.27602],[5.40102,59.26733],[5.41686,59.275],[5.40068,59.28811],[5.38979,59.28139]],[[5.38629,59.0625],[5.4091,59.05771],[5.38928,59.05578],[5.40089,59.04857],[5.4408,59.06147],[5.42442,59.075],[5.39294,59.07336],[5.38629,59.0625]],[[5.37276,59.20203],[5.3955,59.19536],[5.37338,59.18802],[5.39149,59.15882],[5.40767,59.16195],[5.39248,59.17423],[5.40732,59.18412],[5.43406,59.17416],[5.4359,59.15883],[5.47363,59.18471],[5.45654,59.22451],[5.38823,59.24622],[5.37569,59.22643],[5.37276,59.20203]],[[5.16839,59.22659],[5.17935,59.17649],[5.19613,59.17059],[5.19552,59.14477],[5.2216,59.15173],[5.24666,59.13729],[5.27808,59.13806],[5.27656,59.15041],[5.29834,59.14052],[5.31289,59.16433],[5.33062,59.2711],[5.28942,59.30595],[5.32626,59.31147],[5.28027,59.33629],[5.31641,59.33375],[5.29044,59.343],[5.31099,59.35283],[5.28021,59.35906],[5.29604,59.37309],[5.25674,59.40448],[5.22333,59.41647],[5.23239,59.39979],[5.21127,59.39134],[5.23106,59.3607],[5.2081,59.36224],[5.2193,59.34668],[5.18579,59.35439],[5.196,59.32355],[5.22845,59.29926],[5.18873,59.29872],[5.20894,59.28816],[5.17824,59.28391],[5.19094,59.26811],[5.17335,59.25431],[5.19617,59.24933],[5.16839,59.22659]],[[5.17124,59.37175],[5.18647,59.37012],[5.17184,59.3734],[5.17124,59.37175]],[[5.14128,59.37245],[5.18738,59.37687],[5.15735,59.40348],[5.14128,59.37245]],[[5.14676,59.63031],[5.15612,59.62364],[5.15056,59.64385],[5.14676,59.63031]],[[5.13964,59.59615],[5.14028,59.57934],[5.15866,59.59721],[5.13964,59.59615]],[[5.07697,59.44905],[5.07941,59.42915],[5.12485,59.43539],[5.07697,59.44905]],[[4.85504,59.30432],[4.89826,59.29076],[4.91071,59.31635],[4.87635,59.31946],[4.85504,59.30432]]],[[[7.4098,58.02916],[7.42583,58.02136],[7.42334,58.02127],[7.4098,58.02916]]],[[[6.92607,58.08049],[6.92753,58.08183],[6.92731,58.08055],[6.92607,58.08049]]],[[[6.92753,58.08183],[6.92951,58.09306],[6.95414,58.10619],[6.92753,58.08183]]],[[[11.34265,59.11248],[11.37403,59.11688],[11.40969,59.07068],[11.40689,59.05449],[11.43346,59.06328],[11.41846,59.03932],[11.47652,58.98426],[11.41393,59.03684],[11.36666,59.10345],[11.34265,59.11248]]],[[[11.30687,59.10745],[11.33592,59.11501],[11.34265,59.11248],[11.30687,59.10745]]],[[[9.02676,58.58078],[9.0295,58.58352],[9.02749,58.58048],[9.02676,58.58078]]],[[[9.48299,58.87641],[9.48631,58.87602],[9.48302,58.87603],[9.48299,58.87641]]],[[[5.65273,59.35515],[5.65677,59.34972],[5.65517,59.34921],[5.65273,59.35515]]],[[[10.44,59.23169],[10.45543,59.22339],[10.44142,59.22629],[10.44,59.23169]]],[[[10.43989,59.23175],[10.43994,59.23192],[10.44,59.23169],[10.43989,59.23175]]],[[[6.0064,59.40533],[6.01851,59.40433],[6.01867,59.40195],[6.0064,59.40533]]],[[[5.44225,59.52259],[5.46021,59.53137],[5.45559,59.54508],[5.47265,59.52486],[5.50058,59.52203],[5.49723,59.54911],[5.53694,59.56935],[5.5127,59.63501],[5.5217,59.65092],[5.55719,59.64975],[5.56525,59.63697],[5.55237,59.60307],[5.58287,59.59331],[5.55843,59.57718],[5.56808,59.56552],[5.54386,59.54229],[5.55018,59.52406],[5.53413,59.53738],[5.50686,59.51187],[5.46782,59.51165],[5.46067,59.483],[5.44641,59.51244],[5.45869,59.52399],[5.44225,59.52259]]],[[[5.74131,59.59957],[5.78855,59.61593],[5.77438,59.64243],[5.79447,59.64173],[5.8189,59.61082],[5.74131,59.59957]]],[[[5.83062,59.6431],[5.92861,59.66721],[5.93064,59.66396],[5.89471,59.64992],[5.92251,59.64272],[5.83062,59.6431]]]]}},{"id":"47","type":"Feature","properties":{"zone_id":"NOS22_OFF","name":"Norway Offshore Node S22","parent_zone":"NOS0_OFF","level":"PEOF","area_km2":77047.65},"geometry":{"type":"Polygon","coordinates":[[[1.48333,58.43],[1.71167,59.29],[1.96811,59.71862],[4.14577,59.68856],[4.45705,58.5788],[6.25298,57.68096],[8.89698,57.70182],[8.45833,57.61833],[7.98333,57.49833],[5.03333,56.59167],[3.25,56.08667],[2.61333,56.595],[1.965,57.905],[1.48333,58.43]]]}},{"id":"48","type":"Feature","properties":{"zone_id":"NOS3_OFF","name":"Norway S\u00f8r-Norge (NO5) Offshore Node S3","parent_zone":"NOS0_OFF","level":"PEOF","area_km2":53037.72},"geometry":{"type":"MultiPolygon","coordinates":[[[[5.21322,59.75086],[5.22082,59.75688],[5.24515,59.75376],[5.21322,59.75086]]],[[[5.2055,59.86383],[5.21271,59.86322],[5.21779,59.86108],[5.2055,59.86383]]],[[[5.22024,59.84704],[5.22557,59.84994],[5.22826,59.83935],[5.22024,59.84704]]],[[[5.21779,59.86108],[5.2378,59.8566],[5.22557,59.84994],[5.21779,59.86108]]],[[[5.367,60.21004],[5.36952,60.20789],[5.36361,60.20974],[5.367,60.21004]]],[[[5.36361,60.20974],[5.33596,60.20724],[5.35219,60.19258],[5.33216,60.20172],[5.33448,60.18944],[5.32087,60.18975],[5.39794,60.17825],[5.40347,60.15829],[5.37505,60.1681],[5.37827,60.15192],[5.41204,60.14697],[5.39917,60.14723],[5.40148,60.13366],[5.42473,60.13251],[5.42758,60.14584],[5.44081,60.13255],[5.46341,60.17978],[5.53364,60.19761],[5.57611,60.24576],[5.56235,60.26145],[5.61038,60.28193],[5.64701,60.37391],[5.66436,60.37087],[5.65049,60.36274],[5.66523,60.34558],[5.6838,60.3715],[5.72023,60.38154],[5.71649,60.40112],[5.75678,60.39882],[5.76748,60.38963],[5.75789,60.37573],[5.68836,60.36431],[5.65483,60.33575],[5.65819,60.29432],[5.63796,60.29502],[5.63219,60.27082],[5.58353,60.25297],[5.60122,60.2366],[5.66461,60.28437],[5.66465,60.26603],[5.62042,60.23219],[5.74641,60.23854],[5.59187,60.2065],[5.60507,60.1845],[5.57696,60.15711],[5.60229,60.14252],[5.69212,60.15895],[5.69696,60.19203],[5.70453,60.18019],[5.76873,60.1868],[5.7203,60.17057],[5.76773,60.12601],[5.73646,60.12313],[5.72058,60.10517],[5.75758,60.06969],[5.75419,60.05945],[5.71502,60.07217],[5.70594,60.04729],[5.72592,60.00362],[5.76016,60.01106],[5.76669,59.97881],[5.82634,60.01754],[5.81083,60.00014],[5.83073,59.98257],[5.91298,60.0304],[5.92343,60.06125],[5.9005,60.15856],[5.9486,60.1577],[5.96401,60.21273],[6.00527,60.23023],[6.01514,60.26967],[6.08671,60.25246],[6.141,60.25907],[6.15201,60.24224],[6.19529,60.27949],[6.17436,60.28439],[6.16688,60.30996],[6.22045,60.33579],[6.1445,60.3732],[6.17264,60.36309],[6.20457,60.36962],[6.20423,60.3873],[6.25467,60.37102],[6.27894,60.38277],[6.23131,60.41787],[6.20948,60.46909],[6.24041,60.43485],[6.23525,60.42293],[6.29914,60.39202],[6.52675,60.45693],[6.60242,60.45891],[6.71451,60.52235],[6.62972,60.46589],[6.63236,60.44915],[6.7006,60.43054],[6.76199,60.47104],[6.86883,60.48682],[6.87742,60.47673],[6.83634,60.47449],[6.71244,60.39993],[6.725,60.37836],[6.68555,60.38628],[6.65335,60.31682],[6.61782,60.28087],[6.61904,60.23797],[6.57058,60.17061],[6.54566,60.06966],[6.52885,60.0888],[6.54062,60.08725],[6.53532,60.12362],[6.5726,60.21894],[6.5641,60.23952],[6.61091,60.30333],[6.60561,60.32893],[6.66996,60.40595],[6.56059,60.43655],[6.51125,60.40971],[6.49587,60.38369],[6.35298,60.37049],[6.35277,60.3503],[6.3763,60.34128],[6.34845,60.34373],[6.32069,60.31547],[6.22323,60.29471],[6.25121,60.27498],[6.20308,60.25771],[6.1938,60.22604],[6.12185,60.21956],[6.08207,60.19135],[6.16645,60.12499],[6.13487,60.10727],[6.24684,60.12993],[6.27982,60.16375],[6.29506,60.16282],[6.28231,60.13307],[6.31462,60.12721],[6.11357,60.09594],[6.03789,60.06732],[5.9808,60.00214],[6.00876,59.98053],[5.99267,59.95469],[5.91822,59.95586],[5.85496,59.93041],[5.7822,59.92484],[5.76479,59.90081],[5.77301,59.87847],[5.67505,59.84821],[5.715,59.82598],[5.78136,59.83017],[5.82221,59.79159],[5.88068,59.76877],[5.95654,59.80931],[5.96753,59.85288],[5.99165,59.85788],[5.97851,59.8479],[5.98284,59.80892],[5.95564,59.78983],[5.97965,59.76398],[6.02159,59.75258],[6.07979,59.75951],[6.09544,59.78704],[6.12256,59.78193],[6.22835,59.83455],[6.34014,59.85344],[6.36946,59.87587],[6.35373,59.85173],[6.25084,59.83149],[6.13902,59.78262],[6.09133,59.73595],[5.98395,59.73439],[5.92826,59.76885],[5.94951,59.75191],[5.93308,59.74516],[5.94003,59.73368],[5.85758,59.72893],[5.86082,59.71166],[5.78329,59.68327],[5.79593,59.64767],[5.9235,59.67541],[5.92841,59.66754],[5.83049,59.6431],[5.77438,59.64243],[5.77081,59.64911],[5.59309,59.68388],[5.55719,59.64975],[5.5217,59.65092],[5.53946,59.68227],[5.54116,59.71323],[5.51703,59.71931],[5.52588,59.73333],[5.4381,59.68829],[5.44619,59.66597],[5.41296,59.66228],[5.41864,59.65424],[5.25305,59.65941],[5.26445,59.66528],[5.24463,59.69633],[5.2648,59.69625],[5.27836,59.72431],[5.25009,59.70659],[5.24328,59.74611],[5.2669,59.74884],[5.27344,59.72907],[5.30029,59.72505],[5.31643,59.72571],[5.30199,59.73163],[5.31669,59.74409],[5.34171,59.69479],[5.29794,59.69795],[5.29364,59.68252],[5.31528,59.68684],[5.30095,59.67318],[5.39507,59.7019],[5.34838,59.72782],[5.33809,59.74826],[5.34836,59.75513],[5.30388,59.80073],[5.2825,59.81185],[5.26264,59.79478],[5.24958,59.80227],[5.2765,59.81752],[5.2375,59.8264],[5.26115,59.83929],[5.2361,59.86123],[5.17278,59.87999],[5.17937,59.87079],[5.14372,59.8738],[5.20323,59.82987],[5.20163,59.81864],[5.16391,59.83798],[5.1554,59.82697],[5.14787,59.85723],[5.10054,59.87473],[5.1306,59.87509],[5.11289,59.8947],[5.07955,59.8772],[5.09538,59.86486],[5.07469,59.87208],[5.08563,59.85056],[5.0573,59.8518],[5.09207,59.82903],[5.14935,59.82857],[5.14276,59.81534],[5.11653,59.81778],[5.13514,59.81279],[5.10325,59.77428],[5.10815,59.75664],[5.13002,59.7584],[5.12331,59.7464],[5.14314,59.75266],[5.13724,59.73592],[5.11221,59.73342],[5.1344,59.72652],[5.15027,59.75067],[5.13504,59.75566],[5.16367,59.78155],[5.15799,59.75979],[5.17418,59.76462],[5.17467,59.74889],[5.19728,59.76109],[5.19831,59.74951],[5.21322,59.75086],[5.20806,59.74678],[5.22367,59.73784],[5.19973,59.74142],[5.17299,59.72281],[5.1628,59.70603],[5.17663,59.70011],[5.15145,59.67533],[5.16846,59.67229],[5.15876,59.66225],[1.96811,59.71862],[2.07667,59.89667],[1.79,61.35667],[1.56,61.73667],[1.17796,62.27887],[1.04009,62.44715],[5.35938,62.03287],[5.42419,62.02016],[5.34114,62.03387],[5.33344,61.99645],[5.31233,61.97714],[5.24162,61.99045],[5.29749,61.96613],[5.28969,61.95105],[5.24286,61.9841],[5.19987,61.98004],[5.20092,61.95268],[5.22055,61.94925],[5.21984,61.93447],[5.19672,61.95302],[5.19583,61.98724],[5.16124,61.98399],[5.1325,61.93908],[5.14379,61.92896],[5.12525,61.93289],[5.1212,61.92038],[5.18159,61.91937],[5.14488,61.91233],[5.17304,61.89697],[5.22229,61.91475],[5.32192,61.90957],[5.44596,61.94041],[5.45782,61.92677],[5.58992,61.91747],[5.60752,61.89872],[5.54535,61.88933],[5.531,61.89578],[5.53855,61.90499],[5.43065,61.91815],[5.33742,61.88577],[5.18662,61.88178],[5.2831,61.86955],[5.32235,61.88492],[5.33411,61.88136],[5.29886,61.85853],[5.38108,61.84727],[5.32441,61.84805],[5.29299,61.83611],[5.30922,61.82722],[5.15573,61.80895],[5.0954,61.77863],[5.09155,61.76274],[5.12876,61.75875],[5.15806,61.77386],[5.29459,61.77304],[5.14855,61.75629],[5.1495,61.73913],[5.22018,61.72724],[5.17386,61.72368],[5.1645,61.70351],[5.16073,61.72295],[5.11762,61.74477],[5.11969,61.70913],[5.10799,61.70721],[5.10488,61.74295],[5.08351,61.75482],[5.03994,61.76001],[4.98937,61.74047],[4.98083,61.72958],[5.00704,61.72171],[4.96821,61.72476],[4.98321,61.69703],[4.96707,61.67848],[5.00713,61.65059],[4.99338,61.65126],[4.98881,61.62885],[5.01236,61.63057],[5.00254,61.64261],[5.02356,61.63137],[5.23454,61.63613],[5.21532,61.62558],[5.40925,61.64339],[5.13824,61.60454],[5.07013,61.61349],[4.9958,61.599],[4.99112,61.58762],[5.01547,61.58742],[5.00205,61.57884],[5.22765,61.61211],[5.38813,61.6079],[5.45915,61.5906],[5.44749,61.57185],[5.3487,61.57544],[5.33357,61.58816],[5.39644,61.59437],[5.29985,61.60836],[5.17876,61.5969],[5.39701,61.55065],[5.27606,61.55449],[5.29671,61.54089],[5.26674,61.54114],[5.17543,61.55778],[5.1803,61.53702],[5.15588,61.53542],[5.18476,61.52526],[5.16517,61.52344],[5.17586,61.51516],[5.3515,61.48903],[5.5011,61.49567],[5.46882,61.48454],[5.47808,61.46597],[5.44311,61.46482],[5.40994,61.47799],[5.32584,61.47893],[5.37906,61.46441],[5.34935,61.46017],[5.23944,61.48349],[5.22656,61.47675],[5.25327,61.47247],[5.22618,61.4659],[5.23359,61.45664],[5.09475,61.45419],[4.97659,61.42173],[5.0014,61.40542],[5.16415,61.43151],[5.10318,61.41266],[5.10304,61.37768],[5.09261,61.402],[5.03197,61.39376],[5.02387,61.37738],[5.04617,61.34992],[5.10652,61.3433],[5.06931,61.33967],[5.07947,61.32213],[5.16907,61.33479],[5.18979,61.36002],[5.40918,61.38566],[5.67434,61.36814],[5.56206,61.36277],[5.42516,61.37868],[5.35523,61.35053],[5.28498,61.35569],[5.3509,61.31353],[5.28348,61.34779],[5.2315,61.35044],[5.19684,61.34392],[5.21671,61.33125],[5.20094,61.31582],[5.22312,61.30642],[5.16618,61.30369],[5.13777,61.3191],[5.11884,61.30541],[5.148,61.29744],[5.06064,61.30717],[5.02965,61.29621],[5.05045,61.28662],[4.97907,61.28469],[4.97901,61.25853],[4.94577,61.26101],[4.94879,61.24581],[4.99014,61.24738],[5.02363,61.27371],[5.02893,61.25941],[5.00487,61.24797],[5.01486,61.24117],[5.08342,61.24049],[5.10275,61.25753],[5.10049,61.23443],[5.0247,61.23959],[5.00944,61.22116],[5.18302,61.22699],[5.31111,61.18887],[5.25232,61.19448],[5.29554,61.17774],[5.26027,61.17],[5.15639,61.20286],[5.08992,61.2002],[5.0717,61.1701],[5.19461,61.14485],[5.22734,61.12598],[5.22875,61.10259],[5.26947,61.12469],[5.28271,61.11047],[5.32253,61.12063],[5.34348,61.13943],[5.34581,61.10267],[5.40066,61.07048],[5.55043,61.10945],[5.61615,61.15269],[5.70543,61.13857],[5.72464,61.14638],[5.72712,61.16776],[5.80127,61.15996],[5.79625,61.19084],[5.8163,61.20915],[5.83303,61.20715],[5.81253,61.18904],[5.8223,61.16215],[5.92702,61.16192],[6.05108,61.19574],[6.06321,61.2184],[6.07949,61.20884],[6.06959,61.18597],[6.00452,61.16555],[6.05323,61.14618],[6.18217,61.16085],[6.22036,61.18904],[6.20373,61.16523],[6.26965,61.13393],[6.31485,61.12402],[6.36241,61.07039],[6.34168,61.07034],[6.30544,61.04029],[6.269,61.03477],[6.30907,61.04791],[6.31858,61.08339],[6.17533,61.11825],[6.04215,61.10693],[5.98498,61.12966],[5.89179,61.12992],[5.85381,61.11204],[5.87721,61.09606],[5.84254,61.09887],[5.83359,61.07975],[5.80224,61.06905],[5.80623,61.05048],[5.79615,61.06371],[5.82367,61.11996],[5.80652,61.12581],[5.69385,61.09128],[5.65064,61.10347],[5.61362,61.08598],[5.68073,61.05995],[5.60831,61.08476],[5.4823,61.05155],[5.48228,60.9872],[5.45946,61.01741],[5.4641,61.03284],[5.32099,61.03232],[5.2914,61.06584],[5.17726,61.07119],[5.1821,61.08728],[5.16492,61.08275],[5.17127,61.07175],[5.15062,61.08615],[5.13994,61.07161],[5.04368,61.0613],[5.03908,61.04168],[5.01906,61.03507],[5.04951,61.02886],[5.02557,61.02596],[5.0381,61.01965],[5.0246,61.01132],[5.03903,60.98049],[5.05756,60.97909],[5.04212,60.97412],[5.08822,60.97197],[5.06267,60.9787],[5.08181,60.97725],[5.08548,60.98807],[5.1139,60.96572],[5.16061,60.97594],[5.18765,61.00854],[5.17143,60.98779],[5.19011,60.96907],[5.12644,60.95995],[5.13879,60.93869],[5.1226,60.9061],[5.13354,60.88241],[5.1135,60.86874],[5.12567,60.95743],[5.00313,60.96723],[5.01842,60.96379],[4.99541,60.95544],[5.00738,60.93762],[5.03416,60.92482],[5.03375,60.88678],[5.0684,60.8644],[5.05682,60.86157],[5.06277,60.84394],[5.08881,60.83479],[5.09596,60.84701],[5.0935,60.83211],[5.14413,60.82621],[5.15394,60.84666],[5.16959,60.84214],[5.15244,60.8356],[5.15229,60.81711],[5.1737,60.81179],[5.17983,60.83413],[5.19169,60.80664],[5.18953,60.82797],[5.20907,60.83941],[5.25879,60.79301],[5.27664,60.81777],[5.23886,60.83175],[5.31055,60.80813],[5.30878,60.83199],[5.33481,60.83048],[5.34732,60.87009],[5.47933,60.88605],[5.52004,60.91541],[5.48523,60.88719],[5.516,60.87516],[5.50601,60.86928],[5.58744,60.87302],[5.51267,60.85791],[5.47291,60.87687],[5.36625,60.8645],[5.35075,60.84143],[5.38151,60.81908],[5.329,60.81581],[5.26626,60.7708],[5.32236,60.74898],[5.34897,60.76684],[5.33845,60.75297],[5.36322,60.73907],[5.38373,60.7503],[5.37581,60.73115],[5.40005,60.73518],[5.39212,60.72283],[5.41307,60.70906],[5.45239,60.71393],[5.42027,60.70185],[5.46979,60.67537],[5.46758,60.65947],[5.40862,60.69687],[5.39042,60.70042],[5.37987,60.68523],[5.46125,60.63515],[5.36141,60.6809],[5.3662,60.65956],[5.39957,60.6408],[5.35631,60.65769],[5.33179,60.69757],[5.34899,60.70787],[5.31812,60.73064],[5.27868,60.72888],[5.26869,60.74489],[5.09925,60.79035],[5.08575,60.78243],[5.10691,60.76926],[5.01638,60.82285],[4.98055,60.82631],[4.99666,60.81959],[4.94421,60.81089],[4.97101,60.79405],[4.94392,60.79535],[5.00186,60.75981],[5.03444,60.75824],[4.99782,60.78282],[5.04809,60.77122],[5.05988,60.75347],[5.03121,60.75076],[5.04283,60.73804],[5.23795,60.66201],[5.22465,60.65001],[5.26617,60.61974],[5.2506,60.62112],[5.16291,60.67287],[5.11026,60.67573],[5.12269,60.65118],[5.20526,60.62256],[5.22872,60.57421],[5.1852,60.61745],[5.1086,60.6564],[5.10469,60.67762],[5.08286,60.6862],[5.10502,60.68333],[5.05337,60.69766],[5.11655,60.63655],[5.03469,60.71341],[4.88773,60.74818],[4.90903,60.73029],[4.86473,60.73712],[4.92728,60.70487],[4.85268,60.72153],[4.89725,60.70568],[4.88064,60.6976],[5.00541,60.65249],[4.99276,60.65105],[5.00137,60.63702],[5.14577,60.60814],[5.28549,60.54093],[5.38524,60.56877],[5.36567,60.59549],[5.4065,60.58427],[5.402,60.60416],[5.4345,60.5957],[5.49344,60.63254],[5.56946,60.6358],[5.57772,60.66253],[5.54867,60.70054],[5.59402,60.69738],[5.66199,60.72676],[5.7022,60.76478],[5.72786,60.7613],[5.70539,60.75959],[5.6665,60.71996],[5.6776,60.70044],[5.69768,60.69988],[5.67345,60.68457],[5.64982,60.70924],[5.60989,60.69145],[5.63735,60.6826],[5.60942,60.66661],[5.61927,60.66235],[5.58577,60.61886],[5.55073,60.60316],[5.54963,60.61619],[5.5048,60.61185],[5.51934,60.59159],[5.48415,60.60175],[5.47591,60.57427],[5.45816,60.58742],[5.43856,60.56875],[5.48962,60.52529],[5.42668,60.56325],[5.3439,60.54471],[5.34443,60.53033],[5.42826,60.50414],[5.42769,60.48793],[5.53269,60.42841],[5.60977,60.43907],[5.66607,60.47785],[5.70817,60.47061],[5.69704,60.53434],[5.73587,60.67425],[5.69977,60.69982],[5.74942,60.69843],[5.79699,60.73465],[5.76048,60.69388],[5.73399,60.68823],[5.75013,60.6612],[5.73437,60.65683],[5.71902,60.55637],[5.73411,60.5512],[5.71856,60.53753],[5.73684,60.45734],[5.65202,60.46063],[5.621,60.42918],[5.52917,60.42077],[5.45945,60.45416],[5.46473,60.42091],[5.44835,60.45299],[5.37739,60.50518],[5.29758,60.52698],[5.27211,60.52023],[5.25425,60.47874],[5.27062,60.45781],[5.31817,60.443],[5.27766,60.44613],[5.32251,60.41075],[5.32409,60.39467],[5.30071,60.40048],[5.30787,60.3884],[5.351,60.38049],[5.2416,60.39978],[5.16971,60.3731],[5.19166,60.34794],[5.17577,60.34445],[5.20227,60.32733],[5.23231,60.32938],[5.23446,60.34746],[5.26734,60.31537],[5.20541,60.31068],[5.2181,60.26446],[5.25422,60.26347],[5.2351,60.26224],[5.23053,60.24063],[5.27019,60.24182],[5.28567,60.2597],[5.2651,60.2682],[5.33206,60.26406],[5.28239,60.22426],[5.24718,60.2233],[5.24463,60.2094],[5.26885,60.20336],[5.2938,60.21469],[5.28981,60.22524],[5.36099,60.23101],[5.38297,60.21149],[5.367,60.21004],[5.35659,60.21893],[5.35499,60.21243],[5.36361,60.20974]],[[5.62924,59.80869],[5.66825,59.79397],[5.66447,59.78267],[5.69721,59.79019],[5.68186,59.80533],[5.65603,59.79981],[5.65928,59.81743],[5.62924,59.80869]],[[5.69721,59.79019],[5.69738,59.79003],[5.69762,59.79029],[5.69721,59.79019]],[[5.69762,59.79029],[5.71185,59.79355],[5.73152,59.77595],[5.75334,59.77986],[5.7325,59.76305],[5.74765,59.75624],[5.73524,59.73998],[5.74573,59.72132],[5.77821,59.72795],[5.79144,59.76041],[5.83983,59.75425],[5.84248,59.76451],[5.79832,59.79231],[5.74347,59.79114],[5.74458,59.80956],[5.72461,59.81335],[5.69877,59.81345],[5.70902,59.80247],[5.69762,59.79029]],[[4.94647,60.4028],[4.98766,60.39276],[4.96367,60.38677],[4.98329,60.37542],[4.98649,60.3266],[5.0449,60.29395],[4.99876,60.30078],[5.00385,60.28466],[4.97845,60.29813],[4.99276,60.28519],[4.96364,60.29656],[4.94722,60.28707],[4.96045,60.27647],[4.94825,60.27586],[4.9533,60.26061],[4.97387,60.25007],[4.95686,60.25155],[4.97656,60.24596],[4.98818,60.26065],[4.99074,60.2447],[4.97793,60.22721],[4.99733,60.21096],[5.01917,60.21833],[5.02704,60.20658],[5.01045,60.20257],[5.06384,60.21354],[5.04512,60.24047],[5.06761,60.2207],[5.07289,60.20856],[5.05482,60.21102],[5.03055,60.16224],[5.08208,60.16668],[5.07085,60.20634],[5.09045,60.17076],[5.1152,60.17339],[5.10864,60.18642],[5.1572,60.18724],[5.15664,60.20779],[5.1695,60.19956],[5.14683,60.2407],[5.07656,60.28304],[5.13988,60.27953],[5.13929,60.31922],[5.11055,60.34385],[5.11457,60.35606],[5.14874,60.33275],[5.16577,60.35784],[5.13607,60.39652],[5.10692,60.39959],[5.10719,60.37766],[5.07732,60.37904],[5.10411,60.36499],[5.11451,60.37397],[5.11451,60.35672],[5.092,60.36386],[5.09807,60.35183],[5.04854,60.40031],[5.00306,60.41469],[5.01775,60.43491],[4.98889,60.45881],[4.98431,60.44491],[4.97264,60.45211],[4.96293,60.41003],[4.94647,60.4028]],[[4.96364,60.29656],[4.96448,60.29704],[4.94757,60.30282],[4.96364,60.29656]],[[5.14838,59.74035],[5.1567,59.73296],[5.16674,59.74689],[5.14838,59.74035]],[[5.10647,59.69378],[5.11876,59.68536],[5.13624,59.69047],[5.1244,59.69393],[5.10647,59.69378]],[[5.06627,59.83123],[5.0634,59.80237],[5.07655,59.81435],[5.10349,59.79651],[5.09618,59.81109],[5.06627,59.83123]],[[5.9432,59.99073],[5.95372,59.9837],[5.95451,59.99256],[5.9432,59.99073]],[[5.93096,60.14041],[5.946,60.10114],[5.97483,60.09064],[5.9727,60.06817],[6.06018,60.12757],[6.06113,60.14931],[5.99703,60.16532],[5.93096,60.14041]],[[5.7927,59.9325],[5.90359,59.9652],[5.95011,59.96105],[5.95753,59.98112],[5.9216,59.97868],[5.7927,59.9325]],[[5.70499,59.9257],[5.7143,59.91323],[5.73027,59.92233],[5.72491,59.93864],[5.70499,59.9257]],[[5.68268,59.93335],[5.6815,59.91261],[5.6867,59.91515],[5.68268,59.93335]],[[5.67127,59.75067],[5.71814,59.73008],[5.72245,59.75285],[5.67127,59.75067]],[[5.72226,59.6808],[5.73889,59.66804],[5.74537,59.68003],[5.72226,59.6808]],[[5.64533,59.71998],[5.70372,59.71584],[5.69813,59.70387],[5.7278,59.70485],[5.72202,59.71731],[5.66042,59.74561],[5.64533,59.71998]],[[5.55352,59.86004],[5.57774,59.81832],[5.59374,59.8185],[5.60391,59.83274],[5.59259,59.84215],[5.62089,59.85449],[5.59342,59.87672],[5.55352,59.86004]],[[5.37387,59.98674],[5.4866,59.93811],[5.5017,59.97706],[5.53579,59.89379],[5.56437,59.88986],[5.59522,59.91429],[5.57738,59.8888],[5.61466,59.87281],[5.62569,59.90834],[5.64674,59.91683],[5.64059,59.89832],[5.67148,59.90496],[5.66687,59.92862],[5.62152,59.94015],[5.70351,59.99726],[5.69468,60.01007],[5.70997,60.03049],[5.68663,60.07963],[5.63345,60.07295],[5.62685,60.05306],[5.57654,60.06879],[5.59833,60.07892],[5.55217,60.07002],[5.57412,60.06867],[5.53509,60.05038],[5.5095,60.05493],[5.46846,60.04199],[5.46231,60.02342],[5.48903,59.99096],[5.45911,60.0],[5.44141,59.9884],[5.42387,60.00526],[5.37387,59.98674]],[[5.33927,60.02207],[5.36555,59.99134],[5.37766,60.0],[5.37394,60.01441],[5.43689,60.01175],[5.44328,60.0466],[5.42,60.06586],[5.4351,60.06751],[5.42699,60.08192],[5.35459,60.0802],[5.35689,60.04679],[5.33927,60.02207]],[[5.35134,60.13547],[5.37366,60.13074],[5.38613,60.13909],[5.36967,60.14615],[5.35134,60.13547]],[[5.314,60.15417],[5.35945,60.14438],[5.37355,60.16926],[5.34659,60.18219],[5.314,60.15417]],[[5.30224,60.16329],[5.32051,60.17308],[5.3068,60.17705],[5.30224,60.16329]],[[5.19841,60.15192],[5.21624,60.14203],[5.20731,60.15858],[5.19841,60.15192]],[[5.20416,60.23898],[5.2218,60.23714],[5.22064,60.25524],[5.20416,60.23898]],[[5.57666,60.69223],[5.5785,60.64583],[5.60101,60.65793],[5.59635,60.67036],[5.60835,60.67411],[5.59777,60.69417],[5.59494,60.67471],[5.57666,60.69223]],[[5.06556,60.6078],[5.08689,60.60723],[5.06724,60.61274],[5.06556,60.6078]],[[4.94742,60.60482],[5.01445,60.57642],[4.99187,60.56812],[5.03463,60.55713],[4.9893,60.55964],[5.16766,60.51985],[5.24086,60.50646],[5.24992,60.52749],[5.23431,60.54351],[5.25446,60.5432],[5.25678,60.53015],[5.27172,60.53503],[5.264,60.54706],[5.23246,60.54443],[5.14835,60.59259],[4.95274,60.61715],[4.94742,60.60482]],[[5.06281,60.39288],[5.07661,60.38833],[5.07386,60.40065],[5.06281,60.39288]],[[4.95988,60.56289],[4.98053,60.52762],[5.06587,60.49099],[5.06266,60.46407],[5.04725,60.46517],[5.06658,60.46098],[5.0734,60.47502],[5.08022,60.46267],[5.11838,60.46803],[5.07185,60.45196],[5.07499,60.43108],[5.09268,60.4474],[5.10643,60.44068],[5.09614,60.45415],[5.1109,60.43908],[5.16885,60.4396],[5.15865,60.43058],[5.16897,60.4264],[5.13953,60.42487],[5.17456,60.38756],[5.25288,60.40895],[5.22308,60.48642],[5.17192,60.50511],[5.14934,60.50039],[5.09304,60.52561],[5.07842,60.51291],[5.07392,60.52674],[5.03961,60.53146],[5.04463,60.50902],[5.02447,60.53711],[4.95988,60.56289]],[[4.94008,60.57766],[4.95808,60.56269],[4.97525,60.58201],[4.94008,60.57766]],[[4.92997,60.6091],[4.94138,60.59552],[4.946,60.59857],[4.92997,60.6091]],[[4.89946,60.67065],[4.96207,60.63484],[4.99024,60.6407],[4.89946,60.67065]],[[5.20921,60.79125],[5.22202,60.78398],[5.22541,60.79804],[5.20921,60.79125]],[[5.02662,61.17203],[5.02869,61.12252],[5.09424,61.12039],[5.06064,61.16228],[5.02662,61.17203]],[[5.0192,61.19201],[5.06411,61.17179],[5.06695,61.19024],[5.0192,61.19201]],[[5.31103,61.35664],[5.34553,61.35873],[5.32702,61.36595],[5.31103,61.35664]],[[5.04669,61.47838],[5.11418,61.47726],[5.12389,61.49219],[5.16634,61.48937],[5.08851,61.5096],[5.09184,61.49721],[5.04941,61.5006],[5.04669,61.47838]],[[5.03584,61.57],[5.10427,61.55417],[5.1734,61.53879],[5.13265,61.56609],[5.03584,61.57]],[[4.96076,61.64861],[4.95998,61.63202],[4.97517,61.6393],[4.96076,61.64861]],[[5.27344,61.84152],[5.28623,61.83792],[5.28594,61.8498],[5.27344,61.84152]],[[5.25407,62.00528],[5.30402,61.9986],[5.314,62.02137],[5.26677,62.0248],[5.25407,62.00528]],[[5.17883,62.01282],[5.19515,62.00991],[5.20866,62.02068],[5.19635,62.0189],[5.17883,62.01282]],[[5.11431,61.88873],[5.14877,61.88616],[5.134,61.89234],[5.11431,61.88873]],[[5.01069,61.92499],[5.01867,61.90665],[5.0827,61.89766],[5.12361,61.90126],[5.01069,61.92499]],[[4.98298,62.03578],[4.98456,61.99533],[5.04962,61.98536],[5.0653,61.96694],[5.04987,61.95044],[5.03842,61.96598],[5.01735,61.95755],[5.01071,61.94399],[5.03209,61.93361],[5.08982,61.92358],[5.13725,61.95327],[5.13392,61.98413],[5.15571,61.99199],[5.12596,62.03113],[5.08003,62.01861],[5.09216,62.0099],[5.07827,62.00319],[4.98298,62.03578]],[[4.93082,61.50196],[4.94253,61.4935],[4.95032,61.50025],[4.93082,61.50196]],[[4.91877,61.51507],[4.96482,61.50115],[4.99233,61.50851],[4.98916,61.522],[4.97323,61.51432],[4.92518,61.54235],[4.91877,61.51507]],[[4.87796,61.41029],[4.89827,61.41162],[4.89306,61.41973],[4.87796,61.41029]],[[4.8186,61.85221],[4.89997,61.83762],[4.99956,61.8377],[4.9451,61.82576],[4.95685,61.81055],[4.90341,61.81854],[4.92708,61.79154],[4.91787,61.77382],[4.92755,61.76294],[4.95063,61.77807],[4.93923,61.79858],[4.9581,61.77589],[5.09477,61.81537],[5.15446,61.84884],[5.1385,61.86676],[5.1635,61.8476],[5.12337,61.82629],[5.25609,61.83706],[5.2548,61.86436],[5.10132,61.8804],[4.94968,61.91064],[4.89709,61.89626],[4.92502,61.88312],[4.8284,61.86307],[4.8186,61.85221]],[[4.82371,61.6846],[4.8621,61.65574],[4.87825,61.66501],[4.90532,61.65613],[4.89888,61.68415],[4.86344,61.70651],[4.88499,61.70952],[4.87568,61.71744],[4.82734,61.70023],[4.82371,61.6846]],[[4.93824,61.27287],[4.94995,61.26617],[4.9725,61.26457],[4.96948,61.27841],[4.93824,61.27287]],[[4.90293,61.3092],[4.90314,61.30366],[4.91467,61.30575],[4.90293,61.3092]],[[4.87757,61.35499],[4.93681,61.3222],[5.04093,61.32594],[5.01173,61.35109],[5.02515,61.35281],[5.01256,61.37717],[4.98992,61.38078],[4.96511,61.36882],[4.90645,61.38099],[4.91361,61.36899],[4.87757,61.35499]],[[4.86678,61.27478],[4.88132,61.27939],[4.86871,61.28422],[4.86678,61.27478]],[[4.85375,61.21952],[4.85938,61.20461],[4.87617,61.19935],[4.86353,61.21508],[4.85375,61.21952]],[[4.86378,61.36843],[4.88192,61.36566],[4.8855,61.36929],[4.86378,61.36843]],[[4.81897,61.2097],[4.83822,61.19675],[4.85066,61.20684],[4.83156,61.22443],[4.81897,61.2097]],[[4.8261,61.355],[4.83097,61.33944],[4.85811,61.34528],[4.84631,61.36068],[4.8261,61.355]],[[4.79126,61.27221],[4.80315,61.2709],[4.80306,61.27293],[4.79126,61.27221]],[[4.76756,61.38874],[4.76901,61.3874],[4.77952,61.3945],[4.76756,61.38874]],[[4.75192,61.33149],[4.75289,61.31624],[4.77376,61.31348],[4.79163,61.32275],[4.75192,61.33149]],[[4.77378,61.64146],[4.7952,61.63507],[4.81189,61.63536],[4.80877,61.65088],[4.78173,61.65245],[4.77378,61.64146]],[[4.78808,61.79226],[4.8487,61.76939],[4.84185,61.74809],[4.90052,61.77968],[4.8833,61.79832],[4.84153,61.81255],[4.78808,61.79226]],[[4.7309,61.55469],[4.76447,61.55198],[4.76999,61.56581],[4.75004,61.56407],[4.7309,61.55469]],[[4.75881,61.13531],[4.77833,61.12638],[4.78945,61.14181],[4.76784,61.14421],[4.78531,61.14129],[4.75881,61.13531]],[[4.71559,61.13142],[4.71646,61.12013],[4.73163,61.12537],[4.71559,61.13142]],[[4.72322,61.21892],[4.75034,61.19338],[4.78819,61.20015],[4.74124,61.22663],[4.72322,61.21892]],[[4.79303,61.14652],[4.80296,61.13079],[4.81993,61.11065],[4.81928,61.13635],[4.79303,61.14652]],[[4.92689,61.01129],[4.92744,60.97586],[5.0346,60.97365],[5.02028,60.99122],[4.98064,60.99318],[5.0181,60.99574],[4.98859,61.0151],[4.92689,61.01129]],[[4.90013,61.07049],[4.91148,61.06125],[4.90605,61.07191],[4.90013,61.07049]],[[4.91008,60.90536],[4.93133,60.88329],[4.93635,60.88615],[4.91008,60.90536]],[[4.89197,60.92498],[4.92109,60.90527],[4.9588,60.88675],[4.93906,60.89685],[4.95568,60.89809],[4.94413,60.92532],[4.89621,60.93891],[4.89197,60.92498]],[[4.89344,60.96474],[4.89815,60.94845],[4.91323,60.95381],[4.89344,60.96474]],[[4.88035,60.96123],[4.89273,60.95378],[4.88863,60.96312],[4.88035,60.96123]],[[4.86672,61.07415],[4.87526,61.06569],[4.87238,61.03826],[4.90911,61.05357],[4.88437,61.07962],[4.86672,61.07415]],[[4.85911,60.95926],[4.87864,60.95313],[4.86594,60.96706],[4.85911,60.95926]],[[4.85062,60.95475],[4.85671,60.93876],[4.88649,60.92283],[4.87421,60.94683],[4.85062,60.95475]],[[4.80972,60.98164],[4.86204,60.97835],[4.83696,60.9933],[4.80972,60.98164]],[[4.79777,60.95573],[4.81112,60.9493],[4.82629,60.95644],[4.79777,60.95573]],[[4.88586,60.83537],[4.90225,60.81934],[4.91605,60.82766],[4.90122,60.83758],[4.88586,60.83537]],[[4.85692,60.8307],[4.87704,60.82415],[4.89399,60.81651],[4.87033,60.83688],[4.85692,60.8307]],[[4.80704,60.80431],[4.82068,60.78827],[4.90487,60.76833],[4.88234,60.76486],[4.96127,60.73274],[4.98709,60.73372],[4.95684,60.75353],[4.98213,60.74873],[4.96422,60.76355],[5.01218,60.744],[4.95425,60.77224],[4.91138,60.81906],[4.901,60.8102],[4.91407,60.80328],[4.90096,60.80536],[4.91847,60.78585],[4.85907,60.80716],[4.84623,60.79618],[4.86118,60.78054],[4.80704,60.80431]],[[5.38699,59.73646],[5.41756,59.7324],[5.41214,59.74366],[5.38699,59.73646]],[[5.35166,59.73221],[5.38072,59.71989],[5.37417,59.73641],[5.35166,59.73221]],[[5.24325,59.9231],[5.25737,59.90683],[5.253,59.92297],[5.27344,59.92411],[5.24845,59.93857],[5.24325,59.9231]],[[5.22359,59.92103],[5.22899,59.90356],[5.26169,59.88983],[5.24608,59.9146],[5.22359,59.92103]],[[5.17456,60.06876],[5.17288,60.04617],[5.20069,60.03867],[5.20146,60.0162],[5.25449,60.0048],[5.2458,59.99453],[5.27169,59.98852],[5.26583,59.99812],[5.29114,60.01179],[5.27399,60.01383],[5.30379,60.03144],[5.30116,60.06688],[5.25227,60.08333],[5.24396,60.09317],[5.25798,60.09667],[5.21763,60.12479],[5.19942,60.12281],[5.20334,60.10355],[5.23864,60.06763],[5.22233,60.06143],[5.20322,60.09305],[5.17456,60.06876]],[[5.17167,60.1523],[5.18155,60.15395],[5.17832,60.16365],[5.17167,60.1523]],[[5.1662,60.24444],[5.17686,60.22861],[5.1997,60.23475],[5.1662,60.24444]],[[5.1565,60.32282],[5.16032,60.30425],[5.18318,60.30173],[5.19164,60.32002],[5.1751,60.33726],[5.1565,60.32282]],[[5.12716,60.02025],[5.14731,60.02684],[5.13498,60.03036],[5.12716,60.02025]],[[5.10998,60.14185],[5.13663,60.12089],[5.12943,60.09133],[5.17241,60.08944],[5.17602,60.11035],[5.14305,60.13266],[5.18196,60.14062],[5.18372,60.15053],[5.15258,60.14305],[5.15404,60.15401],[5.10998,60.14185]],[[5.21231,59.90374],[5.26772,59.85178],[5.27589,59.86007],[5.24818,59.89364],[5.21231,59.90374]],[[5.18439,59.93731],[5.19543,59.92737],[5.21551,59.92612],[5.19574,59.93867],[5.18439,59.93731]],[[5.15232,59.89634],[5.1723,59.88886],[5.16112,59.90454],[5.15232,59.89634]],[[5.1298,59.89094],[5.14115,59.87806],[5.17782,59.8876],[5.1298,59.89094]],[[5.11965,59.90852],[5.13686,59.91149],[5.12614,59.92164],[5.11965,59.90852]],[[5.10045,59.99756],[5.12245,59.97089],[5.15456,59.96944],[5.22326,59.98773],[5.20133,60.01469],[5.10045,59.99756]],[[5.09384,60.09477],[5.11324,60.07966],[5.11886,60.09467],[5.09384,60.09477]],[[5.07649,60.0668],[5.09141,60.05649],[5.10212,60.06095],[5.09274,60.0727],[5.07649,60.0668]],[[5.05552,59.89672],[5.06265,59.88093],[5.12074,59.89909],[5.09329,59.90414],[5.05552,59.89672]],[[5.04685,60.01179],[5.07657,60.00887],[5.04478,59.98691],[5.09011,59.98112],[5.09666,60.01092],[5.04685,60.01179]],[[5.03857,60.13465],[5.04126,60.11662],[5.06759,60.11414],[5.08398,60.11855],[5.05743,60.12382],[5.09187,60.13219],[5.08797,60.14357],[5.03857,60.13465]],[[5.00242,60.01233],[5.01512,60.0079],[5.02371,60.01884],[5.01294,60.01905],[5.00242,60.01233]],[[5.00624,60.19729],[5.02048,60.19144],[5.02902,60.1972],[5.00624,60.19729]],[[4.9726,60.30606],[4.98993,60.31203],[4.98299,60.31551],[4.9726,60.30606]],[[4.92428,60.30705],[4.93581,60.30227],[4.93545,60.31223],[4.92428,60.30705]],[[4.92543,60.35615],[4.94716,60.34519],[4.92534,60.33412],[4.95724,60.34078],[4.94251,60.32675],[4.9827,60.31796],[4.9608,60.33767],[4.97297,60.3579],[4.92543,60.35615]],[[4.91308,60.41455],[4.92278,60.40537],[4.93409,60.41056],[4.91308,60.41455]],[[4.89464,60.3318],[4.8968,60.32177],[4.90557,60.33277],[4.89464,60.3318]],[[4.89829,60.44038],[4.91163,60.43444],[4.92686,60.44443],[4.90908,60.45076],[4.89829,60.44038]],[[4.76181,60.59779],[4.85148,60.58649],[4.82422,60.56795],[4.7955,60.57341],[4.81089,60.56578],[4.79346,60.54414],[4.82032,60.55038],[4.84827,60.54658],[4.85541,60.51564],[4.87579,60.52277],[4.87731,60.49663],[4.9309,60.50351],[4.89826,60.51763],[4.91488,60.52425],[4.88549,60.56211],[4.8661,60.5578],[4.86584,60.58915],[4.83956,60.61316],[4.85834,60.61135],[4.8565,60.62426],[4.79122,60.67595],[4.78092,60.66043],[4.78475,60.63211],[4.79956,60.62565],[4.78796,60.62331],[4.79434,60.59841],[4.76181,60.59779]],[[4.76533,60.82558],[4.77575,60.81628],[4.78508,60.82602],[4.76533,60.82558]],[[4.77659,60.93565],[4.78784,60.92083],[4.80943,60.9124],[4.79094,60.90802],[4.81866,60.90855],[4.82177,60.9253],[4.84311,60.90586],[4.82507,60.90794],[4.82877,60.89502],[4.88082,60.88233],[4.8682,60.87557],[4.87558,60.86373],[4.93114,60.85538],[4.90479,60.90313],[4.87706,60.91875],[4.87215,60.90934],[4.84012,60.94745],[4.77659,60.93565]],[[4.74905,60.88879],[4.74974,60.87836],[4.76582,60.87938],[4.74905,60.88879]],[[4.72548,61.08278],[4.7401,61.04017],[4.75923,61.05711],[4.77827,61.02236],[4.77863,61.05783],[4.81637,61.04504],[4.81561,61.06753],[4.85221,61.0457],[4.86147,61.07809],[4.89904,61.09544],[4.89842,61.11005],[4.92518,61.05333],[4.95301,61.08824],[5.0088,61.09772],[5.02419,61.12257],[5.0128,61.16889],[4.99602,61.17456],[4.99935,61.20023],[4.94774,61.20477],[4.98313,61.1803],[4.94213,61.19127],[4.94934,61.13618],[4.92509,61.18157],[4.93135,61.20771],[4.88717,61.21772],[4.88159,61.19756],[4.90056,61.1787],[4.89143,61.1474],[4.91072,61.12432],[4.88452,61.15094],[4.87899,61.18463],[4.85548,61.19305],[4.87389,61.17367],[4.85133,61.18085],[4.8605,61.14959],[4.83686,61.16626],[4.80328,61.1561],[4.8123,61.14655],[4.79301,61.15377],[4.8264,61.13848],[4.8367,61.07298],[4.82191,61.06646],[4.8141,61.09848],[4.79652,61.10746],[4.80841,61.08724],[4.79381,61.08296],[4.78853,61.11392],[4.80631,61.11455],[4.78934,61.12688],[4.78141,61.10006],[4.75136,61.10153],[4.75035,61.08752],[4.72548,61.08278]],[[4.70074,61.11364],[4.72588,61.10867],[4.72551,61.09558],[4.73382,61.1112],[4.70074,61.11364]],[[4.70616,61.17081],[4.71684,61.16798],[4.71655,61.1724],[4.70616,61.17081]],[[4.6858,61.29926],[4.70391,61.28589],[4.77358,61.28498],[4.77886,61.29428],[4.7394,61.3068],[4.71805,61.32366],[4.69023,61.3127],[4.70241,61.30423],[4.6858,61.29926]],[[4.72334,60.66826],[4.73207,60.6622],[4.74552,60.66747],[4.72334,60.66826]],[[4.68663,60.78462],[4.70366,60.7767],[4.69445,60.76552],[4.72439,60.7514],[4.74482,60.76157],[4.73023,60.77532],[4.74142,60.77638],[4.70644,60.78679],[4.68663,60.78462]],[[4.63983,61.06075],[4.64623,61.02251],[4.66975,61.01395],[4.65701,61.00261],[4.67352,61.00185],[4.68361,60.98624],[4.70939,61.01702],[4.69512,60.99763],[4.70796,60.98242],[4.74797,61.01532],[4.718,61.0392],[4.69967,61.10441],[4.68088,61.094],[4.70066,61.09527],[4.69622,61.08333],[4.67887,61.09118],[4.67182,61.06917],[4.63983,61.06075]],[[4.66601,61.30678],[4.6698,61.28665],[4.68251,61.28782],[4.66601,61.30678]],[[4.58467,60.99253],[4.59461,60.9839],[4.59976,61.00035],[4.58467,60.99253]],[[4.60978,61.29834],[4.62148,61.27835],[4.62801,61.29362],[4.64368,61.2881],[4.62734,61.30119],[4.60978,61.29834]],[[5.29787,59.92329],[5.29174,59.94141],[5.2642,59.95851],[5.25503,59.94013],[5.29623,59.92286],[5.2809,59.9188],[5.28781,59.91017],[5.26845,59.9189],[5.2818,59.89481],[5.2671,59.88627],[5.29276,59.88545],[5.28709,59.85704],[5.30947,59.85158],[5.31935,59.81807],[5.34068,59.81126],[5.33562,59.78411],[5.36541,59.78657],[5.37873,59.77259],[5.40781,59.76181],[5.40298,59.75039],[5.45945,59.74613],[5.50469,59.76136],[5.51816,59.77582],[5.50766,59.78536],[5.5418,59.78753],[5.52451,59.82035],[5.52526,59.88373],[5.47474,59.92672],[5.35914,59.97302],[5.32622,59.96799],[5.3192,59.98127],[5.28893,59.95736],[5.32296,59.95209],[5.32894,59.9315],[5.29787,59.92329]],[[4.97065,60.45111],[4.96667,60.45444],[4.96617,60.48557],[4.94246,60.49993],[4.92381,60.48955],[4.93834,60.48434],[4.92658,60.45749],[4.95869,60.45504],[4.96335,60.43855],[4.97065,60.45111]],[[4.97594,60.94722],[4.97885,60.95362],[4.9496,60.94435],[4.97371,60.88751],[4.96386,60.86591],[4.98928,60.84647],[5.03753,60.84946],[5.02198,60.91052],[4.99164,60.94893],[4.97594,60.94722]],[[4.83395,61.6135],[4.80144,61.63182],[4.80107,61.62079],[4.83998,61.60547],[4.78334,61.58413],[4.89258,61.59519],[4.87889,61.61392],[4.8527,61.61412],[4.84759,61.64395],[4.83197,61.63809],[4.85137,61.61403],[4.83395,61.6135]]],[[[5.05756,60.97909],[5.0592,60.97961],[5.06267,60.9787],[5.05756,60.97909]]],[[[4.9992,60.82001],[4.99754,60.81922],[4.99666,60.81959],[4.9992,60.82001]]],[[[5.69768,60.69988],[5.69874,60.70055],[5.69977,60.69982],[5.69768,60.69988]]],[[[5.75758,60.06969],[5.75766,60.06969],[5.75761,60.06966],[5.75758,60.06969]]],[[[5.75766,60.06969],[5.79204,60.09124],[5.8034,60.07548],[5.83604,60.09047],[5.79313,60.04975],[5.78307,60.0679],[5.75766,60.06969]]],[[[5.535,60.05034],[5.53509,60.05038],[5.56369,60.04527],[5.535,60.05034]]],[[[6.35054,61.01068],[6.38704,61.01914],[6.39388,61.0348],[6.41642,61.00787],[6.36185,61.00291],[6.35054,61.01068]]],[[[5.44143,61.46476],[5.44311,61.46482],[5.44395,61.46448],[5.44143,61.46476]]],[[[5.44395,61.46448],[5.52672,61.45533],[5.62077,61.47109],[5.72037,61.51522],[5.72222,61.50391],[5.81326,61.48964],[5.80465,61.4734],[5.84189,61.46165],[5.71267,61.4955],[5.63462,61.45495],[5.53585,61.44164],[5.45345,61.44849],[5.46685,61.45538],[5.44395,61.46448]]],[[[5.6487,61.81257],[5.67052,61.83142],[5.67567,61.8259],[5.6487,61.81257]]],[[[5.45711,62.00404],[5.47287,62.02],[5.48905,62.01816],[5.45711,62.00404]]],[[[5.29623,59.92286],[5.29787,59.92329],[5.29831,59.92198],[5.29623,59.92286]]],[[[4.95791,60.45779],[4.96391,60.45465],[4.95869,60.45504],[4.95791,60.45779]]],[[[4.97252,60.94685],[4.97594,60.94722],[4.97488,60.9449],[4.97252,60.94685]]],[[[4.82547,61.61324],[4.83395,61.6135],[4.84142,61.60831],[4.82547,61.61324]]]]}},{"id":"49","type":"Feature","properties":{"zone_id":"PL04_OFF","name":"Poland Offshore Node 04","parent_zone":"PL00_OFF","level":"PEOF","area_km2":3603.11},"geometry":{"type":"MultiPolygon","coordinates":[[[[14.60722,53.82482],[14.61581,53.76715],[14.56529,53.76274],[14.53837,53.70388],[14.54367,53.67596],[14.62177,53.64613],[14.58968,53.60947],[14.60179,53.55842],[14.63981,53.52484],[14.68156,53.53149],[14.69388,53.4703],[14.71037,53.46206],[14.70196,53.4375],[14.6488,53.43486],[14.66751,53.4057],[14.64946,53.39637],[14.62438,53.40268],[14.61954,53.38623],[14.596,53.37534],[14.61093,53.38656],[14.61958,53.41029],[14.60584,53.40399],[14.59337,53.45757],[14.62981,53.5268],[14.59522,53.55446],[14.5835,53.59681],[14.52495,53.66071],[14.40868,53.67897],[14.2996,53.74309],[14.28513,53.74123],[14.30269,53.72644],[14.27622,53.72544],[14.30813,53.70336],[14.26832,53.69807],[14.28781,53.78292],[14.2014,53.81051],[14.22244,53.86424],[14.272,53.82629],[14.33745,53.80775],[14.28559,53.84533],[14.2714,53.87555],[14.27745,53.86848],[14.27707,53.88489],[14.25698,53.89237],[14.26949,53.87778],[14.26335,53.86666],[14.25178,53.9001],[14.27973,53.9223],[14.22737,53.9276],[14.24412,53.98929],[14.20334,54.12771],[14.35222,54.16889],[14.75,54.5],[14.62923,54.5337],[15.15105,54.57374],[15.38727,54.15727],[15.28272,54.1474],[14.72918,54.02295],[14.80496,54.03023],[14.80296,54.00917],[14.76562,53.99526],[14.76754,53.97911],[14.78715,53.97532],[14.76277,53.97045],[14.76081,53.92647],[14.71745,53.94137],[14.69749,53.91586],[14.65223,53.89759],[14.61763,53.84167],[14.61622,53.86473],[14.63522,53.89421],[14.69467,53.93786],[14.69445,53.99416],[14.76746,54.01079],[14.76562,54.02483],[14.50337,53.96484],[14.43509,53.92682],[14.36032,53.91046],[14.28624,53.92088],[14.25565,53.89666],[14.28322,53.88321],[14.28597,53.86027],[14.33562,53.87408],[14.37007,53.85661],[14.32401,53.86788],[14.28495,53.85007],[14.34075,53.80829],[14.35043,53.83345],[14.38717,53.85105],[14.38358,53.8365],[14.40629,53.84272],[14.41572,53.86356],[14.38748,53.85234],[14.37306,53.85587],[14.38894,53.86719],[14.36042,53.87316],[14.37478,53.88913],[14.42476,53.88482],[14.4352,53.89972],[14.42385,53.86525],[14.57382,53.84866],[14.58073,53.80399],[14.60722,53.82482]],[[14.62438,53.40268],[14.62451,53.4031],[14.62392,53.4028],[14.62438,53.40268]],[[14.62451,53.4031],[14.6402,53.41124],[14.63161,53.42721],[14.62451,53.4031]],[[14.59612,53.44846],[14.60622,53.45468],[14.6387,53.45003],[14.6522,53.46396],[14.63439,53.4778],[14.63658,53.51446],[14.59612,53.44846]],[[14.59816,53.44569],[14.59776,53.44525],[14.59909,53.44444],[14.59816,53.44569]],[[14.59909,53.44444],[14.62198,53.4135],[14.6282,53.42682],[14.59909,53.44444]],[[14.37877,53.85595],[14.40497,53.86343],[14.3911,53.86603],[14.37877,53.85595]],[[14.70967,53.97782],[14.70858,53.94606],[14.75742,53.95296],[14.75769,53.97115],[14.70967,53.97782]]],[[[14.61763,53.84167],[14.61813,53.83339],[14.60722,53.82482],[14.61763,53.84167]]],[[[14.2714,53.87555],[14.26949,53.87778],[14.26996,53.87862],[14.2714,53.87555]]],[[[14.38618,53.14323],[14.41528,53.19578],[14.42991,53.20747],[14.38618,53.14323]]],[[[14.42991,53.20747],[14.43178,53.2102],[14.44625,53.22051],[14.42991,53.20747]]],[[[14.44625,53.22051],[14.4764,53.24454],[14.50747,53.31258],[14.52126,53.32249],[14.47911,53.24387],[14.44625,53.22051]]],[[[14.58263,53.36914],[14.596,53.37534],[14.58658,53.36825],[14.58263,53.36914]]],[[[14.52126,53.32249],[14.55883,53.35812],[14.58259,53.36647],[14.52126,53.32249]]],[[[14.53677,53.37958],[14.58263,53.36914],[14.57905,53.36749],[14.53677,53.37958]]],[[[14.38748,53.85234],[14.38905,53.85195],[14.38717,53.85105],[14.38748,53.85234]]],[[[14.37007,53.85661],[14.37306,53.85587],[14.37242,53.85542],[14.37007,53.85661]]]]}},{"id":"50","type":"Feature","properties":{"zone_id":"PL05_OFF","name":"Poland Offshore Node 05","parent_zone":"PL00_OFF","level":"PEOF","area_km2":26331.55},"geometry":{"type":"MultiPolygon","coordinates":[[[[19.04106,52.6755],[19.13217,52.65363],[19.04254,52.67414],[19.04106,52.6755]]],[[[18.97543,52.73583],[19.04106,52.6755],[19.02778,52.67868],[18.97543,52.73583]]],[[[18.96246,52.74995],[18.97543,52.73583],[18.96507,52.74532],[18.96246,52.74995]]],[[[19.319,54.20484],[19.32322,54.19603],[19.31967,54.19478],[19.319,54.20484]]],[[[19.3022,54.23979],[19.31755,54.2262],[19.319,54.20484],[19.3022,54.23979]]],[[[19.29116,54.24955],[19.29893,54.2466],[19.3022,54.23979],[19.29116,54.24955]]],[[[19.24433,54.16276],[19.25631,54.1509],[19.25456,54.14925],[19.24433,54.16276]]],[[[19.24029,54.16676],[19.31967,54.19478],[19.24433,54.16276],[19.24029,54.16676]]],[[[19.22732,54.33766],[19.42132,54.36901],[19.6479,54.45269],[19.66975,54.41502],[19.77387,54.47677],[19.80486,54.44327],[19.7461,54.43076],[19.70757,54.38214],[19.64327,54.34425],[19.49698,54.3203],[19.39862,54.26349],[19.37265,54.21966],[19.36267,54.22669],[19.40087,54.27869],[19.3781,54.26486],[19.26081,54.27636],[19.29116,54.24955],[19.24831,54.2658],[19.25992,54.28474],[19.24809,54.29288],[19.26637,54.3065],[19.22732,54.33766]]],[[[18.91713,53.96687],[19.00066,54.01215],[19.03496,54.04854],[19.09423,54.03996],[19.14921,54.09445],[19.19574,54.09347],[19.25587,54.14751],[19.19644,54.092],[19.14638,54.09115],[19.09365,54.03912],[19.03524,54.04671],[19.00205,54.01139],[18.91713,53.96687]]],[[[18.3269,53.30003],[18.33684,53.31882],[18.3488,53.32818],[18.3269,53.30003]]],[[[18.1317,53.11401],[18.13976,53.13245],[18.19482,53.15959],[18.19958,53.21912],[18.30037,53.26585],[18.3269,53.30003],[18.30869,53.26553],[18.20281,53.21529],[18.201,53.16],[18.13727,53.11372],[18.16004,53.0978],[18.2903,53.08347],[18.48095,53.01207],[18.67521,53.01304],[18.73231,52.92794],[18.81757,52.90727],[18.84003,52.87921],[18.90368,52.85381],[18.96246,52.74995],[18.92436,52.79139],[18.8986,52.8497],[18.84785,52.86778],[18.81573,52.90298],[18.72891,52.92637],[18.67241,53.00994],[18.57568,52.99916],[18.47602,53.00899],[18.29149,53.07884],[18.16868,53.09182],[18.1317,53.11401]]],[[[15.15105,54.57374],[15.28897,54.58393],[15.4694,54.62044],[15.71395,54.70252],[16.23763,55.14558],[16.36972,55.22633],[16.50737,55.35537],[17.0,55.5],[17.378,55.58725],[18.0,55.78308],[18.36333,55.92155],[18.92575,55.8798],[19.06333,55.34667],[19.345,54.815],[19.315,54.67],[19.63944,54.45833],[19.48063,54.39699],[19.29979,54.36164],[19.05848,54.34438],[18.95216,54.35724],[18.93531,54.30957],[18.94572,54.2371],[18.91554,54.20545],[18.86056,54.18173],[18.80821,54.09468],[18.84096,53.99373],[18.87425,53.96708],[18.86395,53.92887],[18.89223,53.89495],[18.84038,53.82993],[18.85865,53.73668],[18.7867,53.69686],[18.74158,53.64349],[18.76764,53.59162],[18.74417,53.48312],[18.66013,53.42769],[18.4936,53.41328],[18.43904,53.3717],[18.37137,53.34583],[18.3488,53.32818],[18.36339,53.34692],[18.44783,53.38169],[18.48532,53.41514],[18.65451,53.42989],[18.73683,53.48318],[18.76096,53.5864],[18.73741,53.64869],[18.78396,53.70071],[18.85296,53.7387],[18.83463,53.82874],[18.88562,53.89746],[18.85734,53.92889],[18.86903,53.96687],[18.83735,53.98928],[18.80366,54.0924],[18.85384,54.18067],[18.91176,54.20628],[18.94383,54.24235],[18.92983,54.30903],[18.94668,54.3603],[18.91574,54.34552],[18.7862,54.35844],[18.87236,54.31196],[18.91498,54.31099],[18.92018,54.2881],[18.91289,54.31006],[18.87087,54.30917],[18.78042,54.34977],[18.77903,54.36974],[18.71153,54.38202],[18.70974,54.39986],[18.69089,54.39694],[18.71858,54.40763],[18.66015,54.41355],[18.68233,54.39947],[18.64603,54.37826],[18.64931,54.36576],[18.78037,54.34978],[18.64681,54.36564],[18.64557,54.37993],[18.67985,54.40024],[18.57477,54.44178],[18.54979,54.51468],[18.55982,54.52969],[18.50319,54.54501],[18.56158,54.54319],[18.50875,54.61816],[18.51349,54.63348],[18.46888,54.63386],[18.47123,54.69466],[18.39393,54.72979],[18.42036,54.78966],[18.70346,54.68666],[18.80969,54.59405],[18.82679,54.60793],[18.82197,54.62411],[18.68613,54.69995],[18.33065,54.83461],[17.9542,54.82917],[17.24271,54.7293],[17.04742,54.66797],[16.90194,54.59433],[16.52665,54.53961],[16.44069,54.49219],[16.27481,54.35611],[16.11352,54.27673],[15.84916,54.24071],[15.49231,54.16708],[15.38796,54.15733],[15.15105,54.57374]]]]}},{"id":"51","type":"Feature","properties":{"zone_id":"SE01_OFF","name":"Sweden Lule\u00e5 (SE1) Offshore Node 01","parent_zone":"SE01_OFF","level":"PEOF","area_km2":9564.62},"geometry":{"type":"MultiPolygon","coordinates":[[[[23.65799,66.34355],[23.65654,66.29068],[23.73001,66.19295],[23.92591,66.15618],[23.9197,66.13738],[23.94482,66.10441],[23.93729,66.07857],[24.03067,66.01629],[24.05194,65.98863],[24.04195,65.96284],[24.11657,65.92836],[24.11395,65.90189],[24.15098,65.86378],[24.10606,65.89548],[24.11231,65.92618],[24.03463,65.96658],[24.02545,66.01327],[23.92753,66.0654],[23.92591,66.0968],[23.94187,66.10657],[23.90853,66.13969],[23.92453,66.15434],[23.7293,66.18868],[23.63728,66.31272],[23.65799,66.34355]],[[23.97909,66.04325],[23.98106,66.03831],[23.9944,66.03345],[23.97909,66.04325]]],[[[23.65824,66.35262],[23.67806,66.37334],[23.65799,66.34355],[23.65824,66.35262]]],[[[23.71501,66.4787],[23.71408,66.47648],[23.71374,66.47641],[23.71501,66.4787]]],[[[23.87532,66.76183],[23.91565,66.77199],[23.87759,66.75635],[23.89995,66.72204],[23.89085,66.67599],[23.86662,66.65299],[23.88423,66.61213],[23.86071,66.55901],[23.78712,66.53615],[23.7934,66.51679],[23.7312,66.50794],[23.71501,66.4787],[23.72743,66.50829],[23.79293,66.51749],[23.78367,66.53329],[23.79609,66.54417],[23.85824,66.56154],[23.87556,66.6204],[23.86004,66.65746],[23.8941,66.70497],[23.87532,66.76183]]],[[[23.64945,66.46225],[23.71374,66.47641],[23.64858,66.45152],[23.6457,66.42245],[23.6878,66.38351],[23.67806,66.37334],[23.68321,66.38098],[23.66799,66.37202],[23.67364,66.39016],[23.63733,66.42483],[23.64945,66.46225]]],[[[22.95271,65.88468],[22.96119,65.88302],[22.95511,65.88311],[22.95271,65.88468]]],[[[22.92736,65.90121],[22.95271,65.88468],[22.93328,65.88848],[22.92736,65.90121]]],[[[22.88973,65.93027],[22.92136,65.9141],[22.92736,65.90121],[22.894,65.92293],[22.88973,65.93027]]],[[[22.87874,65.94911],[22.87903,65.94881],[22.87894,65.94877],[22.87874,65.94911]]],[[[22.86452,65.94313],[22.87894,65.94877],[22.88973,65.93027],[22.86452,65.94313]]],[[[22.85114,65.99633],[22.87874,65.94911],[22.85048,65.97839],[22.85114,65.99633]]],[[[22.84553,66.00589],[22.85136,66.00238],[22.85114,65.99633],[22.84553,66.00589]]],[[[22.79971,66.15306],[22.81223,66.16771],[22.81755,66.16466],[22.79971,66.15306]]],[[[22.71195,66.12277],[22.75335,66.10812],[22.74977,66.12053],[22.79971,66.15306],[22.7746,66.12364],[22.82243,66.10088],[22.77669,66.10898],[22.73355,66.07961],[22.82713,66.03725],[22.84553,66.00589],[22.77654,66.0474],[22.70869,66.06297],[22.74974,66.09375],[22.73932,66.10806],[22.7209,66.09551],[22.71195,66.12277]]],[[[22.73635,66.36916],[22.74958,66.36347],[22.73914,66.3666],[22.73635,66.36916]]],[[[22.70977,66.39354],[22.73635,66.36916],[22.72714,66.37312],[22.70977,66.39354]]],[[[22.75119,66.61047],[22.76,66.60131],[22.74994,66.53218],[22.78801,66.47556],[22.77141,66.46097],[22.79917,66.40315],[22.87531,66.32473],[22.90475,66.31343],[22.90095,66.32884],[22.916,66.33289],[22.90263,66.35763],[22.91025,66.37062],[22.9248,66.3645],[22.90387,66.3573],[22.92614,66.3568],[22.94364,66.33203],[22.92036,66.33032],[22.93339,66.31402],[22.90713,66.31235],[22.92894,66.29974],[22.91833,66.27772],[22.93057,66.25155],[22.95442,66.23728],[22.90923,66.25119],[22.90281,66.29598],[22.87642,66.32367],[22.83174,66.32878],[22.82851,66.25709],[22.83827,66.21995],[22.85516,66.21532],[22.84196,66.19061],[22.86525,66.12329],[22.84064,66.12016],[22.84461,66.14913],[22.81755,66.16466],[22.82845,66.17174],[22.80841,66.18479],[22.83228,66.23818],[22.81419,66.30544],[22.82437,66.33125],[22.74958,66.36347],[22.86844,66.32775],[22.79346,66.40382],[22.76873,66.46006],[22.78173,66.4791],[22.74291,66.53032],[22.75119,66.61047]]],[[[22.74355,66.61841],[22.75127,66.6113],[22.75119,66.61047],[22.74355,66.61841]]],[[[22.63888,66.47654],[22.70977,66.39354],[22.66551,66.43402],[22.63888,66.47654]]],[[[22.52831,66.52422],[22.62973,66.49111],[22.63888,66.47654],[22.62529,66.49239],[22.52831,66.52422]]],[[[22.77879,66.89249],[22.77909,66.89277],[22.7788,66.89241],[22.77879,66.89249]]],[[[22.67632,66.75578],[22.78234,66.85799],[22.77178,66.88382],[22.7788,66.89241],[22.78376,66.85574],[22.75996,66.82271],[22.67656,66.75123],[22.68022,66.71248],[22.69564,66.66806],[22.74355,66.61841],[22.69229,66.66547],[22.67478,66.71577],[22.67632,66.75578]]],[[[21.51683,65.23359],[21.5178,65.23309],[21.51645,65.23289],[21.51683,65.23359]]],[[[21.80103,65.71269],[21.81059,65.70464],[21.80804,65.70563],[21.80103,65.71269]]],[[[21.69933,65.76764],[21.72797,65.75623],[21.70208,65.76388],[21.69933,65.76764]]],[[[21.45029,65.38754],[21.54171,65.37429],[21.49747,65.40435],[21.55738,65.39541],[21.58685,65.37519],[21.58152,65.3544],[21.68433,65.33782],[21.57861,65.38817],[21.55856,65.42418],[21.63083,65.39885],[21.66991,65.40569],[21.65605,65.42129],[21.67392,65.42297],[21.75368,65.39481],[21.83622,65.39193],[21.82513,65.40149],[21.85142,65.40225],[21.84929,65.41793],[21.87629,65.39985],[21.9255,65.39826],[21.93274,65.41134],[21.89608,65.43506],[21.92838,65.44245],[21.99385,65.41027],[21.98016,65.42266],[21.9967,65.41506],[22.00446,65.45271],[22.03327,65.47169],[21.98082,65.46884],[21.89728,65.5199],[21.87524,65.51244],[21.91307,65.48968],[21.84905,65.52497],[21.88188,65.52055],[21.86504,65.53521],[21.99967,65.51261],[22.04368,65.51912],[22.06799,65.50368],[22.07628,65.5269],[22.15837,65.5203],[22.1518,65.52939],[22.18444,65.55282],[22.14555,65.54751],[22.11134,65.58098],[22.01414,65.59032],[21.94415,65.63639],[21.82261,65.66927],[21.76027,65.72321],[21.75512,65.7454],[21.72797,65.75623],[21.77021,65.74373],[21.80103,65.71269],[21.762,65.74557],[21.77664,65.71785],[21.80804,65.70563],[21.83939,65.67397],[22.01793,65.63259],[22.02773,65.61835],[22.01298,65.60313],[22.02528,65.59418],[22.09337,65.59604],[22.05907,65.60921],[22.06783,65.61669],[22.20598,65.55381],[22.29712,65.54415],[22.30513,65.55101],[22.27904,65.56085],[22.31884,65.56263],[22.39852,65.53474],[22.42756,65.53866],[22.39897,65.54519],[22.3771,65.57852],[22.29609,65.60224],[22.33573,65.60494],[22.33849,65.62518],[22.38641,65.61859],[22.37598,65.63267],[22.33762,65.64567],[22.31352,65.63227],[22.30944,65.64805],[22.33063,65.65094],[22.26391,65.67055],[22.26829,65.63656],[22.29656,65.62899],[22.25303,65.62737],[22.25984,65.61116],[22.24456,65.62651],[22.26151,65.64243],[22.2388,65.64857],[22.23283,65.66843],[22.27119,65.67765],[22.24694,65.69876],[22.27761,65.69817],[22.27451,65.70979],[22.32325,65.66147],[22.37259,65.66888],[22.3545,65.68737],[22.36226,65.69915],[22.31162,65.71753],[22.35222,65.74219],[22.29541,65.77381],[22.35711,65.77972],[22.31551,65.81012],[22.37187,65.79174],[22.35303,65.82933],[22.31336,65.84743],[22.36004,65.8296],[22.37219,65.8418],[22.34904,65.86546],[22.48137,65.8523],[22.44604,65.85312],[22.52774,65.81347],[22.49427,65.79107],[22.52143,65.7757],[22.61915,65.8069],[22.67811,65.78141],[22.65148,65.75801],[22.67352,65.75073],[22.70354,65.76526],[22.68997,65.76288],[22.70082,65.77393],[22.68503,65.78333],[22.71574,65.78784],[22.69829,65.82013],[22.71911,65.81639],[22.69045,65.84099],[22.67807,65.8824],[22.62904,65.89974],[22.64449,65.90134],[22.63433,65.9132],[22.77731,65.86434],[22.83807,65.82711],[22.8252,65.80575],[22.83685,65.79555],[22.89067,65.78664],[22.89468,65.80381],[22.91049,65.79005],[22.90049,65.78511],[22.95353,65.76412],[23.09361,65.73978],[23.07562,65.73531],[23.07466,65.71578],[23.09654,65.69699],[23.10132,65.71431],[23.15378,65.72223],[23.14179,65.72663],[23.15257,65.74509],[23.13067,65.74931],[23.13955,65.75849],[23.2356,65.77136],[23.18863,65.79358],[23.20005,65.79869],[23.19284,65.82133],[23.14736,65.84635],[22.96119,65.88302],[23.06734,65.8813],[23.24322,65.80655],[23.28178,65.80736],[23.27172,65.80077],[23.28315,65.79055],[23.30683,65.78766],[23.33845,65.81817],[23.32128,65.82042],[23.36647,65.82395],[23.34505,65.81694],[23.36052,65.7987],[23.34859,65.78206],[23.36554,65.79678],[23.40365,65.7731],[23.3833,65.76013],[23.40936,65.76863],[23.3704,65.75407],[23.38138,65.74721],[23.44079,65.7671],[23.40841,65.77575],[23.43239,65.7795],[23.41081,65.80902],[23.47146,65.8168],[23.45705,65.83681],[23.50209,65.84746],[23.47629,65.82964],[23.48947,65.82116],[23.46938,65.81126],[23.47763,65.79641],[23.49347,65.80076],[23.49075,65.8141],[23.54011,65.80486],[23.55294,65.81551],[23.56696,65.80962],[23.55284,65.7867],[23.6112,65.78466],[23.59899,65.80869],[23.66365,65.79782],[23.67927,65.83767],[23.7558,65.82032],[23.76341,65.79919],[23.7939,65.79197],[23.75366,65.79114],[23.76748,65.77912],[23.82232,65.77011],[23.84246,65.78379],[23.81047,65.77961],[23.79727,65.79485],[23.84268,65.7875],[23.83365,65.79721],[23.8514,65.80496],[23.917,65.76587],[23.94415,65.7747],[23.93014,65.79561],[23.97172,65.79444],[23.96957,65.8057],[24.047,65.78797],[24.02867,65.80087],[24.03641,65.82031],[24.07025,65.80835],[24.14908,65.81459],[24.14439,65.83971],[24.15383,65.81651],[24.13447,65.79588],[24.13362,65.75745],[24.18555,65.72031],[24.16754,65.70186],[24.15922,65.71444],[24.12471,65.7087],[24.15816,65.70896],[24.18972,65.65427],[24.16309,65.6423],[24.13667,65.515],[22.8964,64.68261],[21.54763,65.06291],[21.55204,65.06591],[21.51054,65.08836],[21.53162,65.09476],[21.53908,65.12486],[21.5104,65.14224],[21.59524,65.13787],[21.55249,65.20151],[21.53148,65.20504],[21.53575,65.22378],[21.5178,65.23309],[21.61304,65.24689],[21.75049,65.19063],[21.73749,65.21734],[21.63797,65.24237],[21.65134,65.23947],[21.63805,65.25656],[21.67132,65.26176],[21.6834,65.29373],[21.71185,65.29697],[21.709,65.31219],[21.65922,65.32579],[21.68283,65.30958],[21.65521,65.29004],[21.57619,65.3232],[21.62473,65.31381],[21.63433,65.33268],[21.60568,65.33896],[21.59402,65.3263],[21.55192,65.34357],[21.49461,65.31725],[21.50051,65.33163],[21.44198,65.35951],[21.4955,65.36008],[21.49812,65.3714],[21.47126,65.36743],[21.45029,65.38754]],[[21.47967,65.34647],[21.50235,65.33233],[21.53362,65.33605],[21.5136,65.355],[21.48523,65.35135],[21.50239,65.34024],[21.47967,65.34647]],[[21.71084,65.14476],[21.72536,65.13285],[21.71048,65.12849],[21.74145,65.13016],[21.71084,65.14476]],[[21.66434,65.15177],[21.65655,65.13899],[21.6939,65.12992],[21.66434,65.15177]],[[21.56916,65.102],[21.56847,65.08425],[21.61168,65.09584],[21.5863,65.10612],[21.56916,65.102]],[[24.13739,65.67379],[24.14682,65.66824],[24.16184,65.66956],[24.14933,65.67621],[24.13739,65.67379]],[[24.0676,65.70106],[24.116,65.69941],[24.09255,65.71114],[24.0676,65.70106]],[[24.09917,65.79671],[24.11306,65.7889],[24.14016,65.80363],[24.11765,65.80358],[24.09917,65.79671]],[[24.0721,65.79732],[24.0895,65.80036],[24.11106,65.8082],[24.08057,65.80472],[24.0721,65.79732]],[[23.94814,65.69463],[23.9767,65.68322],[24.00345,65.69356],[23.9671,65.69546],[23.94814,65.69463]],[[23.93956,65.78489],[23.95268,65.78033],[23.97806,65.78589],[23.96716,65.79097],[23.93956,65.78489]],[[23.82003,65.66723],[23.83578,65.65102],[23.83398,65.6656],[23.82003,65.66723]],[[23.71753,65.57186],[23.76542,65.56135],[23.78137,65.56744],[23.74848,65.58982],[23.75351,65.60486],[23.71753,65.57186]],[[23.76393,65.64713],[23.79326,65.63916],[23.81505,65.63613],[23.79473,65.64846],[23.76393,65.64713]],[[23.82059,65.73229],[23.8317,65.73124],[23.83417,65.73538],[23.82059,65.73229]],[[23.84471,65.77802],[23.83937,65.76582],[23.86473,65.76778],[23.84471,65.77802]],[[23.81541,65.76283],[23.82381,65.75316],[23.83324,65.75924],[23.81541,65.76283]],[[23.5452,65.52928],[23.54687,65.52402],[23.56387,65.52722],[23.5452,65.52928]],[[23.67283,65.74535],[23.6892,65.70728],[23.74188,65.69599],[23.80933,65.74669],[23.79655,65.75778],[23.7941,65.73948],[23.77516,65.74398],[23.78169,65.75519],[23.75284,65.73524],[23.71722,65.75709],[23.71768,65.73766],[23.70097,65.73335],[23.68958,65.75363],[23.67283,65.74535]],[[23.53956,65.74196],[23.55913,65.71826],[23.57066,65.72023],[23.53956,65.74196]],[[23.48786,65.74508],[23.49512,65.72948],[23.48275,65.72397],[23.51618,65.7086],[23.51538,65.72859],[23.48786,65.74508]],[[23.44601,65.80979],[23.46201,65.80454],[23.459,65.8109],[23.44601,65.80979]],[[23.43932,65.80195],[23.4446,65.7842],[23.4544,65.79678],[23.43932,65.80195]],[[23.40915,65.74988],[23.42142,65.74767],[23.43235,65.7461],[23.42769,65.75907],[23.40915,65.74988]],[[23.3702,65.77491],[23.3799,65.77101],[23.38198,65.77595],[23.3702,65.77491]],[[23.20461,65.79569],[23.23887,65.78354],[23.25058,65.78983],[23.22117,65.79765],[23.20461,65.79569]],[[23.18422,65.75605],[23.24686,65.71458],[23.27118,65.71438],[23.24598,65.73535],[23.25469,65.74325],[23.2876,65.7171],[23.31782,65.71742],[23.26993,65.74664],[23.2311,65.74768],[23.27602,65.75002],[23.27066,65.76031],[23.18422,65.75605]],[[23.15152,65.74883],[23.15904,65.73584],[23.17816,65.74219],[23.15152,65.74883]],[[23.04189,65.67487],[23.09096,65.6614],[23.09273,65.67376],[23.04189,65.67487]],[[23.02951,65.6741],[23.02862,65.66314],[23.04182,65.66824],[23.02951,65.6741]],[[22.99159,65.67634],[23.00619,65.66676],[23.02589,65.66284],[23.01873,65.67638],[22.99159,65.67634]],[[22.86908,65.74289],[22.88075,65.73466],[22.87424,65.70409],[22.97463,65.66671],[22.96136,65.69923],[22.99062,65.69049],[22.99179,65.70354],[22.93369,65.72616],[22.96448,65.73426],[22.86908,65.74289]],[[22.76407,65.56878],[22.76858,65.55908],[22.81138,65.55762],[22.7919,65.57027],[22.76407,65.56878]],[[22.7041,65.4739],[22.72892,65.47148],[22.74494,65.48878],[22.73317,65.49396],[22.7041,65.4739]],[[22.74197,65.54862],[22.80262,65.53063],[22.81065,65.5439],[22.76041,65.55591],[22.74197,65.54862]],[[22.8492,65.72161],[22.85217,65.7144],[22.86642,65.71555],[22.8492,65.72161]],[[22.81519,65.73541],[22.83318,65.72283],[22.82292,65.71545],[22.84274,65.70957],[22.84113,65.74033],[22.81519,65.73541]],[[22.68762,65.52186],[22.72878,65.51655],[22.71529,65.53158],[22.68762,65.52186]],[[22.60668,65.45226],[22.63205,65.45161],[22.61554,65.46438],[22.60668,65.45226]],[[22.64468,65.55384],[22.64377,65.53881],[22.70077,65.54608],[22.68258,65.56284],[22.64468,65.55384]],[[22.64342,65.60673],[22.64171,65.60401],[22.65308,65.60226],[22.64342,65.60673]],[[22.69353,65.68828],[22.68943,65.6747],[22.71926,65.66717],[22.69353,65.68828]],[[22.73657,65.77398],[22.73337,65.72896],[22.72472,65.72256],[22.76016,65.70536],[22.81734,65.70321],[22.79728,65.75041],[22.73657,65.77398]],[[22.75664,65.81621],[22.77157,65.79871],[22.78144,65.80259],[22.75664,65.81621]],[[22.74082,65.86176],[22.73443,65.84893],[22.76507,65.85111],[22.74082,65.86176]],[[22.60963,65.64664],[22.61731,65.63795],[22.64948,65.6326],[22.63936,65.64816],[22.60963,65.64664]],[[22.61493,65.6862],[22.62682,65.68134],[22.60128,65.65823],[22.64167,65.65931],[22.63712,65.68132],[22.61493,65.6862]],[[22.55144,65.60519],[22.57101,65.59517],[22.61752,65.59712],[22.59116,65.61791],[22.55144,65.60519]],[[22.60073,65.54388],[22.59836,65.53402],[22.60916,65.53474],[22.60073,65.54388]],[[22.54483,65.54293],[22.56067,65.5171],[22.61866,65.51643],[22.56321,65.53902],[22.54483,65.54293]],[[22.49481,65.41409],[22.50756,65.3979],[22.53314,65.40054],[22.49481,65.41409]],[[22.45144,65.39198],[22.45346,65.38136],[22.48158,65.37443],[22.46842,65.38971],[22.45144,65.39198]],[[22.48123,65.50923],[22.50649,65.49773],[22.50338,65.48428],[22.5799,65.47548],[22.56212,65.50628],[22.48123,65.50923]],[[22.52379,65.5804],[22.552,65.56092],[22.60773,65.55485],[22.62146,65.56641],[22.61335,65.57915],[22.65547,65.58502],[22.63197,65.59517],[22.57452,65.57642],[22.52379,65.5804]],[[22.51854,65.59715],[22.53181,65.58883],[22.53423,65.5897],[22.51854,65.59715]],[[22.60585,65.78557],[22.61102,65.77603],[22.6434,65.7768],[22.63206,65.78661],[22.60585,65.78557]],[[22.41219,65.62169],[22.43723,65.61361],[22.46483,65.60352],[22.43789,65.61703],[22.41219,65.62169]],[[22.48343,65.80544],[22.49691,65.80301],[22.48919,65.81107],[22.48343,65.80544]],[[22.39627,65.71613],[22.41824,65.7012],[22.4291,65.69912],[22.42935,65.71701],[22.39627,65.71613]],[[22.45258,65.80661],[22.46546,65.79978],[22.49114,65.79787],[22.47045,65.80847],[22.45258,65.80661]],[[22.38514,65.80065],[22.40011,65.78615],[22.42449,65.78652],[22.41373,65.79331],[22.38514,65.80065]],[[22.36692,65.61209],[22.37293,65.5961],[22.3866,65.61015],[22.36692,65.61209]],[[22.32997,65.53941],[22.35589,65.52996],[22.36289,65.5101],[22.38803,65.51814],[22.36384,65.52766],[22.32997,65.53941]],[[22.37187,65.39502],[22.43625,65.34706],[22.48809,65.36238],[22.37187,65.39502]],[[22.27574,65.43492],[22.29368,65.41989],[22.42381,65.4485],[22.37245,65.46532],[22.34631,65.43836],[22.29627,65.44979],[22.27574,65.43492]],[[22.17962,65.53798],[22.27606,65.47425],[22.28602,65.48979],[22.26567,65.50354],[22.28954,65.49545],[22.26303,65.50754],[22.27541,65.51796],[22.36433,65.48866],[22.37277,65.50014],[22.21362,65.55021],[22.17962,65.53798]],[[22.13696,65.47173],[22.16217,65.45913],[22.1384,65.45517],[22.16281,65.42965],[22.23715,65.41841],[22.24073,65.4357],[22.20038,65.45382],[22.22341,65.46263],[22.17582,65.47898],[22.13696,65.47173]],[[22.10364,65.42787],[22.12178,65.41674],[22.11393,65.42622],[22.13487,65.4295],[22.12211,65.43738],[22.10364,65.42787]],[[22.04241,65.41553],[22.04425,65.39928],[22.06807,65.4039],[22.04241,65.41553]],[[22.0785,65.51736],[22.09077,65.48871],[22.12058,65.50187],[22.0785,65.51736]],[[21.98379,65.49973],[22.01606,65.4962],[22.002,65.49975],[22.02889,65.49696],[22.02761,65.50775],[21.98379,65.49973]],[[21.86632,65.20429],[21.90902,65.17968],[21.95655,65.1824],[21.86632,65.20429]],[[21.97658,65.39961],[21.97215,65.38554],[22.01903,65.369],[22.01633,65.38902],[21.97658,65.39961]],[[21.87504,65.34984],[21.88725,65.34186],[21.90756,65.3461],[21.87504,65.34984]],[[21.74542,65.18134],[21.75883,65.17945],[21.75833,65.18097],[21.74542,65.18134]],[[21.75809,65.2348],[21.84505,65.19175],[21.86098,65.20428],[21.78208,65.23672],[21.75809,65.2348]],[[21.74376,65.28597],[21.7599,65.28166],[21.75512,65.26458],[21.78967,65.25165],[21.8373,65.2557],[21.86086,65.24115],[21.86351,65.255],[21.79781,65.28297],[21.74376,65.28597]],[[21.7477,65.33219],[21.77921,65.31564],[21.82038,65.31853],[21.7477,65.33219]],[[21.65445,65.39518],[21.68281,65.38055],[21.71739,65.37489],[21.71897,65.39062],[21.76055,65.36251],[21.82924,65.34611],[21.77521,65.39274],[21.65445,65.39518]],[[21.52004,65.3603],[21.55062,65.35502],[21.56594,65.36629],[21.53581,65.36799],[21.52004,65.3603]]],[[[22.51817,67.06437],[22.54781,67.08059],[22.58735,67.06883],[22.55056,67.07497],[22.52643,67.05729],[22.66131,66.99711],[22.66388,66.97248],[22.72437,66.96124],[22.79246,66.90519],[22.77909,66.89277],[22.78721,66.9027],[22.72196,66.9603],[22.65401,66.97347],[22.65639,66.9971],[22.52577,67.05539],[22.51817,67.06437]]],[[[21.67027,65.80733],[21.69933,65.76764],[21.68441,65.77358],[21.67027,65.80733]]],[[[21.21369,65.47946],[21.22578,65.44986],[21.27155,65.42373],[21.26566,65.40498],[21.33475,65.36728],[21.31309,65.37474],[21.33583,65.35345],[21.41674,65.31213],[21.48186,65.31317],[21.46588,65.30504],[21.48503,65.29699],[21.47696,65.2808],[21.53249,65.26178],[21.51683,65.23359],[21.47353,65.256],[21.48536,65.25922],[21.4676,65.28524],[21.44429,65.28376],[21.44137,65.29948],[21.35882,65.33337],[21.37293,65.31989],[21.34675,65.31593],[21.23447,65.33215],[21.29927,65.34025],[21.31136,65.34754],[21.30422,65.36103],[21.32063,65.36375],[21.26342,65.40515],[21.26837,65.4225],[21.22448,65.44847],[21.21369,65.47946]]]]}},{"id":"52","type":"Feature","properties":{"zone_id":"SE02_OFF","name":"Sweden Sundsvall (SE2) Offshore Node 02","parent_zone":"SE02_OFF","level":"PEOF","area_km2":38073.1},"geometry":{"type":"MultiPolygon","coordinates":[[[[17.29368,60.83964],[17.2622,60.87212],[17.31527,60.86773],[17.33011,60.88659],[17.25717,60.87848],[17.19622,60.90636],[17.19058,60.91674],[17.2093,60.92587],[17.15218,60.92822],[17.1793,60.94108],[17.14605,60.93059],[17.13799,60.95642],[17.18565,60.98139],[17.16687,60.98643],[17.23193,60.99416],[17.24722,61.01011],[17.13626,61.00034],[17.18725,61.01912],[17.15147,61.04874],[17.1895,61.07297],[17.17147,61.07827],[17.20427,61.0838],[17.15486,61.11066],[17.18628,61.12498],[17.14956,61.15585],[17.18604,61.15558],[17.16815,61.16912],[17.19121,61.17852],[17.17596,61.19423],[17.0818,61.21164],[17.14257,61.20696],[17.16492,61.21013],[17.16959,61.22623],[17.21722,61.22818],[17.17869,61.24711],[17.21254,61.24774],[17.15655,61.26346],[17.16745,61.26651],[17.15463,61.28111],[17.08549,61.3141],[17.17424,61.27644],[17.27443,61.27907],[17.13559,61.31391],[17.14849,61.32802],[17.16165,61.30888],[17.25789,61.30494],[17.19155,61.32682],[17.20991,61.34399],[17.13641,61.35138],[17.12399,61.36878],[17.13799,61.37356],[17.10506,61.37482],[17.11648,61.38228],[17.08536,61.41477],[17.13381,61.4172],[17.11869,61.4206],[17.12554,61.43071],[17.15731,61.41471],[17.22351,61.42441],[17.19749,61.42943],[17.21741,61.43625],[17.19895,61.44899],[17.16168,61.44636],[17.18976,61.43596],[17.16523,61.42864],[17.13135,61.45712],[17.17553,61.48371],[17.10269,61.51797],[17.16588,61.51174],[17.04789,61.54798],[17.22349,61.55204],[17.03892,61.57537],[17.15218,61.58997],[17.13431,61.59109],[17.13736,61.6043],[17.06073,61.61415],[17.17956,61.61217],[17.1646,61.60732],[17.21965,61.59299],[17.24326,61.60353],[17.18409,61.6226],[17.09841,61.62058],[17.12977,61.62283],[17.09941,61.63474],[17.11567,61.65264],[17.10194,61.63685],[17.14555,61.62487],[17.18611,61.64195],[17.14138,61.6489],[17.21749,61.65164],[17.18513,61.64361],[17.2032,61.63237],[17.24632,61.64556],[17.22015,61.65135],[17.25267,61.64937],[17.18674,61.658],[17.25694,61.65662],[17.2452,61.66062],[17.25736,61.67233],[17.20878,61.69591],[17.09655,61.70936],[17.11429,61.72653],[17.18338,61.71465],[17.23995,61.72782],[17.24934,61.70735],[17.30462,61.69824],[17.27313,61.68841],[17.27928,61.67596],[17.33225,61.66466],[17.3473,61.67367],[17.30748,61.69825],[17.33432,61.70183],[17.31284,61.7238],[17.35582,61.70298],[17.40811,61.63731],[17.44246,61.61907],[17.48898,61.62091],[17.51664,61.69071],[17.5092,61.71067],[17.45117,61.73378],[17.38147,61.70636],[17.40187,61.72934],[17.37518,61.74092],[17.38778,61.77032],[17.35084,61.78168],[17.38759,61.78203],[17.36974,61.79646],[17.40247,61.7917],[17.39149,61.80255],[17.41957,61.81444],[17.32287,61.81791],[17.35074,61.8383],[17.30801,61.85305],[17.36633,61.87223],[17.36474,61.88887],[17.33257,61.89497],[17.35313,61.89897],[17.32427,61.92869],[17.35131,61.93381],[17.33968,61.95625],[17.38292,61.9511],[17.37591,61.96333],[17.40178,61.98358],[17.38572,61.98583],[17.39256,61.99422],[17.46056,62.00149],[17.41472,62.01799],[17.46447,62.03212],[17.45653,62.05642],[17.43167,62.06601],[17.46315,62.07147],[17.47294,62.12426],[17.51322,62.14245],[17.5028,62.18235],[17.5263,62.16409],[17.54223,62.17187],[17.53194,62.18862],[17.50683,62.18729],[17.49913,62.22619],[17.57656,62.22437],[17.57014,62.21078],[17.51875,62.20059],[17.55229,62.18449],[17.66124,62.23253],[17.45939,62.26398],[17.49416,62.27124],[17.46938,62.29242],[17.44763,62.28892],[17.46808,62.30204],[17.4132,62.33675],[17.38935,62.33275],[17.38005,62.28643],[17.39106,62.276],[17.37849,62.27972],[17.36687,62.3351],[17.37433,62.37328],[17.31514,62.39227],[17.39812,62.40355],[17.38663,62.44436],[17.32023,62.47118],[17.34278,62.47435],[17.33243,62.48534],[17.34251,62.49021],[17.43163,62.50371],[17.42846,62.52163],[17.4445,62.50445],[17.4561,62.52962],[17.51667,62.4855],[17.5355,62.44927],[17.6175,62.44054],[17.73986,62.38819],[17.72177,62.4032],[17.73414,62.41647],[17.67567,62.43282],[17.70406,62.42955],[17.71503,62.44322],[17.65775,62.46524],[17.68372,62.49377],[17.75044,62.50974],[17.78533,62.50611],[17.79926,62.48814],[17.81222,62.4965],[17.81886,62.48007],[17.8193,62.4922],[17.84674,62.49025],[17.88799,62.51835],[17.86618,62.55254],[17.89603,62.53973],[17.91242,62.55626],[17.90869,62.58359],[17.92684,62.58586],[17.9259,62.60874],[17.89998,62.61108],[17.94723,62.62542],[17.93046,62.61485],[17.93565,62.57044],[17.95304,62.56859],[17.92931,62.55875],[17.94026,62.5497],[18.06427,62.61237],[18.01192,62.63806],[17.9542,62.64468],[17.93922,62.63369],[17.93393,62.65307],[17.84648,62.6698],[17.92311,62.67735],[17.97789,62.65507],[17.98889,62.66661],[17.96791,62.67894],[17.98903,62.69937],[17.97928,62.71945],[17.94699,62.73114],[17.97377,62.74249],[17.93288,62.7709],[17.93258,62.7939],[17.86144,62.82013],[17.89203,62.83135],[17.88036,62.8483],[17.8945,62.86342],[17.87274,62.86155],[17.87692,62.882],[17.86927,62.89113],[17.88806,62.89753],[17.86394,62.90202],[17.8654,62.89574],[17.83855,62.92772],[17.77882,62.93824],[17.77691,62.95494],[17.70144,62.97955],[17.68158,63.00408],[17.7421,62.98111],[17.7706,62.99749],[17.77803,63.04149],[17.7525,63.10327],[17.70098,63.12791],[17.71356,63.12455],[17.69811,63.13562],[17.70096,63.12792],[17.63233,63.16065],[17.68533,63.14687],[17.76574,63.10191],[17.79044,63.01476],[17.83058,63.00217],[17.79933,63.00539],[17.78719,62.98078],[17.8287,62.97202],[17.82065,62.96009],[17.84963,62.95225],[17.8798,62.91313],[17.91936,62.92442],[17.92487,62.90167],[17.90055,62.88231],[17.91121,62.83255],[17.95034,62.81145],[17.94334,62.8006],[17.97008,62.80214],[17.97348,62.81628],[17.959,62.81739],[17.97196,62.83211],[18.02863,62.84185],[18.01751,62.85313],[18.04525,62.85861],[18.03861,62.84763],[18.16295,62.81684],[18.07151,62.81972],[18.06879,62.80877],[18.05418,62.82288],[18.02686,62.81123],[17.99821,62.82722],[17.9815,62.81904],[17.99432,62.80292],[18.07256,62.7999],[18.08618,62.78726],[18.06752,62.78527],[18.11048,62.76741],[18.1557,62.78614],[18.17963,62.8274],[18.17755,62.792],[18.23224,62.7995],[18.23388,62.81296],[18.27984,62.82856],[18.28778,62.85208],[18.23967,62.85158],[18.20795,62.82948],[18.208,62.87091],[18.19266,62.87494],[18.21712,62.87727],[18.20315,62.88847],[18.25485,62.8807],[18.23524,62.89815],[18.26354,62.89894],[18.25455,62.88794],[18.26739,62.88829],[18.26477,62.89898],[18.29281,62.89976],[18.29132,62.8755],[18.31388,62.86173],[18.34181,62.8867],[18.31661,62.85563],[18.32156,62.84022],[18.34696,62.83526],[18.40194,62.85461],[18.40741,62.87283],[18.45778,62.87698],[18.45844,62.89425],[18.38971,62.91639],[18.45402,62.90377],[18.46109,62.91541],[18.46734,62.89993],[18.51003,62.92721],[18.48452,62.94531],[18.441,62.92609],[18.44378,62.94714],[18.40367,62.95645],[18.41363,62.9603],[18.41578,62.97951],[18.42127,62.96694],[18.50496,62.95616],[18.52229,62.95831],[18.51463,62.97721],[18.55841,62.96362],[18.53544,62.99077],[18.47845,63.00109],[18.38075,63.00328],[18.31648,62.98009],[18.30318,62.99828],[18.28571,62.99068],[18.20241,63.01355],[18.24415,63.00342],[18.33188,63.01415],[18.3202,63.02971],[18.33121,63.05345],[18.37135,63.02104],[18.43669,63.02126],[18.36634,63.05397],[18.36771,63.0661],[18.426,63.06628],[18.46954,63.02313],[18.48908,63.06275],[18.52085,63.07587],[18.49602,63.08652],[18.54765,63.10972],[18.5307,63.11353],[18.53519,63.14724],[18.5178,63.15638],[18.55055,63.15969],[18.55337,63.13263],[18.58937,63.11559],[18.6049,63.14866],[18.59097,63.16354],[18.60989,63.16316],[18.58094,63.17723],[18.64186,63.18656],[18.66393,63.1678],[18.72523,63.16081],[18.69824,63.18415],[18.70794,63.20182],[18.69634,63.22358],[18.65731,63.23244],[18.68049,63.24992],[18.79776,63.2218],[18.71469,63.22398],[18.71145,63.20075],[18.74404,63.17622],[18.74889,63.18868],[18.78192,63.19008],[18.75304,63.21122],[18.78816,63.19463],[18.82555,63.21484],[18.88469,63.20434],[18.90203,63.23124],[18.71527,63.26314],[18.71043,63.28741],[18.77169,63.25637],[18.80932,63.27005],[18.80631,63.2538],[18.82312,63.24925],[18.81303,63.27234],[18.84506,63.27791],[18.82105,63.27135],[18.84924,63.25476],[18.86455,63.27144],[18.84951,63.28976],[18.8708,63.29418],[18.90035,63.2587],[18.93963,63.23623],[18.96058,63.24095],[18.93887,63.2338],[18.94369,63.22309],[18.92428,63.2294],[18.90868,63.21234],[18.92601,63.20274],[18.9451,63.21994],[19.03165,63.18788],[19.03871,63.20662],[19.02067,63.20868],[19.06903,63.2104],[19.09454,63.23088],[19.03786,63.2405],[19.02565,63.22039],[19.02356,63.24212],[19.00062,63.23875],[19.0164,63.24674],[18.98378,63.24559],[19.04073,63.26366],[19.0682,63.2523],[19.05295,63.24439],[19.08931,63.23599],[19.13037,63.256],[19.09811,63.26738],[19.13662,63.29905],[19.11536,63.31653],[19.13284,63.33554],[19.15897,63.33365],[19.1682,63.31639],[19.18767,63.32285],[19.17869,63.3316],[19.20619,63.33103],[19.21648,63.35682],[19.21307,63.33049],[19.24875,63.32851],[19.26176,63.4562],[19.30367,63.47936],[19.30434,63.45996],[19.34665,63.45947],[19.33539,63.44946],[19.3486,63.43859],[19.36519,63.44712],[19.35735,63.48088],[19.32304,63.48193],[19.32878,63.49598],[19.3556,63.50051],[19.34667,63.49133],[19.36957,63.48285],[19.36764,63.44826],[19.38991,63.46671],[19.41794,63.46486],[19.45376,63.4489],[19.43157,63.43749],[19.46295,63.43237],[19.45627,63.41925],[19.51157,63.406],[19.49392,63.43475],[19.52193,63.43257],[19.49153,63.44159],[19.46557,63.47231],[19.51425,63.48772],[19.4904,63.50169],[19.47099,63.49353],[19.42692,63.52241],[19.45852,63.53361],[19.42975,63.55841],[19.45438,63.55103],[19.44563,63.57184],[19.50435,63.5588],[19.52794,63.53252],[19.58188,63.52668],[19.62163,63.44881],[19.64616,63.44995],[19.66005,63.43036],[19.70756,63.44426],[19.7035,63.45897],[19.74226,63.44894],[19.74228,63.46332],[19.76864,63.4663],[19.75077,63.49984],[19.72613,63.50851],[19.72719,63.53235],[19.78612,63.53904],[19.79593,63.55884],[19.82644,63.55083],[19.85801,63.59879],[19.88717,63.58857],[19.88141,63.60445],[19.90441,63.61818],[19.91711,63.60154],[19.92533,63.62225],[20.00901,63.60455],[19.99479,63.63088],[20.00172,63.66348],[20.06189,63.67515],[20.11097,63.65114],[20.23284,63.65468],[20.24243,63.68961],[20.23172,63.67555],[20.22937,63.68828],[20.28484,63.74867],[20.27843,63.72394],[20.24498,63.69809],[20.25988,63.68172],[20.24093,63.66308],[20.26643,63.67244],[20.27999,63.65432],[20.31695,63.66108],[20.30162,63.68618],[20.32958,63.70607],[20.30085,63.732],[20.30214,63.75041],[20.31951,63.74722],[20.30558,63.7845],[20.26669,63.81921],[20.22446,63.82865],[20.2897,63.81607],[20.33231,63.74903],[20.38742,63.72333],[20.36352,63.72308],[20.33628,63.67979],[20.35965,63.69979],[20.39706,63.67191],[20.40238,63.69172],[20.4224,63.6798],[20.41142,63.68787],[20.43879,63.71637],[20.43374,63.74959],[20.48664,63.78249],[20.49755,63.8361],[20.52584,63.81422],[20.52675,63.78307],[20.51066,63.77322],[20.5305,63.76939],[20.53011,63.73861],[20.57575,63.72224],[20.55769,63.78558],[20.57206,63.8094],[20.56177,63.7729],[20.60504,63.81805],[20.64762,63.79247],[20.67178,63.79564],[20.67432,63.81493],[20.70793,63.82529],[20.68749,63.83488],[20.66945,63.82242],[20.65788,63.84504],[20.69189,63.85687],[20.71472,63.84904],[20.71549,63.83082],[20.73329,63.8393],[20.72044,63.85563],[20.74705,63.8513],[20.7323,63.86325],[20.7675,63.86693],[20.80374,63.90792],[20.80092,63.94622],[20.82441,63.93893],[20.85507,63.95276],[20.84736,63.96762],[20.86149,63.98078],[20.89413,63.9758],[20.89796,64.00302],[20.91939,64.01475],[20.89673,64.03336],[20.9058,64.04254],[20.87562,64.04847],[20.94342,64.05056],[20.93597,64.08302],[20.96179,64.07823],[20.95585,64.10944],[20.97048,64.11537],[20.94547,64.12473],[20.97893,64.14674],[20.9721,64.1623],[20.99359,64.14965],[21.02474,64.15921],[21.05316,64.18146],[21.0491,64.19487],[21.07998,64.20526],[21.07622,64.22493],[21.09984,64.20007],[21.1396,64.20629],[21.14024,64.22279],[21.17931,64.23434],[21.17591,64.25401],[21.20949,64.25435],[21.21529,64.27947],[21.25213,64.29252],[21.25027,64.31521],[21.27249,64.28532],[21.31948,64.30546],[21.34381,64.29495],[21.34658,64.31749],[21.41625,64.32428],[21.41438,64.35695],[21.46708,64.35324],[21.4705,64.37963],[21.5009,64.37816],[21.4937,64.39709],[21.50914,64.39779],[21.51264,64.41499],[21.61464,64.43283],[21.58277,64.48261],[21.57094,64.47966],[21.58111,64.45751],[21.5349,64.47333],[21.49309,64.44512],[21.4661,64.46327],[21.47999,64.46751],[21.47641,64.50961],[21.44296,64.52031],[21.41484,64.50988],[21.4076,64.52579],[21.42859,64.52507],[21.41615,64.53348],[21.45205,64.5433],[21.47204,64.53733],[21.46879,64.51549],[21.51279,64.50514],[21.52567,64.52625],[21.5531,64.5143],[21.54899,64.53257],[21.49357,64.53594],[21.46573,64.55481],[21.48614,64.57098],[21.44989,64.58413],[21.43586,64.55842],[21.36524,64.60539],[21.32331,64.59948],[21.35207,64.57539],[21.32064,64.58093],[21.29772,64.60421],[21.2224,64.6183],[21.24726,64.61939],[21.22662,64.65608],[21.10139,64.68369],[21.1235,64.68224],[21.12024,64.69619],[21.13068,64.67972],[21.21068,64.66976],[21.17495,64.69428],[21.15419,64.68042],[21.14128,64.69693],[21.16308,64.69726],[21.15067,64.70868],[21.08755,64.71878],[21.1739,64.707],[21.28513,64.66167],[21.2406,64.68339],[21.28785,64.67795],[21.29324,64.68871],[21.21531,64.73969],[21.29661,64.74658],[21.27625,64.76916],[21.0765,64.78514],[21.12164,64.78952],[21.1043,64.80209],[21.1166,64.80587],[20.99821,64.84305],[21.02485,64.84264],[21.011,64.85529],[21.05611,64.86649],[21.06421,64.84632],[21.0444,64.85281],[21.07669,64.83301],[21.15861,64.8154],[21.15345,64.83385],[21.18626,64.83793],[21.15963,64.86227],[21.22364,64.85973],[21.1986,64.89878],[21.2424,64.89152],[21.22385,64.91317],[21.26041,64.92248],[21.21555,64.94825],[21.38908,64.95646],[21.34341,64.9803],[21.36112,64.97923],[21.36675,64.99455],[21.40636,64.9858],[21.3778,64.99597],[21.40517,65.01014],[21.36415,65.02766],[21.46885,65.01367],[21.47299,65.0403],[21.45257,65.04059],[21.4427,65.0667],[21.53688,65.0556],[21.54763,65.06291],[22.8964,64.68261],[21.5,63.66667],[20.94,63.52167],[20.69667,63.485],[20.4,63.33333],[19.525,62.7],[19.27678,60.98633],[17.37382,60.65284],[17.31636,60.70907],[17.32528,60.71305],[17.31915,60.71965],[17.31488,60.71057],[17.29645,60.72927],[17.3521,60.75122],[17.34944,60.76749],[17.27712,60.77607],[17.3562,60.79332],[17.31851,60.8127],[17.2927,60.79267],[17.29698,60.80764],[17.24038,60.81244],[17.25425,60.82942],[17.30586,60.83921],[17.3008,60.84462],[17.29368,60.83964]],[[17.45575,62.5283],[17.44965,62.5048],[17.4719,62.51207],[17.45575,62.5283]],[[17.99703,62.69017],[18.04538,62.67278],[18.12752,62.68661],[18.11358,62.70997],[18.12921,62.70879],[18.15851,62.72473],[18.15413,62.7491],[18.10378,62.74111],[18.0832,62.75401],[18.02754,62.75354],[17.99703,62.69017]],[[18.12921,62.70879],[18.12919,62.70878],[18.14944,62.70726],[18.12921,62.70879]],[[17.47004,61.95538],[17.47609,61.94278],[17.49412,61.95792],[17.53593,61.94751],[17.49381,61.96277],[17.47004,61.95538]],[[17.30518,61.15432],[17.31993,61.14205],[17.32642,61.16141],[17.33792,61.1677],[17.32093,61.17188],[17.30518,61.15432]],[[17.25879,61.05772],[17.28917,61.056],[17.27368,61.06656],[17.25879,61.05772]],[[17.20613,61.02363],[17.24312,61.03],[17.25561,61.04035],[17.23198,61.04586],[17.20613,61.02363]],[[17.26195,61.24032],[17.27468,61.23985],[17.29126,61.23853],[17.27763,61.24408],[17.26195,61.24032]],[[17.36183,61.55576],[17.37265,61.5354],[17.39113,61.55327],[17.39773,61.53546],[17.46799,61.54206],[17.45275,61.55157],[17.36183,61.55576]],[[17.35148,61.63179],[17.37836,61.62528],[17.36974,61.64578],[17.35148,61.63179]],[[17.31555,61.55442],[17.33613,61.5568],[17.32204,61.56855],[17.31555,61.55442]],[[17.32161,61.66271],[17.32002,61.65693],[17.33632,61.65828],[17.32161,61.66271]],[[17.27062,61.57693],[17.264,61.55402],[17.30847,61.55859],[17.29117,61.5594],[17.29668,61.57274],[17.27062,61.57693]],[[17.16387,61.59271],[17.18531,61.58445],[17.21531,61.59031],[17.17835,61.59849],[17.16387,61.59271]],[[17.17462,61.53333],[17.19398,61.52796],[17.18763,61.53516],[17.17462,61.53333]],[[17.10916,61.41116],[17.12121,61.40817],[17.11999,61.41249],[17.10916,61.41116]],[[17.22498,61.22727],[17.23564,61.22577],[17.24774,61.23228],[17.23412,61.23272],[17.22498,61.22727]],[[21.52538,65.04188],[21.56516,65.03243],[21.54794,65.04595],[21.52538,65.04188]],[[21.47916,65.04146],[21.47051,65.01843],[21.50241,65.0127],[21.49052,65.01945],[21.51216,65.01435],[21.50417,65.02564],[21.52479,65.01755],[21.54448,65.02957],[21.47916,65.04146]],[[21.2898,64.72325],[21.30103,64.71974],[21.291,64.72432],[21.2898,64.72325]],[[21.3054,64.95237],[21.31082,64.94174],[21.3179,64.94804],[21.3054,64.95237]],[[21.22371,64.88579],[21.28654,64.87139],[21.29732,64.88552],[21.25121,64.90439],[21.25941,64.88234],[21.22371,64.88579]],[[20.98506,63.80613],[21.00718,63.80134],[21.00905,63.81326],[20.98506,63.80613]],[[21.2183,64.26537],[21.22059,64.2627],[21.23448,64.26288],[21.2183,64.26537]],[[20.8196,63.66164],[20.80611,63.63602],[20.81981,63.63086],[20.8149,63.64306],[20.87197,63.66297],[20.87481,63.67663],[20.8196,63.66164]],[[20.74595,63.59457],[20.76344,63.59142],[20.78414,63.61246],[20.77614,63.62239],[20.76709,63.60418],[20.75632,63.60948],[20.74595,63.59457]],[[20.82432,63.77685],[20.83145,63.76034],[20.85882,63.76608],[20.86529,63.74274],[20.89014,63.76544],[20.91676,63.76216],[20.86998,63.73432],[20.85087,63.67858],[20.87883,63.69428],[20.87392,63.68083],[20.91129,63.68736],[20.94233,63.72359],[20.92623,63.73768],[20.94449,63.74426],[20.92905,63.75019],[20.95449,63.76457],[20.93091,63.76686],[20.94928,63.77579],[20.93215,63.77723],[20.94707,63.79336],[20.93377,63.79736],[20.92523,63.78976],[20.89455,63.81686],[20.86212,63.81105],[20.82432,63.77685]],[[20.89991,63.99724],[20.89969,63.98442],[20.90978,63.9838],[20.89991,63.99724]],[[20.69226,63.81151],[20.68857,63.79802],[20.6981,63.80419],[20.69226,63.81151]],[[20.25202,63.66023],[20.26531,63.65088],[20.26675,63.65756],[20.25202,63.66023]],[[19.87992,63.48521],[19.88882,63.47493],[19.8948,63.49085],[19.87992,63.48521]],[[19.87072,63.50503],[19.87008,63.4906],[19.87654,63.50562],[19.87072,63.50503]],[[19.87515,63.56782],[19.86564,63.54575],[19.8765,63.54024],[19.88663,63.5529],[19.87515,63.56782]],[[19.53488,63.48401],[19.55604,63.48498],[19.5442,63.49891],[19.53488,63.48401]],[[19.48509,63.47323],[19.49049,63.45514],[19.5235,63.43791],[19.5328,63.44651],[19.48509,63.47323]],[[19.14495,63.2871],[19.15972,63.27149],[19.17896,63.27842],[19.14495,63.2871]],[[18.86407,63.24989],[18.89861,63.24415],[18.8867,63.2657],[18.86407,63.24989]],[[18.8543,63.1656],[18.88192,63.17313],[18.89592,63.17871],[18.88459,63.18463],[18.8543,63.1656]],[[18.82813,63.14845],[18.86158,63.15223],[18.85452,63.16025],[18.82813,63.14845]],[[18.76482,63.14351],[18.79131,63.13872],[18.80967,63.14421],[18.76482,63.14351]],[[18.75524,63.12925],[18.7633,63.11474],[18.7702,63.12719],[18.75524,63.12925]],[[18.62459,63.00766],[18.61727,62.97502],[18.65498,62.98443],[18.66446,63.01979],[18.62459,63.00766]],[[18.61395,63.02482],[18.629,63.00952],[18.66997,63.0241],[18.68011,63.05122],[18.70879,63.06347],[18.67861,63.07835],[18.64189,63.06405],[18.61395,63.02482]],[[18.65062,63.14968],[18.68326,63.13224],[18.67678,63.14956],[18.65062,63.14968]],[[18.60475,63.07413],[18.61461,63.05333],[18.6315,63.08047],[18.60475,63.07413]],[[18.62739,63.12858],[18.63599,63.11343],[18.64136,63.12802],[18.62739,63.12858]],[[18.49231,63.04841],[18.50242,63.0364],[18.4893,63.02779],[18.50859,63.02035],[18.56824,63.05777],[18.52768,63.06705],[18.49231,63.04841]],[[18.19324,62.76157],[18.21043,62.76409],[18.24194,62.78038],[18.22569,62.78426],[18.19324,62.76157]],[[18.00326,62.65783],[18.09119,62.64102],[18.10519,62.65864],[18.06399,62.66327],[18.07763,62.67198],[18.00326,62.65783]],[[17.94578,62.79098],[17.99689,62.75794],[18.02772,62.77161],[17.94578,62.79098]],[[17.79369,62.97175],[17.81112,62.96406],[17.81335,62.97429],[17.79369,62.97175]],[[17.51954,61.71718],[17.54063,61.72246],[17.55539,61.73143],[17.53025,61.73333],[17.51954,61.71718]],[[17.63191,62.0178],[17.63064,62.00731],[17.64025,62.01441],[17.63191,62.0178]],[[17.69293,62.22656],[17.67913,62.19382],[17.69386,62.18532],[17.74453,62.21696],[17.69293,62.22656]],[[17.54283,62.3885],[17.57813,62.37891],[17.59303,62.38034],[17.58276,62.40364],[17.54283,62.3885]],[[17.53422,62.39764],[17.55125,62.40028],[17.54674,62.40627],[17.53422,62.39764]],[[17.52436,62.43754],[17.54159,62.42624],[17.56002,62.42996],[17.54392,62.43997],[17.52436,62.43754]],[[17.37141,62.47935],[17.41126,62.41558],[17.40703,62.3671],[17.43531,62.35275],[17.45457,62.36599],[17.53464,62.36003],[17.51786,62.41407],[17.47377,62.43601],[17.5028,62.44918],[17.489,62.45999],[17.37141,62.47935]]],[[[18.37001,62.94343],[18.37886,62.94685],[18.38794,62.9412],[18.37001,62.94343]]],[[[18.37886,62.94685],[18.39212,62.95913],[18.40367,62.95645],[18.37886,62.94685]]],[[[17.61416,63.16536],[17.62266,63.16525],[17.63233,63.16065],[17.61416,63.16536]]],[[[17.27048,63.16958],[17.58702,63.1724],[17.61416,63.16536],[17.27048,63.16958]]],[[[20.40666,63.70764],[20.40238,63.69172],[20.40025,63.69299],[20.40666,63.70764]]],[[[17.29232,60.83869],[17.29368,60.83964],[17.29452,60.83878],[17.29232,60.83869]]],[[[17.42846,62.52163],[17.42839,62.52171],[17.42843,62.52181],[17.42846,62.52163]]],[[[17.42843,62.52181],[17.42307,62.55199],[17.3885,62.52098],[17.42311,62.55357],[17.4374,62.5432],[17.42843,62.52181]]],[[[17.4374,62.5432],[17.43843,62.54568],[17.4501,62.53398],[17.4374,62.5432]]],[[[17.4501,62.53398],[17.45605,62.52965],[17.45553,62.52852],[17.4501,62.53398]]],[[[17.45605,62.52965],[17.45618,62.52992],[17.4561,62.52962],[17.45605,62.52965]]],[[[17.86927,62.89113],[17.86668,62.89024],[17.8654,62.89574],[17.86927,62.89113]]],[[[17.70098,63.12791],[17.70096,63.12791],[17.70096,63.12792],[17.70098,63.12791]]],[[[18.26354,62.89894],[18.26449,62.90011],[18.26477,62.89898],[18.26354,62.89894]]],[[[18.94369,63.22309],[18.94728,63.22191],[18.9451,63.21994],[18.94369,63.22309]]],[[[17.31787,62.29587],[17.33249,62.29714],[17.33416,62.29404],[17.31787,62.29587]]],[[[17.33416,62.29404],[17.34275,62.29307],[17.34023,62.28276],[17.33416,62.29404]]],[[[17.365,62.27477],[17.3913,62.27577],[17.39399,62.27321],[17.365,62.27477]]],[[[17.34392,62.2759],[17.365,62.27477],[17.34494,62.27401],[17.34392,62.2759]]],[[[17.39106,62.276],[17.39177,62.27578],[17.3913,62.27577],[17.39106,62.276]]],[[[17.34023,62.28276],[17.34392,62.2759],[17.33863,62.27619],[17.34023,62.28276]]]]}},{"id":"53","type":"Feature","properties":{"zone_id":"SE03_OFF","name":"Sweden Stockholm (SE3) Offshore Node 03","parent_zone":"SE03_OFF","level":"PEOF","area_km2":86569.79},"geometry":{"type":"MultiPolygon","coordinates":[[[[16.63122,57.63792],[16.58213,57.65958],[16.62906,57.64847],[16.64534,57.67661],[16.59213,57.68347],[16.60114,57.68852],[16.59399,57.69483],[16.63056,57.68279],[16.69215,57.68792],[16.72732,57.67308],[16.7497,57.67598],[16.69443,57.69629],[16.7321,57.6955],[16.70746,57.71168],[16.73922,57.71166],[16.66384,57.72663],[16.68285,57.72616],[16.67965,57.73663],[16.65162,57.75647],[16.47026,57.84929],[16.45796,57.85002],[16.46944,57.83037],[16.44836,57.83342],[16.4443,57.85571],[16.40835,57.88199],[16.41583,57.9035],[16.4412,57.86795],[16.49547,57.84419],[16.52979,57.84964],[16.53587,57.83208],[16.5792,57.81568],[16.64243,57.76135],[16.67498,57.76582],[16.71942,57.73506],[16.70852,57.76075],[16.6602,57.77415],[16.56771,57.83786],[16.54323,57.83376],[16.55119,57.84124],[16.52965,57.86899],[16.4682,57.89144],[16.50662,57.89649],[16.46923,57.91194],[16.59939,57.87889],[16.56174,57.91918],[16.59772,57.9316],[16.52204,57.95656],[16.49423,57.9791],[16.51077,57.97453],[16.4948,57.99305],[16.50714,57.9984],[16.53816,57.96957],[16.59913,57.95781],[16.60581,57.93552],[16.66719,57.91087],[16.60488,57.92995],[16.59102,57.91949],[16.66013,57.87336],[16.70859,57.89076],[16.68798,57.89467],[16.69646,57.90258],[16.76313,57.85916],[16.802,57.87025],[16.74511,57.90372],[16.79121,57.89363],[16.78419,57.90726],[16.73842,57.91358],[16.75173,57.9257],[16.74952,57.91575],[16.80597,57.90823],[16.75509,57.93905],[16.77846,57.93719],[16.76447,57.95482],[16.81505,57.97732],[16.79828,57.99297],[16.81249,57.99562],[16.7679,58.00123],[16.72673,57.97963],[16.71524,57.96806],[16.74285,57.94634],[16.68161,57.98659],[16.68106,57.96891],[16.62264,57.98536],[16.6714,57.9862],[16.6511,58.00219],[16.66212,58.05359],[16.67185,58.00781],[16.68932,57.99701],[16.73599,57.99742],[16.71431,58.01222],[16.69691,58.00126],[16.70331,58.02033],[16.80536,58.00315],[16.79659,58.0164],[16.77096,58.01072],[16.76187,58.02381],[16.77448,58.02776],[16.74661,58.04573],[16.6888,58.04785],[16.76323,58.05205],[16.7285,58.06392],[16.75615,58.07204],[16.77798,58.06788],[16.76741,58.0506],[16.80121,58.04423],[16.79503,58.05451],[16.81329,58.06321],[16.73994,58.09447],[16.75626,58.10092],[16.73143,58.10619],[16.72686,58.12413],[16.67582,58.13062],[16.65765,58.14374],[16.67636,58.14953],[16.69598,58.13782],[16.67938,58.13719],[16.68788,58.13077],[16.72509,58.13024],[16.60558,58.20225],[16.77434,58.10723],[16.76311,58.12564],[16.82869,58.12765],[16.8161,58.14408],[16.82602,58.15626],[16.79429,58.16888],[16.87283,58.17658],[16.84243,58.17954],[16.85289,58.1957],[16.80373,58.19454],[16.82692,58.21527],[16.796,58.21949],[16.81014,58.23717],[16.76567,58.2483],[16.75141,58.23581],[16.74372,58.24586],[16.758,58.24517],[16.70048,58.27081],[16.75375,58.26271],[16.74281,58.27451],[16.77538,58.27125],[16.76674,58.28351],[16.83947,58.28063],[16.78206,58.28943],[16.82239,58.29514],[16.84983,58.28114],[16.82388,58.2668],[16.85324,58.27085],[16.82288,58.26185],[16.84542,58.26262],[16.89081,58.29452],[16.80672,58.3172],[16.73332,58.31098],[16.63627,58.3453],[16.80342,58.33521],[16.78446,58.34553],[16.79399,58.35938],[16.78087,58.37884],[16.80489,58.36821],[16.80671,58.33911],[16.83353,58.3354],[16.82781,58.32263],[16.87956,58.31551],[16.91972,58.32403],[16.9156,58.33431],[16.84936,58.3371],[16.82223,58.37012],[16.86182,58.37412],[16.82085,58.38089],[16.8507,58.37889],[16.87014,58.39777],[16.81021,58.3958],[16.82323,58.40611],[16.81301,58.41832],[16.77148,58.4058],[16.78734,58.40356],[16.77955,58.39182],[16.80744,58.39522],[16.77821,58.38279],[16.77444,58.36843],[16.75107,58.37384],[16.73513,58.35313],[16.7256,58.36827],[16.70968,58.355],[16.70801,58.36925],[16.73074,58.37566],[16.71268,58.37786],[16.7239,58.38448],[16.70738,58.40135],[16.62174,58.42064],[16.61616,58.44018],[16.56295,58.42832],[16.57331,58.43766],[16.41898,58.48261],[16.48656,58.47339],[16.48369,58.4836],[16.58273,58.44602],[16.738,58.42033],[16.77264,58.44186],[16.8507,58.44444],[16.8685,58.4653],[16.8575,58.47347],[16.92808,58.47131],[16.95106,58.48401],[16.85831,58.51982],[16.8684,58.52662],[16.83415,58.55486],[16.7682,58.56916],[16.80003,58.58042],[16.77853,58.58918],[16.80058,58.59689],[16.7734,58.60439],[16.71653,58.60399],[16.76222,58.58012],[16.59593,58.62855],[16.5502,58.63346],[16.5432,58.62503],[16.56723,58.62427],[16.53811,58.6148],[16.44242,58.6378],[16.42452,58.63095],[16.43622,58.6221],[16.41926,58.60392],[16.43619,58.59962],[16.40179,58.58518],[16.38031,58.60357],[16.38846,58.61826],[16.33428,58.63292],[16.35158,58.61903],[16.31208,58.61697],[16.31739,58.60752],[16.24806,58.61648],[16.2125,58.59703],[16.18259,58.61477],[16.1853,58.64099],[16.25678,58.62905],[16.27256,58.64421],[16.22828,58.66501],[16.35048,58.66627],[16.92885,58.61054],[17.02278,58.62575],[17.04149,58.63834],[17.02574,58.64858],[17.046,58.64922],[17.00568,58.66958],[16.94295,58.6661],[16.95185,58.67861],[17.06381,58.67157],[17.03942,58.66813],[17.04929,58.65552],[17.07101,58.6685],[17.08764,58.66157],[17.07793,58.64761],[17.10873,58.64688],[17.11802,58.65466],[17.1022,58.6661],[17.13821,58.66292],[17.13269,58.68093],[17.16946,58.68994],[17.03593,58.69588],[17.125,58.70831],[17.08686,58.71612],[17.11745,58.72461],[17.11018,58.73354],[17.01232,58.74295],[17.092,58.74103],[17.08624,58.7693],[17.11756,58.7448],[17.11335,58.73027],[17.15858,58.71657],[17.1576,58.73148],[17.19043,58.72142],[17.20282,58.72703],[17.19559,58.73751],[17.23864,58.72171],[17.30257,58.72675],[17.27515,58.74622],[17.30476,58.74613],[17.29879,58.75796],[17.39049,58.74036],[17.39651,58.78366],[17.37508,58.78559],[17.38574,58.79644],[17.51393,58.77907],[17.45476,58.80635],[17.47106,58.81273],[17.46229,58.82495],[17.48178,58.80967],[17.47979,58.84194],[17.51089,58.83185],[17.48227,58.84525],[17.49782,58.85409],[17.45779,58.89278],[17.57813,58.83175],[17.55817,58.85913],[17.6057,58.86071],[17.55272,58.8644],[17.565,58.86819],[17.52641,58.89482],[17.62938,58.88345],[17.6179,58.9165],[17.58194,58.91714],[17.61325,58.92751],[17.57406,58.94628],[17.58776,58.96196],[17.6239,58.9405],[17.61959,58.97043],[17.62916,58.94764],[17.64124,58.96439],[17.63436,58.92424],[17.66069,58.91113],[17.66075,58.93011],[17.69639,58.89427],[17.67763,58.92164],[17.68956,58.92826],[17.70825,58.91027],[17.69718,58.98643],[17.71337,58.99523],[17.69291,59.04842],[17.66311,59.04918],[17.66581,59.07517],[17.64591,59.07154],[17.62601,59.02329],[17.63602,59.00807],[17.63439,59.02487],[17.65333,59.03513],[17.64298,59.01824],[17.65356,59.01291],[17.62228,58.99047],[17.61492,59.02209],[17.63537,59.0625],[17.61671,59.0843],[17.66058,59.09556],[17.64441,59.10745],[17.68773,59.10445],[17.65409,59.18298],[17.70603,59.10168],[17.67964,59.09833],[17.69527,59.09267],[17.68244,59.07691],[17.69165,59.05176],[17.74021,59.06152],[17.73468,59.09789],[17.77098,59.11666],[17.78482,59.09642],[17.74238,59.08259],[17.76638,59.0671],[17.74243,59.05029],[17.76198,58.98906],[17.73819,58.97792],[17.73723,58.95965],[17.7514,58.96399],[17.73165,58.92896],[17.7566,58.89864],[17.77149,58.91549],[17.78263,58.86707],[17.79981,58.86615],[17.81628,58.89635],[17.77043,58.93427],[17.77227,58.96152],[17.81825,58.90084],[17.84863,58.90183],[17.8172,58.87903],[17.83057,58.84882],[17.81116,58.85284],[17.81463,58.80885],[17.79097,58.79863],[17.85414,58.79277],[17.85233,58.80735],[17.87522,58.8111],[17.86034,58.85091],[17.83038,58.85458],[17.8475,58.86424],[17.83684,58.87911],[17.86622,58.89183],[17.84995,58.90845],[17.86052,58.91606],[17.87438,58.87758],[17.84935,58.86948],[17.87882,58.83157],[17.92397,58.82716],[17.92191,58.80038],[17.93934,58.84847],[17.91002,58.8517],[17.98148,58.93541],[17.96315,58.95095],[17.98796,58.96156],[17.98586,58.9312],[18.00832,58.94],[18.01317,58.9292],[18.04602,58.96623],[18.05942,58.95566],[18.1051,58.98143],[18.12581,58.96357],[18.1541,58.97136],[18.1622,58.97795],[18.13824,58.98752],[18.15484,58.99808],[18.14054,59.01438],[18.15987,58.99242],[18.17609,59.0044],[18.19537,58.99128],[18.18989,59.00614],[18.20305,59.01537],[18.17847,59.01563],[18.23147,59.02514],[18.09877,59.02445],[18.07121,59.00208],[18.08272,58.99455],[18.05446,58.98608],[18.06719,58.97555],[18.04696,58.96733],[18.05005,58.98155],[18.02114,58.95467],[18.03918,58.97183],[18.02501,58.9746],[18.00213,58.95358],[18.04157,59.00041],[17.96289,58.95118],[17.95568,58.95728],[17.98714,58.98004],[17.97104,58.97575],[17.99327,59.00831],[17.99398,58.98682],[18.02222,59.01248],[17.99238,59.03219],[18.00181,59.0414],[18.0443,59.01837],[18.033,59.0448],[18.10988,59.05007],[18.10515,59.06663],[18.19734,59.08744],[18.22808,59.10026],[18.20071,59.10312],[18.24009,59.11862],[18.25355,59.11254],[18.23733,59.10643],[18.2448,59.09917],[18.21673,59.08536],[18.23978,59.08475],[18.19346,59.06439],[18.29743,59.07309],[18.22229,59.06867],[18.34933,59.09574],[18.32431,59.09271],[18.32477,59.10826],[18.29189,59.0983],[18.2821,59.11298],[18.39243,59.13937],[18.40793,59.12918],[18.47059,59.16536],[18.43197,59.16385],[18.41769,59.13779],[18.42904,59.15926],[18.38997,59.15811],[18.40404,59.17679],[18.36267,59.16688],[18.39336,59.19374],[18.31464,59.21162],[18.33661,59.21491],[18.31208,59.23367],[18.40116,59.19529],[18.39446,59.18142],[18.41463,59.18689],[18.40861,59.20262],[18.25283,59.26693],[18.35862,59.2628],[18.31272,59.26465],[18.31259,59.28348],[18.28901,59.30389],[18.3123,59.32821],[18.35658,59.32241],[18.34502,59.29575],[18.38926,59.28956],[18.33204,59.282],[18.39248,59.27193],[18.49688,59.21462],[18.57614,59.2213],[18.54631,59.23994],[18.6206,59.24709],[18.51075,59.27256],[18.52781,59.28234],[18.41365,59.2976],[18.45685,59.31203],[18.45758,59.29969],[18.54524,59.28616],[18.53023,59.28548],[18.54537,59.28106],[18.538,59.27048],[18.58268,59.27018],[18.56095,59.26261],[18.64991,59.24803],[18.65565,59.26121],[18.63849,59.26163],[18.71047,59.27848],[18.68905,59.28046],[18.70792,59.28902],[18.69509,59.29162],[18.70264,59.29874],[18.55619,59.28547],[18.64522,59.29463],[18.66616,59.31364],[18.64981,59.30716],[18.64992,59.333],[18.63281,59.34403],[18.62431,59.32751],[18.6033,59.34784],[18.56482,59.34165],[18.57033,59.35128],[18.51925,59.36034],[18.64503,59.34934],[18.6273,59.36808],[18.55725,59.36071],[18.58802,59.37092],[18.52889,59.38205],[18.53486,59.39547],[18.51127,59.38933],[18.52925,59.39987],[18.51836,59.40652],[18.41569,59.42317],[18.47184,59.38602],[18.4497,59.38579],[18.46173,59.37434],[18.45251,59.36144],[18.4821,59.33548],[18.46018,59.3148],[18.42939,59.3258],[18.45284,59.33442],[18.40895,59.35694],[18.3709,59.35866],[18.37805,59.34999],[18.34899,59.36349],[18.32302,59.34791],[18.27498,59.35909],[18.19416,59.32434],[18.10012,59.31596],[18.07332,59.32059],[18.08875,59.32407],[18.07605,59.33177],[18.15618,59.32185],[18.09456,59.36616],[18.04635,59.38054],[18.08274,59.37922],[18.1033,59.3963],[18.08293,59.42325],[18.09917,59.41738],[18.13924,59.45258],[18.15045,59.43318],[18.17038,59.4363],[18.16789,59.41116],[18.15037,59.40087],[18.16329,59.39331],[18.3312,59.38167],[18.29933,59.3883],[18.33629,59.38603],[18.32875,59.39704],[18.26912,59.40303],[18.29169,59.41007],[18.26099,59.42637],[18.30096,59.42287],[18.22203,59.42995],[18.31051,59.44409],[18.26757,59.46471],[18.38763,59.45275],[18.40592,59.48116],[18.43068,59.47749],[18.49099,59.51724],[18.66786,59.57876],[18.70786,59.62765],[18.74799,59.61706],[18.73575,59.62921],[18.74644,59.6423],[18.68069,59.63629],[18.71445,59.64751],[18.71261,59.66063],[18.74079,59.65364],[18.75432,59.66832],[18.74533,59.67743],[18.79629,59.67209],[18.80605,59.683],[18.76597,59.68571],[18.90216,59.70219],[18.89103,59.71646],[18.99456,59.70267],[19.07161,59.71747],[19.0828,59.75926],[19.00903,59.77197],[18.83032,59.77253],[18.71333,59.74822],[18.73816,59.75483],[18.72017,59.75723],[18.73531,59.76562],[18.86787,59.77947],[18.87599,59.78677],[18.89213,59.77936],[18.9359,59.79023],[19.01182,59.781],[19.01544,59.79286],[18.99059,59.785],[19.01125,59.80041],[18.97658,59.7997],[18.99829,59.81367],[18.98652,59.81299],[18.99809,59.8252],[18.98814,59.84479],[18.95072,59.85879],[18.93837,59.84744],[18.93743,59.88549],[18.89591,59.88896],[18.91637,59.89857],[18.85285,59.93862],[18.93535,59.90689],[18.9308,59.89493],[18.97562,59.87602],[19.02235,59.82153],[19.0374,59.83597],[19.03457,59.81895],[19.05346,59.8205],[19.05236,59.80712],[19.07803,59.82467],[19.08513,59.85735],[19.07302,59.8689],[19.08394,59.87524],[19.04491,59.89932],[19.02592,59.89044],[19.04469,59.87961],[19.03047,59.87582],[19.01436,59.89421],[19.03632,59.90225],[18.94154,59.91169],[18.94037,59.93208],[18.90294,59.93135],[18.92518,59.93756],[18.9048,59.95439],[18.90855,59.97201],[18.87863,59.9798],[18.87815,60.00152],[18.84147,60.03438],[18.83332,60.07992],[18.81163,60.09887],[18.83777,60.11052],[18.80854,60.12124],[18.77772,60.11939],[18.8038,60.10228],[18.76918,60.11019],[18.76501,60.09814],[18.76928,60.04767],[18.79691,59.99697],[18.76183,60.05633],[18.76136,60.10634],[18.74457,60.11961],[18.68136,60.11522],[18.68701,60.13092],[18.67432,60.13614],[18.58599,60.14166],[18.58882,60.05537],[18.56839,60.11797],[18.54665,60.12566],[18.56781,60.12984],[18.52729,60.15762],[18.51825,60.14654],[18.49959,60.16629],[18.43657,60.17684],[18.45566,60.18602],[18.43512,60.20416],[18.46699,60.1853],[18.4529,60.19779],[18.48212,60.20694],[18.35692,60.27955],[18.39425,60.27412],[18.48227,60.2297],[18.46319,60.23144],[18.50426,60.20266],[18.55499,60.18671],[18.54694,60.20282],[18.56865,60.2041],[18.50682,60.22431],[18.6011,60.22215],[18.61696,60.23067],[18.60975,60.25492],[18.52315,60.27421],[18.56967,60.27334],[18.54413,60.28893],[18.5047,60.28232],[18.45796,60.33896],[18.38739,60.33362],[18.31302,60.37108],[18.3152,60.35382],[18.27885,60.35399],[18.25393,60.32797],[18.23176,60.33584],[18.25858,60.3455],[18.24495,60.36161],[18.28366,60.36041],[18.28506,60.37924],[18.17989,60.4017],[18.22551,60.41155],[18.19466,60.41953],[18.19427,60.42745],[18.19007,60.42104],[18.20562,60.40838],[18.16838,60.40592],[18.14679,60.42772],[18.12129,60.42742],[18.10043,60.45188],[18.10401,60.47328],[18.07102,60.47389],[18.07802,60.50158],[18.06582,60.48451],[18.06381,60.50263],[17.9847,60.50747],[18.03035,60.53126],[18.00436,60.53702],[18.02103,60.54874],[18.00257,60.57397],[18.0241,60.57217],[17.99965,60.58137],[18.01051,60.5902],[17.99098,60.60378],[17.77069,60.56892],[17.7402,60.54137],[17.72796,60.55579],[17.72997,60.50158],[17.69651,60.5282],[17.70702,60.54176],[17.67522,60.53448],[17.68234,60.52691],[17.66526,60.51779],[17.68938,60.51907],[17.68155,60.50654],[17.6409,60.52865],[17.67391,60.54986],[17.62209,60.53991],[17.64266,60.55557],[17.58989,60.58637],[17.66927,60.62659],[17.54966,60.65014],[17.565,60.66213],[17.45218,60.64166],[17.4361,60.61903],[17.45753,60.58191],[17.44036,60.56366],[17.45456,60.58465],[17.42991,60.62099],[17.44436,60.63324],[17.43685,60.64824],[17.37382,60.65284],[19.27678,60.98633],[19.235,60.67833],[19.15833,60.37167],[19.0832,60.19168],[20.15333,59.44502],[20.48147,58.8445],[20.43945,58.48298],[20.37133,58.19968],[20.41533,57.91152],[20.06608,57.56333],[20.036,57.44528],[19.89275,57.23653],[19.67117,56.96667],[19.41783,56.58333],[19.35117,56.45],[19.09448,56.04055],[19.06748,55.955],[18.92575,55.8798],[18.36333,55.92155],[18.0,55.78308],[17.67876,55.68258],[16.31545,56.01724],[16.05069,56.31789],[16.08393,56.35646],[16.07393,56.36343],[16.0921,56.38167],[16.09318,56.42164],[16.12897,56.4363],[16.11451,56.44087],[16.12987,56.45333],[16.14004,56.44211],[16.12932,56.46385],[16.17188,56.49023],[16.18442,56.52813],[16.21496,56.5262],[16.23026,56.57014],[16.22124,56.60296],[16.2438,56.6046],[16.23375,56.61013],[16.24961,56.61459],[16.2456,56.63306],[16.26863,56.63129],[16.28156,56.65662],[16.29878,56.64344],[16.301,56.65924],[16.3257,56.65252],[16.31614,56.63074],[16.36517,56.66696],[16.36236,56.69319],[16.37777,56.70167],[16.34928,56.71671],[16.3775,56.72254],[16.36489,56.72621],[16.37556,56.72812],[16.36561,56.7566],[16.3916,56.75229],[16.36341,56.76377],[16.38894,56.76486],[16.37855,56.77615],[16.42429,56.77907],[16.44905,56.76066],[16.48,56.77146],[16.48438,56.79122],[16.46701,56.8029],[16.44102,56.78409],[16.39305,56.78526],[16.41574,56.79924],[16.3993,56.81106],[16.4246,56.81833],[16.41185,56.82355],[16.42995,56.83774],[16.41718,56.84397],[16.44892,56.86635],[16.43933,56.90561],[16.45231,56.90462],[16.4324,56.91752],[16.47146,56.92307],[16.46038,56.95209],[16.47319,56.95265],[16.4323,56.98163],[16.44151,57.00732],[16.47444,56.96508],[16.49147,56.97082],[16.46566,57.00275],[16.49639,57.01718],[16.45185,57.04395],[16.52344,57.01842],[16.54612,57.02412],[16.52983,57.03255],[16.54317,57.04938],[16.5762,57.03803],[16.58555,57.05362],[16.53586,57.06792],[16.56914,57.07118],[16.57712,57.0894],[16.5445,57.09755],[16.53473,57.11605],[16.50929,57.1134],[16.49819,57.14413],[16.46471,57.15967],[16.45517,57.18124],[16.46598,57.19069],[16.45076,57.20388],[16.4722,57.19593],[16.45965,57.20878],[16.50797,57.23281],[16.49004,57.25893],[16.45311,57.26735],[16.48042,57.26469],[16.4754,57.27873],[16.50679,57.2933],[16.49839,57.29983],[16.55486,57.3106],[16.54876,57.33166],[16.57352,57.3383],[16.5539,57.34864],[16.55815,57.37541],[16.62585,57.36535],[16.65148,57.40626],[16.6775,57.40911],[16.70188,57.43089],[16.67888,57.43173],[16.72714,57.44288],[16.70591,57.45191],[16.71771,57.45768],[16.69063,57.44791],[16.65149,57.46234],[16.69941,57.47548],[16.71143,57.48858],[16.66747,57.50902],[16.6915,57.50829],[16.64617,57.51298],[16.65654,57.51964],[16.62966,57.53492],[16.67265,57.53253],[16.66858,57.54627],[16.59206,57.55441],[16.58588,57.53254],[16.57402,57.56496],[16.51259,57.56408],[16.55971,57.56729],[16.51242,57.58645],[16.54841,57.60036],[16.49826,57.63707],[16.55224,57.61045],[16.563,57.62077],[16.5737,57.60305],[16.56145,57.5981],[16.5876,57.58712],[16.57902,57.60419],[16.59372,57.60307],[16.59774,57.62139],[16.60135,57.57842],[16.66616,57.55652],[16.69273,57.57294],[16.63228,57.56978],[16.62524,57.57807],[16.63999,57.58241],[16.60971,57.6034],[16.66099,57.60901],[16.63166,57.63749],[16.6582,57.6354],[16.66683,57.65215],[16.64032,57.64917],[16.6598,57.64605],[16.63122,57.63792]],[[18.19427,60.42745],[18.19783,60.43288],[18.19408,60.43134],[18.19427,60.42745]],[[18.19408,60.43134],[18.19381,60.43677],[18.17839,60.4249],[18.19408,60.43134]],[[16.69941,57.47548],[16.69799,57.47392],[16.71765,57.48047],[16.69941,57.47548]],[[16.35825,56.65734],[16.36222,56.65774],[16.37103,56.6661],[16.35825,56.65734]],[[16.36222,56.65774],[16.36071,56.6563],[16.37797,56.6593],[16.36222,56.65774]],[[18.51017,59.49289],[18.51032,59.46979],[18.52722,59.46746],[18.51323,59.46262],[18.53709,59.453],[18.54763,59.42203],[18.56519,59.43773],[18.59553,59.42023],[18.6093,59.42465],[18.58891,59.43791],[18.60207,59.44852],[18.58468,59.4375],[18.56948,59.45021],[18.57139,59.47371],[18.58251,59.44966],[18.6116,59.46085],[18.58203,59.49009],[18.62652,59.48538],[18.63663,59.50399],[18.66111,59.50669],[18.65208,59.51544],[18.67614,59.51855],[18.6648,59.52186],[18.80859,59.53573],[18.83125,59.54697],[18.81137,59.55332],[18.67386,59.53053],[18.68697,59.54219],[18.65008,59.55205],[18.70409,59.55767],[18.64524,59.56138],[18.55745,59.52027],[18.53692,59.49854],[18.55737,59.49596],[18.51017,59.49289]],[[18.59553,59.42023],[18.59401,59.41974],[18.61289,59.41021],[18.59553,59.42023]],[[18.36206,59.42125],[18.37189,59.40668],[18.40974,59.41031],[18.36206,59.42125]],[[18.37189,59.40668],[18.3715,59.40664],[18.37195,59.4066],[18.37189,59.40668]],[[18.37195,59.4066],[18.37987,59.39484],[18.43706,59.39081],[18.41815,59.40242],[18.37195,59.4066]],[[16.87253,58.37475],[16.8943,58.36774],[16.8625,58.34531],[16.89121,58.34912],[16.89544,58.37098],[16.87253,58.37475]],[[16.85605,58.4117],[16.875,58.41211],[16.89367,58.42038],[16.87885,58.42237],[16.85605,58.4117]],[[16.82042,58.41888],[16.83193,58.40679],[16.83877,58.42013],[16.82042,58.41888]],[[16.77801,58.43722],[16.78059,58.42618],[16.79082,58.43482],[16.77801,58.43722]],[[16.73145,58.40811],[16.7339,58.39176],[16.74475,58.4074],[16.73145,58.40811]],[[16.63952,58.42237],[16.68284,58.41115],[16.66731,58.43164],[16.64401,58.43341],[16.65888,58.42444],[16.63952,58.42237]],[[16.76913,58.32957],[16.77769,58.3222],[16.78619,58.33138],[16.76913,58.32957]],[[16.81533,57.88723],[16.82888,57.88543],[16.81855,57.89049],[16.81533,57.88723]],[[16.90734,58.20884],[16.90922,58.18477],[16.94868,58.18359],[16.94465,58.19639],[16.90734,58.20884]],[[16.91559,58.2371],[16.91974,58.22385],[16.93954,58.23041],[16.91559,58.2371]],[[16.90301,58.24872],[16.91491,58.24909],[16.93617,58.26101],[16.91804,58.26436],[16.90301,58.24872]],[[16.875,58.19308],[16.88294,58.18359],[16.89374,58.2008],[16.875,58.19308]],[[16.8593,58.25667],[16.88296,58.24263],[16.92501,58.27949],[16.8907,58.27085],[16.8593,58.25667]],[[16.85015,58.24283],[16.85512,58.23431],[16.86726,58.23948],[16.85015,58.24283]],[[16.79923,58.27398],[16.8092,58.26171],[16.81253,58.27133],[16.79923,58.27398]],[[16.83306,58.1394],[16.83565,58.12429],[16.84571,58.13243],[16.85261,58.12417],[16.85148,58.13871],[16.83306,58.1394]],[[16.78396,58.1024],[16.83672,58.0861],[16.83782,58.10327],[16.81796,58.09607],[16.80783,58.10302],[16.82871,58.11032],[16.81217,58.11596],[16.83244,58.11857],[16.79976,58.11827],[16.78396,58.1024]],[[16.68495,57.99181],[16.69699,57.98059],[16.71435,57.98617],[16.68495,57.99181]],[[16.77224,57.94635],[16.79914,57.93962],[16.78367,57.95132],[16.79422,57.96424],[16.77224,57.94635]],[[16.69568,57.84054],[16.73156,57.83203],[16.74188,57.80885],[16.76175,57.81702],[16.78727,57.80247],[16.75845,57.82213],[16.76593,57.83706],[16.70641,57.85299],[16.69568,57.84054]],[[16.69849,57.88353],[16.69539,57.87133],[16.70559,57.87048],[16.69849,57.88353]],[[16.66086,57.8376],[16.66996,57.81368],[16.65398,57.80206],[16.70036,57.7829],[16.72519,57.7984],[16.67605,57.8128],[16.70127,57.81007],[16.66086,57.8376]],[[16.63599,57.87994],[16.65159,57.84854],[16.68664,57.84766],[16.63599,57.87994]],[[16.61706,57.89177],[16.62058,57.88205],[16.6313,57.88457],[16.61706,57.89177]],[[16.58596,57.90053],[16.59649,57.8891],[16.60395,57.89155],[16.58596,57.90053]],[[16.56931,57.84728],[16.58452,57.84129],[16.58918,57.85906],[16.56931,57.84728]],[[16.55804,57.86047],[16.57689,57.85842],[16.58315,57.86841],[16.56518,57.86933],[16.55804,57.86047]],[[16.66347,57.67541],[16.68595,57.67035],[16.70472,57.67657],[16.66347,57.67541]],[[16.65714,57.67062],[16.6615,57.66272],[16.67101,57.66809],[16.65714,57.67062]],[[16.64765,57.58803],[16.65077,57.57466],[16.66875,57.59169],[16.69244,57.57768],[16.73261,57.62038],[16.70054,57.62196],[16.70431,57.60195],[16.6912,57.59567],[16.67594,57.60372],[16.64765,57.58803]],[[16.68525,57.52516],[16.69862,57.50652],[16.72066,57.50361],[16.68525,57.52516]],[[16.68113,57.54211],[16.68827,57.53377],[16.70222,57.54029],[16.68113,57.54211]],[[16.69771,57.46304],[16.70023,57.45862],[16.71999,57.4628],[16.69771,57.46304]],[[16.58528,57.12028],[16.58474,57.10782],[16.64603,57.09869],[16.58528,57.12028]],[[16.52738,57.15333],[16.57077,57.16197],[16.55756,57.17651],[16.53759,57.17569],[16.52738,57.15333]],[[16.55715,57.32066],[16.57648,57.31266],[16.59015,57.31878],[16.57048,57.33563],[16.55715,57.32066]],[[16.48278,56.94183],[16.48659,56.937],[16.49644,56.9435],[16.48278,56.94183]],[[16.49864,57.01518],[16.50343,56.99364],[16.504,57.00901],[16.52303,56.99505],[16.53343,57.00212],[16.49864,57.01518]],[[16.36979,56.52329],[16.38273,56.50632],[16.37067,56.46254],[16.37928,56.42693],[16.40676,56.41312],[16.39129,56.27023],[16.41031,56.25325],[16.39295,56.20772],[16.40269,56.19341],[16.4838,56.2412],[16.56706,56.36482],[16.56616,56.39946],[16.63542,56.51563],[16.63902,56.5499],[16.7034,56.59899],[16.69937,56.62632],[16.74045,56.68738],[16.77597,56.78642],[16.79933,56.81086],[16.81686,56.80488],[16.81092,56.81688],[16.84792,56.81995],[16.86661,56.8458],[16.85858,56.88774],[16.88386,56.90267],[16.903,56.94449],[16.87734,56.97334],[16.92458,56.98614],[16.9031,57.00282],[16.94258,57.00461],[16.90266,57.02595],[16.91494,57.03733],[16.95374,57.03827],[16.95622,57.06045],[16.97599,57.05532],[16.96669,57.06571],[16.98141,57.07013],[16.9646,57.07889],[16.99048,57.08947],[17.00995,57.12732],[17.02874,57.12651],[17.02568,57.14176],[17.04843,57.14577],[17.03285,57.16281],[17.07109,57.17349],[17.0821,57.2314],[17.05334,57.25991],[17.05649,57.27634],[17.09362,57.30271],[17.15148,57.30903],[17.12634,57.35518],[17.11555,57.36013],[17.11223,57.3343],[17.09939,57.334],[17.07442,57.35641],[17.10088,57.36567],[17.08437,57.36907],[17.02269,57.34523],[16.95947,57.29224],[16.96054,57.22941],[16.90103,57.19512],[16.9211,57.16553],[16.89698,57.11248],[16.83856,57.05952],[16.82481,57.0171],[16.77659,56.98675],[16.73343,56.93187],[16.72313,56.88437],[16.65773,56.88696],[16.63266,56.87341],[16.51281,56.74394],[16.45062,56.62494],[16.42824,56.6029],[16.39709,56.60318],[16.41385,56.58986],[16.36979,56.52329]],[[18.95868,57.43919],[18.98298,57.43069],[18.98166,57.44714],[18.95868,57.43919]],[[19.03477,57.90728],[19.07709,57.89128],[19.08115,57.86732],[19.12369,57.84043],[19.16925,57.88472],[19.13747,57.91488],[19.16571,57.93206],[19.35002,57.95915],[19.33004,57.98236],[19.22409,57.98117],[19.23986,57.99909],[19.18119,57.97967],[19.19359,57.99458],[19.18262,57.99891],[19.08334,57.96703],[19.07956,57.95159],[19.0985,57.94939],[19.08704,57.93365],[19.04641,57.92627],[19.03477,57.90728]],[[19.17622,58.39347],[19.22211,58.33616],[19.28484,58.33894],[19.32371,58.36374],[19.24436,58.39199],[19.17622,58.39347]],[[19.35564,59.50875],[19.37371,59.51269],[19.3649,59.52236],[19.35564,59.50875]],[[19.39203,59.7069],[19.40471,59.70412],[19.40834,59.70812],[19.39203,59.7069]],[[19.30951,59.7319],[19.32189,59.72872],[19.32058,59.73423],[19.30951,59.7319]],[[19.13816,59.30862],[19.14045,59.30104],[19.15998,59.29962],[19.13816,59.30862]],[[19.18521,59.42684],[19.21511,59.4307],[19.22396,59.44117],[19.21207,59.45633],[19.21049,59.44195],[19.18521,59.42684]],[[19.1417,59.37133],[19.14628,59.36198],[19.1444,59.37271],[19.1417,59.37133]],[[19.24661,59.61981],[19.27034,59.62508],[19.2834,59.62534],[19.27341,59.63108],[19.24661,59.61981]],[[19.28718,59.73582],[19.30176,59.7399],[19.30282,59.74166],[19.28718,59.73582]],[[19.11603,59.36525],[19.12963,59.3577],[19.12511,59.37003],[19.11603,59.36525]],[[19.24336,59.79385],[19.2548,59.80041],[19.25508,59.80365],[19.24336,59.79385]],[[19.18728,59.67348],[19.18224,59.6574],[19.19883,59.66248],[19.18728,59.67348]],[[19.22247,59.78277],[19.23773,59.7852],[19.22632,59.78787],[19.22247,59.78277]],[[19.13627,59.58298],[19.17659,59.5888],[19.17514,59.60056],[19.13627,59.58298]],[[19.17423,59.7448],[19.20137,59.74552],[19.19311,59.74938],[19.17423,59.7448]],[[19.13543,59.684],[19.15793,59.67895],[19.16631,59.68874],[19.15106,59.68832],[19.13543,59.684]],[[19.12175,59.65487],[19.15735,59.65749],[19.13807,59.66273],[19.12175,59.65487]],[[19.15691,59.74595],[19.15985,59.73541],[19.17167,59.73623],[19.15691,59.74595]],[[19.16732,59.77487],[19.17334,59.76085],[19.20232,59.77877],[19.18703,59.78682],[19.16732,59.77487]],[[19.14056,59.84321],[19.14399,59.83199],[19.15764,59.83952],[19.14056,59.84321]],[[19.12201,59.77512],[19.14038,59.76796],[19.13872,59.78039],[19.12201,59.77512]],[[19.10151,59.75519],[19.11651,59.73538],[19.1512,59.73836],[19.14288,59.75152],[19.10151,59.75519]],[[19.11506,59.79993],[19.14462,59.80153],[19.14282,59.81217],[19.11506,59.79993]],[[19.10718,59.81809],[19.11963,59.82243],[19.11826,59.82599],[19.10718,59.81809]],[[19.06318,59.77819],[19.09362,59.76976],[19.10523,59.78216],[19.06318,59.77819]],[[19.08757,59.83735],[19.10011,59.83259],[19.13981,59.84753],[19.14195,59.86211],[19.12003,59.86056],[19.08757,59.83735]],[[18.78697,60.20609],[18.78841,60.20143],[18.79951,60.20352],[18.78697,60.20609]],[[18.7622,60.14573],[18.75947,60.12705],[18.79119,60.12938],[18.78373,60.14951],[18.7622,60.14573]],[[18.74172,60.14271],[18.75716,60.14064],[18.75041,60.14821],[18.74172,60.14271]],[[18.70878,60.20803],[18.74356,60.20341],[18.71771,60.19467],[18.71628,60.15996],[18.77791,60.1495],[18.79739,60.16756],[18.81157,60.15735],[18.81159,60.17371],[18.7819,60.17464],[18.78864,60.1913],[18.72677,60.22258],[18.70878,60.20803]],[[18.68611,60.18739],[18.69943,60.18389],[18.69983,60.18983],[18.68611,60.18739]],[[18.68985,60.23246],[18.69967,60.2239],[18.71286,60.21949],[18.7072,60.22974],[18.68985,60.23246]],[[18.693,60.26872],[18.68703,60.24677],[18.70756,60.2623],[18.693,60.26872]],[[18.63795,60.36426],[18.65123,60.36828],[18.64656,60.37346],[18.63795,60.36426]],[[18.63395,60.19522],[18.64841,60.1849],[18.63468,60.18156],[18.66857,60.18563],[18.63395,60.19522]],[[18.62142,60.22839],[18.64059,60.21962],[18.6629,60.20805],[18.6398,60.23133],[18.62142,60.22839]],[[18.60064,60.2898],[18.60246,60.27095],[18.65933,60.2593],[18.68637,60.2636],[18.67196,60.27772],[18.63594,60.28405],[18.64362,60.26664],[18.60064,60.2898]],[[18.47613,60.44184],[18.49194,60.43809],[18.50188,60.44658],[18.47613,60.44184]],[[18.45198,60.47575],[18.46546,60.47781],[18.46457,60.48135],[18.45198,60.47575]],[[18.56304,60.29405],[18.58852,60.28242],[18.58637,60.29465],[18.56304,60.29405]],[[18.36505,60.50073],[18.39835,60.45977],[18.37884,60.44815],[18.39877,60.43061],[18.37883,60.41963],[18.39926,60.39901],[18.40023,60.36954],[18.50301,60.33668],[18.47264,60.33819],[18.56615,60.29811],[18.60061,60.30439],[18.55366,60.32933],[18.60009,60.33983],[18.55863,60.35235],[18.57348,60.35674],[18.55621,60.36496],[18.57435,60.35947],[18.56766,60.37721],[18.53509,60.36561],[18.53439,60.37942],[18.52182,60.34498],[18.50402,60.363],[18.51002,60.37744],[18.47918,60.36162],[18.49484,60.38062],[18.46834,60.39277],[18.4849,60.39666],[18.47852,60.40747],[18.44948,60.41492],[18.47596,60.41501],[18.46384,60.42247],[18.48911,60.43519],[18.46353,60.44247],[18.44136,60.47365],[18.46285,60.48389],[18.39583,60.50714],[18.36505,60.50073]],[[18.36844,60.51637],[18.42034,60.51221],[18.39349,60.5329],[18.36844,60.51637]],[[17.92825,60.61235],[17.9407,60.60482],[17.9492,60.61456],[17.92825,60.61235]],[[18.54838,60.27072],[18.5645,60.26545],[18.56268,60.26806],[18.54838,60.27072]],[[18.60755,60.17658],[18.63517,60.16617],[18.62402,60.17716],[18.60755,60.17658]],[[18.56177,60.14631],[18.58486,60.14446],[18.57017,60.15762],[18.56177,60.14631]],[[18.57033,60.21276],[18.60068,60.18874],[18.6332,60.20036],[18.57033,60.21276]],[[18.50656,60.16921],[18.51797,60.16425],[18.52572,60.17478],[18.50656,60.16921]],[[18.47853,60.18412],[18.50481,60.17308],[18.54106,60.18399],[18.50254,60.1991],[18.47853,60.18412]],[[18.97217,59.77765],[18.98212,59.77463],[18.98437,59.77874],[18.97217,59.77765]],[[19.01382,59.42235],[19.01604,59.41406],[19.02785,59.41647],[19.01382,59.42235]],[[19.01189,59.57539],[19.01352,59.56184],[19.07892,59.57493],[19.04207,59.57872],[19.01189,59.57539]],[[18.95187,59.3845],[18.96249,59.37351],[18.96728,59.38376],[18.95187,59.3845]],[[18.93694,59.41993],[18.94187,59.39692],[18.97911,59.41484],[18.93694,59.41993]],[[18.99991,59.62525],[19.02615,59.62196],[19.0498,59.64751],[19.03187,59.65453],[19.01207,59.63999],[19.02844,59.63528],[19.00604,59.63458],[18.99991,59.62525]],[[18.93941,59.70278],[18.95122,59.70333],[18.95005,59.7057],[18.93941,59.70278]],[[18.89625,59.65668],[18.91898,59.6611],[18.93406,59.66597],[18.92355,59.66884],[18.89625,59.65668]],[[18.83967,59.66151],[18.88385,59.6564],[18.90581,59.6677],[18.87869,59.67726],[18.83967,59.66151]],[[18.82103,59.65507],[18.82039,59.64393],[18.86802,59.65095],[18.82103,59.65507]],[[18.80985,59.68149],[18.83374,59.68103],[18.81672,59.67089],[18.84694,59.67301],[18.85612,59.68074],[18.80985,59.68149]],[[18.89133,59.45301],[18.91954,59.45586],[18.9182,59.45752],[18.89133,59.45301]],[[18.88791,59.39462],[18.92833,59.37687],[18.91851,59.36153],[18.94131,59.37],[18.94089,59.35337],[18.95417,59.35735],[18.95756,59.37488],[18.92455,59.40961],[18.88791,59.39462]],[[18.901,59.28538],[18.92404,59.27362],[18.92133,59.28667],[18.901,59.28538]],[[18.85394,59.2939],[18.86784,59.28943],[18.86827,59.29856],[18.85394,59.2939]],[[18.85575,59.32187],[18.93843,59.35176],[18.87947,59.35315],[18.87932,59.33429],[18.85575,59.32187]],[[18.85171,59.42555],[18.8636,59.40673],[18.84367,59.3914],[18.85618,59.38371],[18.92922,59.43963],[18.8619,59.4377],[18.85171,59.42555]],[[18.85384,59.58984],[18.88246,59.57289],[18.90922,59.58445],[18.89636,59.59037],[18.91297,59.58939],[18.90688,59.60157],[18.92913,59.6306],[18.93959,59.62675],[18.92284,59.61647],[18.96434,59.61709],[18.98699,59.63447],[18.94971,59.65469],[18.85384,59.58984]],[[18.77268,59.55773],[18.78992,59.55246],[18.80814,59.55851],[18.78848,59.56812],[18.77268,59.55773]],[[18.74882,59.57638],[18.82598,59.584],[18.93332,59.65123],[18.74882,59.57638]],[[18.7598,59.63765],[18.7792,59.63417],[18.79569,59.64832],[18.78307,59.65059],[18.7598,59.63765]],[[18.75855,59.66224],[18.77356,59.6587],[18.78255,59.66739],[18.75855,59.66224]],[[18.68108,59.58984],[18.69627,59.58379],[18.73629,59.61146],[18.7114,59.61309],[18.7101,59.59969],[18.68108,59.58984]],[[18.79884,59.37599],[18.80218,59.36638],[18.82319,59.36649],[18.81166,59.3685],[18.82163,59.37995],[18.80388,59.3771],[18.81325,59.37098],[18.79884,59.37599]],[[18.78759,59.39412],[18.8169,59.3848],[18.83251,59.39133],[18.81728,59.40214],[18.78759,59.39412]],[[18.77223,59.38433],[18.79031,59.37738],[18.78055,59.38613],[18.77223,59.38433]],[[18.78118,59.4154],[18.79355,59.41252],[18.79472,59.42147],[18.78118,59.4154]],[[18.70636,59.46624],[18.77345,59.46457],[18.82556,59.48269],[18.73183,59.4733],[18.70636,59.46624]],[[18.73407,59.40078],[18.74226,59.39441],[18.74864,59.40464],[18.73407,59.40078]],[[18.73541,59.42184],[18.74983,59.41645],[18.74838,59.42758],[18.73541,59.42184]],[[18.73976,59.44779],[18.75652,59.45158],[18.74399,59.45302],[18.73976,59.44779]],[[18.69817,59.42365],[18.70666,59.41407],[18.73759,59.41326],[18.71311,59.42539],[18.69817,59.42365]],[[18.68188,59.43436],[18.69773,59.42741],[18.72767,59.4256],[18.70336,59.43499],[18.68188,59.43436]],[[18.66931,59.41784],[18.67814,59.41035],[18.70152,59.41292],[18.68986,59.42227],[18.66931,59.41784]],[[18.63939,59.4382],[18.75688,59.459],[18.7021,59.46396],[18.63939,59.4382]],[[18.73228,59.09931],[18.74966,59.10372],[18.75926,59.11232],[18.74779,59.11083],[18.73228,59.09931]],[[19.03471,57.80339],[19.0323,57.79502],[19.06577,57.79532],[19.03471,57.80339]],[[18.99805,57.77844],[19.0116,57.7393],[19.03254,57.76171],[19.02231,57.78674],[18.99805,57.77844]],[[18.83659,57.71432],[18.8436,57.70078],[18.85489,57.71333],[18.83659,57.71432]],[[18.10529,57.53462],[18.10948,57.50234],[18.12787,57.48873],[18.11712,57.44053],[18.13987,57.43935],[18.16671,57.39339],[18.1958,57.38999],[18.17035,57.36944],[18.18348,57.3435],[18.16969,57.3202],[18.10281,57.28918],[18.09125,57.25935],[18.15133,57.24376],[18.14905,57.18864],[18.16753,57.18236],[18.14893,57.16367],[18.16955,57.14483],[18.22027,57.14085],[18.22616,57.12517],[18.20968,57.11928],[18.229,57.11152],[18.19188,57.06846],[18.24056,57.06457],[18.3011,57.09556],[18.27752,57.03697],[18.20463,57.02361],[18.19078,57.00835],[18.19961,56.98279],[18.12262,56.91051],[18.19348,56.90533],[18.29367,56.92875],[18.3249,56.9508],[18.32063,56.96444],[18.36835,56.98454],[18.35706,56.99495],[18.39993,56.99982],[18.33942,57.01321],[18.35344,57.05416],[18.33735,57.07245],[18.37764,57.09902],[18.45465,57.11793],[18.39115,57.12076],[18.40028,57.1406],[18.57237,57.19786],[18.54475,57.2021],[18.55024,57.21275],[18.66952,57.23202],[18.68747,57.21795],[18.70587,57.23449],[18.66694,57.242],[18.71187,57.24442],[18.71822,57.2653],[18.66645,57.28364],[18.67572,57.31259],[18.71588,57.32252],[18.75636,57.36372],[18.80702,57.36978],[18.85205,57.39652],[18.87918,57.39648],[18.88536,57.38237],[18.92392,57.4106],[18.93001,57.42227],[18.89312,57.44409],[18.81388,57.43885],[18.78523,57.4526],[18.80292,57.46935],[18.76205,57.47026],[18.78284,57.48759],[18.75086,57.51361],[18.81591,57.56043],[18.80111,57.55962],[18.7953,57.57744],[18.80724,57.60395],[18.76381,57.615],[18.77308,57.6474],[18.79725,57.65279],[18.80689,57.67866],[18.79972,57.69427],[18.77004,57.69687],[18.80931,57.70204],[18.79963,57.72671],[18.81467,57.74884],[18.85216,57.72203],[18.87923,57.73639],[18.89947,57.71389],[18.91891,57.73066],[18.95922,57.72778],[18.94958,57.78869],[18.98972,57.77311],[18.98822,57.79756],[19.0445,57.83796],[19.09907,57.81738],[19.05696,57.86571],[19.0289,57.86983],[19.01863,57.88556],[19.02841,57.90828],[19.01243,57.92133],[18.86055,57.92543],[18.83257,57.89925],[18.8451,57.87904],[18.81425,57.86797],[18.79197,57.82774],[18.75648,57.91948],[18.69785,57.9217],[18.6245,57.88616],[18.60571,57.84294],[18.46053,57.81916],[18.32917,57.66824],[18.10529,57.53462]],[[18.7445,59.22607],[18.75353,59.21601],[18.77213,59.22269],[18.75476,59.22462],[18.76846,59.23578],[18.7445,59.22607]],[[18.70941,59.25378],[18.7249,59.24304],[18.71897,59.25249],[18.73881,59.2617],[18.76943,59.24731],[18.81787,59.29056],[18.78611,59.30307],[18.75002,59.29212],[18.7274,59.27663],[18.73511,59.26378],[18.72249,59.2739],[18.70941,59.25378]],[[18.62466,59.37167],[18.69039,59.33069],[18.67891,59.3268],[18.69624,59.31348],[18.67507,59.31413],[18.67434,59.2971],[18.74856,59.33107],[18.71757,59.36854],[18.62466,59.37167]],[[18.61525,59.39808],[18.67189,59.38416],[18.65426,59.39203],[18.70721,59.39744],[18.64287,59.40238],[18.67098,59.41219],[18.63587,59.41336],[18.6473,59.428],[18.62265,59.40998],[18.64193,59.40779],[18.61525,59.39808]],[[18.60256,59.37623],[18.61582,59.37374],[18.61362,59.37896],[18.60256,59.37623]],[[18.54894,59.41642],[18.56372,59.40491],[18.58206,59.40596],[18.54894,59.41642]],[[18.52745,59.40862],[18.53862,59.40196],[18.54488,59.40462],[18.52745,59.40862]],[[18.48543,59.49684],[18.49602,59.49392],[18.51029,59.50213],[18.48543,59.49684]],[[18.40956,59.43415],[18.42254,59.42728],[18.44862,59.43449],[18.43509,59.43862],[18.40956,59.43415]],[[18.39655,59.38941],[18.41161,59.37601],[18.42117,59.38305],[18.39655,59.38941]],[[18.34176,59.38715],[18.37925,59.37454],[18.42735,59.36082],[18.36831,59.39375],[18.34176,59.38715]],[[18.09931,59.38654],[18.11763,59.35864],[18.16688,59.33894],[18.23351,59.35009],[18.19427,59.36464],[18.2567,59.36322],[18.25124,59.37519],[18.09931,59.38654]],[[17.95779,57.27938],[17.98843,57.28125],[17.97293,57.29165],[17.95779,57.27938]],[[18.66938,59.13719],[18.68435,59.13289],[18.73023,59.16051],[18.66938,59.13719]],[[18.65591,59.17245],[18.7445,59.19969],[18.69747,59.21216],[18.65591,59.17245]],[[18.61901,59.09538],[18.61902,59.08265],[18.64245,59.09869],[18.61901,59.09538]],[[18.59064,59.08662],[18.60011,59.07884],[18.60646,59.09852],[18.59064,59.08662]],[[18.62289,59.16679],[18.63898,59.17003],[18.65103,59.18874],[18.62289,59.16679]],[[18.5481,59.03185],[18.5468,59.01891],[18.56886,59.02222],[18.5481,59.03185]],[[18.57513,59.12083],[18.59963,59.13559],[18.58167,59.13313],[18.57513,59.12083]],[[18.44132,59.29534],[18.47255,59.29234],[18.48785,59.29128],[18.472,59.2948],[18.44132,59.29534]],[[18.53043,59.02556],[18.53037,59.01657],[18.54346,59.02972],[18.53043,59.02556]],[[18.5108,59.05253],[18.51167,59.03603],[18.53632,59.03639],[18.52699,59.05367],[18.54263,59.0625],[18.5108,59.05253]],[[18.48801,59.11446],[18.50171,59.10241],[18.52485,59.11621],[18.51123,59.12028],[18.48801,59.11446]],[[18.40311,59.21632],[18.41689,59.20877],[18.42985,59.2151],[18.41703,59.21609],[18.40311,59.21632]],[[18.46217,59.15314],[18.46018,59.14638],[18.47917,59.15837],[18.46217,59.15314]],[[18.40825,59.11109],[18.41767,59.10634],[18.4187,59.11015],[18.40825,59.11109]],[[18.36659,59.09643],[18.3672,59.09478],[18.37643,59.09872],[18.36659,59.09643]],[[18.44886,59.01612],[18.45981,59.00985],[18.46779,59.0186],[18.44886,59.01612]],[[18.39228,58.97513],[18.42238,58.96139],[18.44002,58.96133],[18.42812,58.96883],[18.39228,58.97513]],[[18.34071,59.04956],[18.37539,59.03549],[18.33858,59.02715],[18.36494,59.0086],[18.41296,59.01105],[18.42203,59.03952],[18.44085,59.04717],[18.42998,59.05826],[18.44962,59.04772],[18.48971,59.08775],[18.47643,59.09189],[18.4853,59.1156],[18.36111,59.075],[18.38289,59.06713],[18.34071,59.04956]],[[18.31475,59.03796],[18.34077,59.04306],[18.32491,59.05138],[18.31475,59.03796]],[[18.13397,59.05268],[18.15085,59.04533],[18.18855,59.04505],[18.15815,59.05743],[18.13397,59.05268]],[[18.06063,59.02863],[18.06385,59.01594],[18.08661,59.03429],[18.06063,59.02863]],[[18.16659,58.89343],[18.17921,58.8926],[18.17776,58.90421],[18.16659,58.89343]],[[18.13434,58.90151],[18.19548,58.92714],[18.1833,58.91173],[18.19818,58.90551],[18.22893,58.90894],[18.22487,58.92233],[18.24156,58.91178],[18.32696,58.92348],[18.2835,58.93591],[18.32428,58.9443],[18.28651,58.94744],[18.36392,58.96737],[18.36272,58.98058],[18.24889,58.95867],[18.21291,58.93393],[18.18394,58.94954],[18.13434,58.90151]],[[18.16879,58.99159],[18.16859,58.97948],[18.17859,58.98814],[18.16879,58.99159]],[[18.09441,58.85974],[18.12625,58.86086],[18.14822,58.88997],[18.10389,58.88096],[18.09441,58.85974]],[[18.01672,58.92594],[18.03067,58.92351],[18.03088,58.93236],[18.01672,58.92594]],[[17.95291,58.88531],[17.95904,58.8608],[17.98193,58.9062],[17.95291,58.88531]],[[17.86107,58.77813],[17.85931,58.75629],[17.86313,58.73911],[17.87097,58.74569],[17.86107,58.77813]],[[17.72522,58.90657],[17.72867,58.89882],[17.74477,58.89212],[17.72522,58.90657]],[[17.69459,58.86227],[17.70506,58.84893],[17.71607,58.83458],[17.7174,58.84732],[17.69459,58.86227]],[[17.60757,58.8508],[17.61281,58.84459],[17.62478,58.84778],[17.60757,58.8508]],[[17.55248,58.88377],[17.58047,58.87178],[17.5749,58.88806],[17.55248,58.88377]],[[17.55561,58.75551],[17.56475,58.74623],[17.5703,58.75551],[17.55561,58.75551]],[[17.58945,58.84666],[17.64163,58.81418],[17.70749,58.79823],[17.6537,58.82348],[17.58945,58.84666]],[[17.51785,58.81052],[17.52775,58.79628],[17.53435,58.80855],[17.51785,58.81052]],[[17.50106,58.80467],[17.51597,58.79055],[17.51087,58.81315],[17.50106,58.80467]],[[17.42289,58.7479],[17.45399,58.73954],[17.43147,58.73239],[17.46217,58.7207],[17.46088,58.70073],[17.4892,58.71621],[17.46046,58.73492],[17.50578,58.74273],[17.51748,58.72716],[17.51652,58.74123],[17.47204,58.77961],[17.46031,58.76342],[17.46992,58.7516],[17.455,58.76392],[17.42289,58.7479]],[[17.38881,58.73194],[17.40213,58.73454],[17.39969,58.73965],[17.38881,58.73194]],[[17.29418,58.74294],[17.314,58.72677],[17.32426,58.73227],[17.29418,58.74294]],[[17.15171,58.67533],[17.16019,58.66614],[17.17023,58.66919],[17.15171,58.67533]],[[16.755,57.57235],[16.76306,57.56565],[16.7674,57.57122],[16.755,57.57235]],[[16.97651,58.24767],[16.99965,58.24735],[17.04175,58.26126],[17.0023,58.25863],[16.97651,58.24767]],[[16.95205,58.19982],[16.95569,58.1932],[16.96637,58.19575],[16.95205,58.19982]],[[16.9585,58.25943],[16.96432,58.25109],[16.98087,58.26969],[16.9585,58.25943]],[[16.94277,58.22189],[16.95654,58.22049],[16.95633,58.22758],[16.94277,58.22189]],[[16.95178,58.30979],[16.96761,58.31702],[16.95759,58.32292],[16.95178,58.30979]],[[17.00238,58.49667],[17.01747,58.50384],[17.01792,58.51298],[17.00238,58.49667]],[[16.93814,58.32981],[16.93794,58.30901],[16.94675,58.32067],[16.93814,58.32981]],[[16.94637,58.42443],[16.9609,58.41187],[16.97082,58.43259],[16.94637,58.42443]],[[16.89295,58.52912],[16.89843,58.51553],[16.97833,58.48318],[16.99627,58.49842],[16.92469,58.52528],[16.89295,58.52912]],[[16.18772,58.63194],[16.18773,58.61589],[16.2242,58.60532],[16.24781,58.62272],[16.18772,58.63194]],[[18.32527,59.41563],[18.35063,59.42334],[18.31723,59.4449],[18.29664,59.42663],[18.31458,59.42122],[18.29196,59.41715],[18.30417,59.40921],[18.34814,59.4116],[18.33956,59.41888],[18.32527,59.41563]]],[[[17.30409,60.66754],[17.36873,60.65321],[17.30119,60.65811],[17.30409,60.66754]]],[[[17.17212,60.68102],[17.21047,60.68822],[17.21873,60.6864],[17.17212,60.68102]]],[[[16.63014,57.63761],[16.63122,57.63792],[16.63166,57.63749],[16.63014,57.63761]]],[[[16.78087,58.37884],[16.77991,58.37927],[16.7804,58.37955],[16.78087,58.37884]]],[[[17.96315,58.95095],[17.96057,58.94985],[17.96289,58.95118],[17.96315,58.95095]]],[[[18.93848,59.84279],[18.8737,59.78782],[18.93837,59.84744],[18.93848,59.84279]]],[[[16.89795,57.03692],[16.91521,57.03758],[16.91494,57.03733],[16.89795,57.03692]]],[[[16.63834,57.40482],[16.65216,57.40735],[16.65148,57.40626],[16.63834,57.40482]]],[[[16.58428,57.7034],[16.59399,57.69483],[16.58911,57.69644],[16.58428,57.7034]]],[[[11.88594,57.68927],[11.9904,57.72103],[11.88854,57.68904],[11.88594,57.68927]]],[[[16.52344,57.72684],[16.56587,57.7299],[16.58428,57.7034],[16.56961,57.71633],[16.52344,57.72684]]],[[[11.95985,57.85368],[11.97191,57.86437],[12.00531,57.86076],[11.95985,57.85368]]],[[[12.00531,57.86076],[12.01282,57.86192],[12.08354,57.94653],[12.01446,57.85976],[12.00531,57.86076]]],[[[11.62113,58.25835],[11.60156,58.25837],[11.62299,58.2605],[11.62113,58.25835]]],[[[11.62113,58.25835],[11.64283,58.25905],[11.65149,58.2719],[11.66794,58.26203],[11.66873,58.27578],[11.64607,58.27576],[11.66984,58.28746],[11.67165,58.30705],[11.74125,58.31633],[11.69823,58.34133],[11.80674,58.32069],[11.91129,58.35213],[11.9074,58.33158],[11.81328,58.31467],[11.82747,58.30373],[11.81352,58.28975],[11.84653,58.27471],[11.83982,58.25947],[11.87537,58.2368],[11.8732,58.22244],[11.91656,58.22274],[11.89492,58.20059],[11.85715,58.19464],[11.8655,58.15999],[11.84036,58.14238],[11.84941,58.12355],[11.80426,58.1038],[11.83307,58.09986],[11.79761,58.08254],[11.81583,58.07747],[11.82091,58.05518],[11.81677,58.02268],[11.80004,58.01471],[11.81441,57.99198],[11.7556,57.96692],[11.75725,57.94964],[11.78487,57.94996],[11.74511,57.93876],[11.78785,57.92469],[11.75195,57.92255],[11.78386,57.90207],[11.71468,57.90148],[11.70329,57.89247],[11.7192,57.88681],[11.71097,57.87365],[11.67879,57.85401],[11.69577,57.87387],[11.68522,57.87466],[11.65878,57.85144],[11.7087,57.85641],[11.68318,57.83665],[11.72952,57.82247],[11.73253,57.80326],[11.75034,57.79881],[11.72717,57.7933],[11.73276,57.78324],[11.8414,57.79635],[11.90317,57.84484],[11.95985,57.85368],[11.95196,57.84669],[11.9066,57.84496],[11.85086,57.79656],[11.77981,57.7655],[11.80398,57.76135],[11.79951,57.7509],[11.71558,57.73604],[11.70333,57.71907],[11.71763,57.71398],[11.70209,57.70468],[11.75623,57.68364],[11.79856,57.71228],[11.80977,57.70654],[11.79004,57.69468],[11.80436,57.68299],[11.80176,57.69686],[11.88594,57.68927],[11.85671,57.68036],[11.83481,57.65951],[11.85124,57.66056],[11.84519,57.64942],[11.86059,57.64105],[11.84632,57.63877],[11.87452,57.63513],[11.87655,57.61184],[11.89698,57.60897],[11.90899,57.6328],[11.93025,57.62145],[11.89717,57.58725],[11.9121,57.57998],[11.90598,57.5898],[11.92161,57.59233],[11.92565,57.57398],[11.93874,57.57584],[11.91552,57.56885],[11.9195,57.56214],[11.37847,57.47201],[11.04878,57.81683],[10.54244,58.13336],[10.03003,58.26144],[10.14636,58.51144],[10.59444,58.76147],[10.64028,58.89278],[11.07579,58.97964],[11.11942,59.01835],[11.12762,59.07143],[11.16732,59.09544],[11.22251,59.08545],[11.33592,59.11501],[11.36666,59.10345],[11.46934,58.98515],[11.40718,59.03095],[11.37186,59.09045],[11.33404,59.1122],[11.18294,59.0735],[11.10913,58.99425],[11.2299,59.01692],[11.22932,59.00514],[11.14399,58.98732],[11.11708,58.96742],[11.20356,58.91372],[11.12608,58.92546],[11.09558,58.90336],[11.20066,58.89665],[11.19043,58.87958],[11.21385,58.86707],[11.19761,58.8645],[11.22283,58.85637],[11.15305,58.86745],[11.18639,58.85449],[11.143,58.85349],[11.15063,58.83736],[11.13458,58.83479],[11.14621,58.82561],[11.15569,58.8373],[11.19274,58.82722],[11.20867,58.833],[11.19525,58.84546],[11.21911,58.83837],[11.23274,58.85072],[11.24362,58.8052],[11.21428,58.80467],[11.21333,58.78136],[11.18123,58.78239],[11.23772,58.73933],[11.18799,58.76049],[11.15925,58.74202],[11.18813,58.74727],[11.16883,58.7216],[11.18764,58.71094],[11.23059,58.71443],[11.21834,58.6918],[11.24269,58.67701],[11.25548,58.68811],[11.263,58.65148],[11.28778,58.64816],[11.26232,58.62433],[11.28517,58.61701],[11.27579,58.58599],[11.31399,58.58216],[11.24217,58.55741],[11.23378,58.54753],[11.25184,58.52961],[11.26567,58.53208],[11.2429,58.51778],[11.27518,58.5151],[11.29463,58.50035],[11.28103,58.49694],[11.29038,58.48526],[11.31458,58.49518],[11.3098,58.47925],[11.35965,58.488],[11.30377,58.47437],[11.32793,58.46166],[11.29792,58.4658],[11.29386,58.44033],[11.27226,58.42617],[11.26015,58.44541],[11.23199,58.44118],[11.24291,58.42878],[11.22054,58.41002],[11.2483,58.40321],[11.222,58.39483],[11.26167,58.38339],[11.24265,58.36537],[11.24466,58.37903],[11.22389,58.3727],[11.21194,58.35147],[11.28972,58.35985],[11.31696,58.38291],[11.30278,58.38768],[11.3212,58.38359],[11.31815,58.36065],[11.3624,58.36246],[11.35671,58.37488],[11.46035,58.45843],[11.38332,58.37405],[11.3954,58.36788],[11.35753,58.34951],[11.37349,58.33517],[11.43693,58.39054],[11.46523,58.39643],[11.44174,58.37626],[11.46946,58.34416],[11.42539,58.35532],[11.40504,58.34762],[11.3978,58.32408],[11.41704,58.30085],[11.47812,58.31742],[11.41661,58.2755],[11.45758,58.27125],[11.57249,58.35707],[11.55801,58.38193],[11.58391,58.41374],[11.57362,58.47807],[11.5946,58.42337],[11.61893,58.40239],[11.67548,58.43842],[11.70255,58.43485],[11.62834,58.39999],[11.65974,58.38335],[11.63126,58.38584],[11.59468,58.35938],[11.52498,58.28073],[11.50283,58.27803],[11.5152,58.26301],[11.48978,58.26865],[11.42796,58.24193],[11.4075,58.19607],[11.4704,58.20679],[11.47592,58.23423],[11.51418,58.23958],[11.50264,58.24593],[11.56018,58.23562],[11.57235,58.25139],[11.54288,58.27199],[11.60124,58.2577],[11.59457,58.24387],[11.62113,58.25835]],[[11.82279,57.62034],[11.83621,57.62323],[11.82516,57.62729],[11.82279,57.62034]],[[11.79496,57.62792],[11.80921,57.62472],[11.8051,57.63585],[11.79496,57.62792]],[[11.78996,57.54669],[11.80299,57.5495],[11.79865,57.55543],[11.78996,57.54669]],[[11.76612,57.57966],[11.78015,57.56285],[11.79827,57.56617],[11.78156,57.58558],[11.76612,57.57966]],[[11.75702,57.5582],[11.76899,57.55113],[11.77414,57.56226],[11.75702,57.5582]],[[11.75649,57.6014],[11.79504,57.60656],[11.78854,57.59604],[11.8109,57.59163],[11.81987,57.6103],[11.79666,57.61248],[11.80286,57.6241],[11.76785,57.62118],[11.75649,57.6014]],[[11.72642,57.64781],[11.78124,57.63058],[11.78997,57.65203],[11.80942,57.64548],[11.80386,57.66087],[11.72642,57.64781]],[[11.71071,57.79496],[11.72487,57.79689],[11.71457,57.8001],[11.71071,57.79496]],[[11.67276,57.75549],[11.67055,57.72947],[11.69229,57.71289],[11.70262,57.74012],[11.67276,57.75549]],[[11.67766,57.81962],[11.70027,57.82427],[11.68557,57.827],[11.67766,57.81962]],[[11.79326,58.02382],[11.79446,58.01982],[11.80532,58.02551],[11.79326,58.02382]],[[11.79619,58.0748],[11.80132,58.05936],[11.81231,58.07214],[11.79619,58.0748]],[[11.78615,58.28123],[11.79182,58.27139],[11.79993,58.27781],[11.78615,58.28123]],[[11.77272,58.28893],[11.78891,58.28725],[11.78456,58.29663],[11.77272,58.28893]],[[11.47138,58.20117],[11.51919,58.20719],[11.50815,58.21344],[11.55426,58.23207],[11.54304,58.23816],[11.4867,58.23054],[11.47138,58.20117]],[[11.76147,57.97567],[11.77703,57.97814],[11.77015,57.98234],[11.76147,57.97567]],[[11.7554,58.10019],[11.76554,58.08261],[11.79411,58.0936],[11.77761,58.10516],[11.7554,58.10019]],[[11.72545,58.09393],[11.74318,58.08391],[11.75673,58.08812],[11.75038,58.10074],[11.72545,58.09393]],[[11.56514,58.0844],[11.58545,58.08688],[11.58261,58.10366],[11.56514,58.0844]],[[11.55705,58.07408],[11.56993,58.07452],[11.57064,58.07795],[11.55705,58.07408]],[[11.50058,58.09584],[11.497,58.06304],[11.53588,58.06797],[11.54757,58.0814],[11.50058,58.09584]],[[11.66674,57.88609],[11.69854,57.88657],[11.69142,57.89689],[11.66674,57.88609]],[[11.62467,57.73294],[11.64959,57.72913],[11.66245,57.73182],[11.65625,57.74139],[11.63154,57.74292],[11.62467,57.73294]],[[11.66142,57.92345],[11.6867,57.91521],[11.72381,57.92214],[11.69719,57.92609],[11.66142,57.92345]],[[11.62835,57.90344],[11.64693,57.88248],[11.66529,57.90256],[11.64791,57.90586],[11.62835,57.90344]],[[11.62367,57.85521],[11.63776,57.85076],[11.64406,57.8558],[11.62367,57.85521]],[[11.60156,57.76032],[11.61422,57.75403],[11.61386,57.76625],[11.60156,57.76032]],[[11.59697,57.79059],[11.61121,57.76992],[11.62803,57.7735],[11.61063,57.7892],[11.59697,57.79059]],[[11.54867,57.86108],[11.60156,57.85519],[11.64087,57.88294],[11.61314,57.90172],[11.55888,57.89072],[11.60625,57.87975],[11.54867,57.86108]],[[11.51489,57.96056],[11.52702,57.9638],[11.51763,57.96732],[11.51489,57.96056]],[[11.52244,57.99804],[11.52325,57.99288],[11.53496,57.99735],[11.52244,57.99804]],[[11.47578,58.00781],[11.58266,58.02046],[11.55053,58.01218],[11.57262,58.01601],[11.58703,57.99998],[11.54225,58.00605],[11.54337,57.97906],[11.51575,57.97264],[11.54638,57.97318],[11.53252,57.95705],[11.579,57.96103],[11.53473,57.9453],[11.57639,57.93905],[11.55475,57.93857],[11.56698,57.92918],[11.61375,57.93747],[11.63146,57.96282],[11.6855,57.96873],[11.67183,57.97782],[11.69839,57.99069],[11.67864,58.00609],[11.70175,58.00339],[11.71521,58.02376],[11.73004,58.00583],[11.70898,57.999],[11.71875,57.99162],[11.75579,58.00589],[11.76562,58.03536],[11.75454,58.048],[11.77826,58.05936],[11.73306,58.07477],[11.70075,58.06743],[11.69285,58.07856],[11.71016,58.08644],[11.69519,58.09563],[11.66005,58.08806],[11.68321,58.0806],[11.64387,58.07758],[11.64659,58.06217],[11.6807,58.06536],[11.66682,58.05646],[11.56629,58.04938],[11.55617,58.06498],[11.50339,58.04729],[11.52018,58.01943],[11.48529,58.0292],[11.47578,58.00781]],[[11.44122,58.0595],[11.47011,58.05888],[11.48781,58.05933],[11.47222,58.07019],[11.45016,58.07045],[11.44122,58.0595]],[[11.41107,58.15698],[11.43356,58.16602],[11.40926,58.13433],[11.49041,58.09581],[11.45901,58.08716],[11.47566,58.08138],[11.46527,58.07428],[11.4901,58.07276],[11.49825,58.10252],[11.4717,58.12441],[11.5557,58.08557],[11.58132,58.12047],[11.62385,58.13432],[11.65812,58.12251],[11.63592,58.11653],[11.63502,58.09889],[11.67361,58.11992],[11.669,58.10674],[11.69703,58.11213],[11.71076,58.08702],[11.73626,58.11599],[11.76178,58.11328],[11.77798,58.13094],[11.82768,58.12192],[11.84886,58.15639],[11.84561,58.20843],[11.82472,58.21415],[11.84347,58.21407],[11.84252,58.23341],[11.78372,58.26706],[11.76256,58.26105],[11.75478,58.29586],[11.68747,58.29986],[11.70159,58.2937],[11.67745,58.28135],[11.69099,58.27019],[11.67688,58.23971],[11.61931,58.24944],[11.53573,58.19888],[11.49535,58.20206],[11.45686,58.17087],[11.41744,58.1779],[11.41107,58.15698]],[[11.60008,58.39133],[11.60462,58.37863],[11.61267,58.38768],[11.60008,58.39133]],[[11.57963,58.37761],[11.58059,58.36144],[11.5933,58.39466],[11.57963,58.37761]],[[11.40529,58.30041],[11.40401,58.29457],[11.41508,58.29319],[11.40529,58.30041]],[[11.35333,58.13643],[11.38979,58.14474],[11.40104,58.18359],[11.35333,58.13643]],[[11.37562,58.24048],[11.40124,58.22497],[11.412,58.24592],[11.37562,58.24048]],[[11.35921,58.11229],[11.36354,58.10424],[11.37457,58.10997],[11.35921,58.11229]],[[11.34436,58.11065],[11.36259,58.12518],[11.34853,58.12784],[11.34436,58.11065]],[[11.35942,58.30313],[11.38176,58.2909],[11.38921,58.3],[11.36806,58.30833],[11.35942,58.30313]],[[11.3069,58.35003],[11.32802,58.32405],[11.35107,58.34592],[11.32323,58.35794],[11.3069,58.35003]],[[11.20438,58.34006],[11.21576,58.32985],[11.22399,58.33944],[11.20438,58.34006]],[[11.26689,58.61011],[11.27718,58.60696],[11.27004,58.61415],[11.26689,58.61011]],[[11.24599,58.60271],[11.25,58.59375],[11.26652,58.59767],[11.24599,58.60271]],[[11.2297,58.59752],[11.24176,58.58885],[11.23317,58.59968],[11.2297,58.59752]],[[11.22815,58.63398],[11.24584,58.62235],[11.25529,58.63959],[11.24374,58.63955],[11.22815,58.63398]],[[11.22032,58.61565],[11.23069,58.60992],[11.22518,58.62254],[11.22032,58.61565]],[[11.20418,58.58146],[11.23001,58.57579],[11.21532,58.59293],[11.21668,58.57954],[11.20418,58.58146]],[[11.2091,58.65189],[11.22496,58.64499],[11.24973,58.66685],[11.21618,58.66099],[11.2091,58.65189]],[[11.20298,58.68173],[11.20044,58.66771],[11.2173,58.66505],[11.21619,58.67809],[11.20298,58.68173]],[[11.1803,58.76314],[11.19735,58.76256],[11.19125,58.76999],[11.1803,58.76314]],[[11.20006,58.81931],[11.22495,58.80704],[11.22477,58.83013],[11.20006,58.81931]],[[11.16322,58.8024],[11.18142,58.79209],[11.19893,58.80695],[11.18369,58.81887],[11.16322,58.8024]],[[11.13119,58.76488],[11.17633,58.75782],[11.14098,58.78375],[11.15949,58.78712],[11.14304,58.79612],[11.13119,58.76488]],[[11.06251,58.58295],[11.06617,58.57356],[11.07467,58.58324],[11.06251,58.58295]],[[11.11597,58.87778],[11.12239,58.86413],[11.15564,58.86796],[11.19026,58.86883],[11.18006,58.89336],[11.12926,58.89271],[11.12439,58.88219],[11.13271,58.89095],[11.14444,58.87518],[11.11597,58.87778]],[[11.08435,58.95327],[11.09395,58.94979],[11.09608,58.95907],[11.08435,58.95327]],[[10.98171,58.90697],[10.99896,58.89608],[10.98052,58.88672],[11.04035,58.8643],[11.06111,58.86839],[11.04211,58.88336],[11.05557,58.89383],[11.01239,58.89186],[11.02031,58.90406],[10.99006,58.91483],[10.98171,58.90697]],[[11.64833,57.70263],[11.6666,57.70752],[11.64107,57.72718],[11.62357,57.71655],[11.63907,57.70396],[11.62297,57.70628],[11.61588,57.69483],[11.67304,57.68016],[11.66874,57.69969],[11.64833,57.70263]]],[[[11.26567,58.53208],[11.27269,58.53648],[11.27332,58.53344],[11.26567,58.53208]]],[[[11.26984,58.55018],[11.28104,58.54172],[11.27269,58.53648],[11.26984,58.55018]]],[[[11.23847,58.73876],[11.26164,58.72106],[11.25001,58.71589],[11.23847,58.73876]]],[[[11.23772,58.73933],[11.2383,58.73908],[11.23847,58.73876],[11.23772,58.73933]]],[[[11.63907,57.70396],[11.64833,57.70263],[11.6426,57.7011],[11.63907,57.70396]]],[[[18.31837,59.41406],[18.32527,59.41563],[18.31974,59.41395],[18.31837,59.41406]]]]}},{"id":"54","type":"Feature","properties":{"zone_id":"SE04_OFF","name":"Sweden Malm\u00f6 (SE4) Offshore Node 04","parent_zone":"SE04_OFF","level":"PEOF","area_km2":22309.47},"geometry":{"type":"MultiPolygon","coordinates":[[[[15.74084,56.15494],[15.7617,56.15946],[15.74091,56.15468],[15.74084,56.15494]]],[[[11.37847,57.47201],[11.9195,57.56214],[11.92816,57.54751],[11.91162,57.52641],[11.9339,57.53197],[11.92065,57.52008],[11.94667,57.5093],[11.91274,57.5078],[11.96612,57.49367],[11.90562,57.48564],[11.93824,57.47312],[11.90509,57.45672],[11.90223,57.43418],[11.92804,57.41931],[11.90951,57.41921],[11.92877,57.4077],[11.91011,57.39144],[11.95091,57.39359],[11.93667,57.3897],[11.96333,57.38656],[11.94737,57.38431],[11.95992,57.37549],[11.94389,57.36068],[11.96416,57.35099],[11.98444,57.37176],[12.00383,57.3408],[12.05587,57.45882],[12.10852,57.43419],[12.10838,57.40779],[12.07966,57.39609],[12.12249,57.39886],[12.12706,57.37821],[12.08454,57.36818],[12.06374,57.33764],[12.12236,57.34615],[12.16126,57.32739],[12.1461,57.31485],[12.16686,57.30205],[12.16366,57.28411],[12.08427,57.25511],[12.13039,57.24789],[12.09382,57.23394],[12.14081,57.21343],[12.21258,57.22225],[12.20974,57.20955],[12.14962,57.19351],[12.21248,57.18495],[12.20669,57.16374],[12.22787,57.15748],[12.20686,57.14685],[12.23528,57.12981],[12.19011,57.11494],[12.23264,57.1099],[12.23624,57.12218],[12.24664,57.11485],[12.23531,57.08705],[12.26105,57.07851],[12.24149,57.06374],[12.27651,57.06681],[12.26802,57.05041],[12.3502,57.00932],[12.35714,56.97535],[12.34408,56.9726],[12.35777,56.97056],[12.34778,56.96534],[12.36095,56.93606],[12.34782,56.93091],[12.40314,56.90315],[12.49738,56.88755],[12.54615,56.8611],[12.54514,56.84334],[12.59833,56.83089],[12.63079,56.76467],[12.62406,56.74087],[12.67813,56.71302],[12.68024,56.68058],[12.72748,56.66876],[12.72873,56.64036],[12.78416,56.64094],[12.83938,56.66306],[12.85914,56.65746],[12.83596,56.64848],[12.88303,56.6483],[12.91238,56.60015],[12.93885,56.58774],[12.95073,56.54761],[12.93916,56.49846],[12.87793,56.43527],[12.8494,56.43085],[12.70853,56.47145],[12.65544,56.4547],[12.61873,56.42156],[12.62746,56.39295],[12.74006,56.35869],[12.75971,56.3073],[12.83098,56.27875],[12.83118,56.2549],[12.80108,56.22722],[12.77292,56.21807],[12.72208,56.23251],[12.70084,56.22002],[12.65794,56.25547],[12.44554,56.30187],[12.49067,56.28516],[12.53336,56.24289],[12.56721,56.14389],[12.67479,56.06655],[12.70382,56.00707],[12.74768,55.98977],[12.83128,55.85321],[12.87369,55.86152],[12.91301,55.83637],[12.93339,55.78651],[12.90072,55.75094],[12.92493,55.74027],[12.95167,55.74958],[12.96321,55.73856],[12.95366,55.72855],[12.99526,55.72948],[13.05261,55.69486],[13.06291,55.66621],[13.05031,55.64016],[12.98322,55.62653],[13.03658,55.6232],[12.99089,55.62237],[13.01401,55.61686],[12.98825,55.60826],[12.97872,55.62007],[12.88903,55.56395],[12.90469,55.56197],[12.91202,55.5265],[12.89052,55.5192],[12.92287,55.51933],[12.96947,55.45927],[12.9683,55.43758],[12.94323,55.45779],[12.94931,55.41915],[12.91285,55.40827],[12.87638,55.4167],[12.86413,55.44015],[12.84445,55.42288],[12.84242,55.4399],[12.80793,55.37738],[12.96827,55.40176],[13.07461,55.36807],[13.15254,55.37229],[13.35937,55.33622],[13.49382,55.38323],[13.59546,55.3871],[13.62819,55.41383],[13.71743,55.42655],[13.83474,55.41763],[13.91319,55.4344],[14.05543,55.38027],[14.20076,55.38684],[14.24113,55.43878],[14.34869,55.5102],[14.36165,55.55415],[14.28395,55.61853],[14.27123,55.67464],[14.20407,55.70271],[14.19485,55.75317],[14.21953,55.82837],[14.27001,55.89461],[14.32985,55.92154],[14.3199,55.9364],[14.33456,55.9562],[14.41286,55.97052],[14.40963,55.98645],[14.45169,55.99751],[14.4435,56.00437],[14.46782,56.01395],[14.47107,56.03676],[14.52823,56.04076],[14.53986,56.06113],[14.55842,56.02566],[14.61056,56.0562],[14.58291,56.01854],[14.60876,56.01791],[14.6129,55.99721],[14.634,56.0058],[14.67287,55.99185],[14.70313,56.01276],[14.72153,55.99388],[14.77023,56.02148],[14.78232,56.03445],[14.72335,56.06247],[14.72825,56.09009],[14.67542,56.12628],[14.68782,56.16654],[14.75634,56.14522],[14.77002,56.16365],[14.79853,56.14843],[14.84759,56.15966],[14.82403,56.15274],[14.83415,56.13372],[14.8643,56.14618],[14.85015,56.14618],[14.86094,56.16761],[14.8911,56.15072],[14.9134,56.16619],[14.93585,56.15563],[14.98196,56.17129],[15.03008,56.14686],[15.03522,56.16292],[15.00623,56.16062],[15.03615,56.16531],[15.0139,56.19707],[15.0309,56.17455],[15.04433,56.1888],[15.06239,56.18258],[15.0493,56.19478],[15.07626,56.17907],[15.06296,56.15437],[15.11974,56.14694],[15.11831,56.16968],[15.13048,56.1588],[15.14566,56.16941],[15.14378,56.1495],[15.16701,56.14041],[15.17566,56.14646],[15.15966,56.15244],[15.18516,56.16093],[15.24609,56.15619],[15.26796,56.18108],[15.31411,56.16393],[15.31367,56.14851],[15.28013,56.14323],[15.29028,56.13182],[15.33799,56.13377],[15.34892,56.11883],[15.38447,56.15207],[15.40236,56.14395],[15.40398,56.15837],[15.37966,56.1656],[15.40252,56.17975],[15.43661,56.17733],[15.42142,56.16635],[15.45153,56.17485],[15.47958,56.14803],[15.50448,56.15851],[15.48505,56.17185],[15.52922,56.16651],[15.59049,56.21212],[15.60972,56.18964],[15.58533,56.19181],[15.58935,56.1812],[15.56236,56.17506],[15.5799,56.16244],[15.56177,56.17293],[15.56361,56.1604],[15.59447,56.14954],[15.58963,56.17009],[15.64709,56.19178],[15.67624,56.15471],[15.72425,56.17257],[15.72726,56.15153],[15.74091,56.15468],[15.74465,56.13892],[15.71164,56.13522],[15.74973,56.11479],[15.7401,56.10839],[15.76452,56.10611],[15.77961,56.12461],[15.74611,56.1381],[15.82953,56.16927],[15.78187,56.1134],[15.78505,56.09861],[15.81655,56.10292],[15.848,56.07325],[15.84759,56.08814],[15.95326,56.17509],[15.95667,56.19359],[15.99569,56.19919],[16.01938,56.24517],[16.04463,56.2345],[16.0344,56.26776],[16.05979,56.30725],[16.04379,56.30987],[16.05069,56.31789],[16.31545,56.01724],[17.67876,55.68258],[17.378,55.58725],[17.0,55.5],[16.50825,55.35517],[15.04289,55.6915],[14.46,55.31222],[13.99283,54.96244],[13.78472,55.02083],[13.14808,55.00839],[13.05556,55.065],[12.79489,55.16667],[12.67722,55.25],[12.63889,55.30833],[12.61361,55.43111],[12.71667,55.48861],[12.7325,55.54028],[12.88444,55.61361],[12.90373,55.65649],[12.93117,55.67633],[12.84397,55.74266],[12.81583,55.79076],[12.69359,55.85084],[12.64831,55.92464],[12.65963,56.03331],[12.64537,56.05967],[12.44819,56.15788],[12.37062,56.21403],[12.08775,56.30392],[12.14781,56.50897],[11.37847,57.47201]],[[16.04898,56.27119],[16.06058,56.2609],[16.05886,56.27601],[16.04898,56.27119]],[[15.8135,56.0641],[15.8218,56.05471],[15.82389,56.06496],[15.8135,56.0641]],[[15.80113,56.05413],[15.80192,56.04003],[15.81318,56.04726],[15.80113,56.05413]],[[15.77552,56.01582],[15.79789,56.01766],[15.80785,56.03351],[15.78931,56.03],[15.77552,56.01582]],[[15.75862,56.04514],[15.7739,56.05132],[15.76579,56.06502],[15.75862,56.04514]],[[15.73686,56.0759],[15.76538,56.08207],[15.78655,56.09183],[15.77361,56.09958],[15.73686,56.0759]],[[15.71043,56.07808],[15.71711,56.06858],[15.72716,56.08623],[15.71043,56.07808]],[[15.63457,56.0975],[15.68151,56.07312],[15.70085,56.08006],[15.70716,56.09542],[15.68963,56.1046],[15.71176,56.10014],[15.73375,56.11762],[15.68277,56.11353],[15.65353,56.12469],[15.63457,56.0975]],[[15.6283,56.16338],[15.65268,56.16063],[15.65477,56.17756],[15.63509,56.17415],[15.6283,56.16338]],[[15.59341,56.10978],[15.6227,56.10056],[15.63586,56.10954],[15.62697,56.13438],[15.59341,56.10978]],[[15.51234,56.11264],[15.55057,56.09814],[15.56802,56.11899],[15.53048,56.13091],[15.51234,56.11264]],[[15.48801,56.08817],[15.51204,56.09333],[15.49433,56.10458],[15.48801,56.08817]],[[15.43669,56.11199],[15.46691,56.09232],[15.48434,56.10508],[15.48754,56.12463],[15.43669,56.11199]],[[15.4148,56.16052],[15.41533,56.1491],[15.44838,56.14837],[15.45961,56.13003],[15.44778,56.16744],[15.4148,56.16052]],[[15.04131,56.17369],[15.04501,56.15961],[15.05359,56.1731],[15.04131,56.17369]],[[14.96192,56.12167],[14.97126,56.11026],[14.98262,56.12299],[14.96192,56.12167]],[[14.84017,56.01866],[14.84092,55.99946],[14.85748,56.00994],[14.84017,56.01866]],[[12.81372,55.8492],[12.82593,55.85306],[12.82181,55.85993],[12.81372,55.8492]],[[12.66549,55.91704],[12.696,55.89172],[12.72153,55.89533],[12.72655,55.90948],[12.70278,55.91941],[12.66549,55.91704]],[[12.54048,56.45042],[12.55926,56.43052],[12.58297,56.43857],[12.5557,56.45654],[12.54048,56.45042]],[[12.1534,57.15437],[12.1778,57.15504],[12.19045,57.16803],[12.15838,57.17015],[12.1534,57.15437]],[[12.10681,57.30469],[12.1169,57.2951],[12.12625,57.3068],[12.10681,57.30469]],[[11.92466,57.36804],[11.94899,57.37626],[11.9272,57.37781],[11.92466,57.36804]]]]}},{"id":"55","type":"Feature","properties":{"zone_id":"UK011_OFF","name":"United Kingdom Offshore Node 011","parent_zone":"UK00_OFF","level":"PEOF","area_km2":28801.13},"geometry":{"type":"MultiPolygon","coordinates":[[[[1.55855,52.09666],[1.58222,52.1225],[1.5662,52.10056],[1.55855,52.09666]]],[[[1.50181,52.16458],[1.51249,52.15421],[1.55484,52.16514],[1.59847,52.14022],[1.58222,52.1225],[1.59514,52.14016],[1.56793,52.15593],[1.5107,52.15125],[1.50181,52.16458]]],[[[1.38408,51.99541],[1.39125,51.98963],[1.39086,51.98932],[1.38408,51.99541]]],[[[1.34376,52.04883],[1.34816,52.0422],[1.34402,52.03549],[1.34376,52.04883]]],[[[1.34078,52.03025],[1.34402,52.03549],[1.38408,51.99541],[1.34078,52.03025]]],[[[1.32824,52.07215],[1.34346,52.06383],[1.34376,52.04883],[1.32824,52.07215]]],[[[1.31766,52.08804],[1.33112,52.09591],[1.32006,52.08444],[1.31766,52.08804]]],[[[1.31512,52.07932],[1.32006,52.08444],[1.32824,52.07215],[1.31512,52.07932]]],[[[0.83653,51.59199],[0.83693,51.59425],[0.85786,51.59507],[0.83653,51.59199]]],[[[0.8281,51.59078],[0.83653,51.59199],[0.83332,51.57379],[0.8281,51.59078]]],[[[0.76836,51.63586],[0.81915,51.62522],[0.79591,51.62492],[0.76836,51.63586]]],[[[0.73151,51.57678],[0.82641,51.59629],[0.8281,51.59078],[0.73151,51.57678]]],[[[0.7216,51.41372],[0.72664,51.41327],[0.72668,51.41038],[0.7216,51.41372]]],[[[0.64729,51.63737],[0.74952,51.64334],[0.76836,51.63586],[0.76484,51.6366],[0.64729,51.63737]]],[[[0.51612,51.38839],[0.51889,51.38725],[0.51858,51.38674],[0.51612,51.38839]]],[[[0.4664,51.3737],[0.50439,51.39625],[0.51612,51.38839],[0.50324,51.3937],[0.4664,51.3737]]],[[[-0.84538,50.80578],[-0.81193,50.83013],[-0.82644,50.80496],[-0.84538,50.80578]]],[[[-0.85192,50.80606],[-0.84538,50.80578],[-0.84722,50.80444],[-0.85192,50.80606]]],[[[-1.70207,50.7357],[-1.55171,50.70539],[-1.57508,50.716],[-1.55627,50.71266],[-1.52025,50.74808],[-1.52783,50.758],[-1.50726,50.74538],[-1.34281,50.78536],[-1.30641,50.82025],[-1.4751,50.92018],[-1.39316,50.88237],[-1.38262,50.92017],[-1.37186,50.91116],[-1.38523,50.89128],[-1.32591,50.84751],[-1.30937,50.84863],[-1.31125,50.874],[-1.28706,50.89607],[-1.30826,50.87348],[-1.30606,50.8399],[-1.14122,50.77308],[-1.11164,50.78949],[-1.14887,50.83568],[-1.1744,50.83862],[-1.16046,50.84428],[-1.11747,50.83535],[-1.10393,50.84658],[-1.09038,50.81668],[-1.11197,50.79789],[-1.08712,50.77742],[-1.02745,50.78843],[-1.04324,50.78966],[-1.04928,50.83245],[-1.00176,50.82928],[-1.0186,50.84312],[-0.93412,50.84369],[-0.9444,50.81832],[-0.90935,50.79744],[-0.91352,50.83916],[-0.89361,50.83724],[-0.89908,50.8051],[-0.87381,50.8136],[-0.86846,50.83892],[-0.85325,50.82798],[-0.87179,50.81292],[-0.85192,50.80606],[-0.88546,50.80751],[-0.91685,50.78029],[-0.78887,50.72199],[-0.73785,50.76703],[-0.69275,50.77899],[-0.24423,50.83038],[0.25897,50.73693],[0.36182,50.81487],[0.66756,50.87128],[0.77321,50.93161],[0.97885,50.91193],[0.9642,50.96828],[1.00715,51.03208],[1.0739,51.06303],[1.32381,51.11098],[1.3166,51.12277],[1.34379,51.12369],[1.39863,51.15911],[1.40442,51.23212],[1.36269,51.31988],[1.42399,51.32464],[1.44958,51.37346],[1.42572,51.39379],[1.03208,51.36577],[0.99683,51.34713],[0.89592,51.33573],[0.87483,51.35429],[0.75992,51.36122],[0.76428,51.38357],[0.72686,51.39889],[0.72668,51.41038],[0.76759,51.38354],[0.7658,51.36968],[0.9053,51.35483],[0.95007,51.37387],[0.90197,51.417],[0.7454,51.4487],[0.73806,51.43557],[0.7419,51.41191],[0.72664,51.41327],[0.72649,51.42288],[0.69654,51.41937],[0.71905,51.38857],[0.68722,51.39167],[0.67506,51.37613],[0.64852,51.39691],[0.626,51.37585],[0.63449,51.38848],[0.61299,51.37878],[0.53686,51.41033],[0.51889,51.38725],[0.53425,51.41291],[0.60553,51.41069],[0.62446,51.4369],[0.66148,51.43677],[0.65656,51.44926],[0.67544,51.43236],[0.71476,51.43593],[0.72317,51.454],[0.70151,51.47227],[0.48184,51.48716],[0.45651,51.45345],[0.40391,51.44312],[0.33445,51.44925],[0.31067,51.46764],[0.2733,51.45476],[0.21053,51.48777],[0.27204,51.46099],[0.31399,51.47361],[0.33836,51.45498],[0.33629,51.46664],[0.3537,51.46143],[0.34184,51.45175],[0.39445,51.45239],[0.43403,51.46075],[0.45317,51.50474],[0.53967,51.51153],[0.50824,51.53029],[0.57121,51.50784],[0.63553,51.52225],[0.57083,51.54049],[0.78869,51.52174],[0.95988,51.62049],[0.87626,51.61481],[0.86739,51.59544],[0.85786,51.59507],[0.86524,51.61554],[0.81915,51.62522],[0.92039,51.62645],[0.93535,51.63331],[0.94969,51.68305],[0.94948,51.73199],[0.9018,51.7453],[0.87275,51.72166],[0.79247,51.71784],[0.77207,51.70404],[0.77732,51.69194],[0.76782,51.70249],[0.73856,51.6881],[0.76963,51.70854],[0.71203,51.71547],[0.69366,51.73366],[0.70613,51.72409],[0.71661,51.73612],[0.85237,51.74152],[0.88334,51.75761],[0.84994,51.7705],[0.89556,51.7661],[0.84915,51.7844],[0.89355,51.77431],[0.92448,51.80689],[0.99118,51.80684],[0.95072,51.82347],[0.98159,51.81776],[0.96438,51.85188],[1.0098,51.80658],[1.06433,51.81383],[1.01833,51.80092],[1.04596,51.76928],[1.13047,51.7762],[1.23625,51.81839],[1.29145,51.87237],[1.26328,51.88475],[1.26542,51.8624],[1.25914,51.88351],[1.21212,51.8799],[1.2452,51.88881],[1.29166,51.94921],[1.27611,51.93897],[1.05654,51.95056],[1.16177,51.96704],[1.27742,51.95728],[1.26712,51.9878],[1.18646,52.00698],[1.15608,52.03797],[1.18665,52.01532],[1.2838,51.99177],[1.28273,51.96836],[1.31756,51.9499],[1.31863,51.93189],[1.39086,51.98932],[1.40625,51.99079],[1.46551,52.04906],[1.55855,52.09666],[1.53933,52.07565],[1.46256,52.04061],[1.58038,52.08612],[1.62391,52.18872],[1.63338,52.27729],[1.68262,52.3249],[1.72757,52.39522],[1.73711,52.45279],[1.764,52.48014],[1.73363,52.55165],[1.74536,52.62647],[1.6981,52.72165],[1.64537,52.76487],[1.42633,52.88528],[1.26399,52.94006],[0.99427,52.97795],[0.98154,52.97013],[1.02643,52.96671],[0.96237,52.96126],[0.87115,52.98038],[0.85199,52.95735],[0.84396,52.97498],[0.75162,52.96961],[0.68948,52.988],[0.65667,52.98674],[0.69976,52.9795],[0.6671,52.96807],[0.6735,52.97609],[0.65224,52.97996],[0.52936,52.97504],[0.48793,52.94778],[0.44079,52.84627],[0.35805,52.81424],[0.38898,52.75922],[0.33333,52.81851],[0.24103,52.82256],[0.31455,52.9863],[1.23971,53.11145],[1.80055,53.17899],[2.10575,52.80312],[2.94686,52.31833],[2.95823,52.32469],[2.70333,52.08833],[2.48167,51.805],[2.25333,51.61306],[2.23833,51.55778],[2.12031,51.50306],[2.03697,51.33556],[1.95364,51.23997],[1.72528,51.09944],[1.54669,51.03775],[1.35558,50.94914],[1.28142,50.89553],[1.26475,50.79636],[1.12256,50.64303],[0.77617,50.38856],[0.60197,50.32717],[0.03586,50.23578],[-0.25969,50.21939],[-0.50136,50.12381],[-1.45389,50.15205],[-1.70207,50.7357]],[[0.90189,51.77421],[0.97168,51.78211],[1.00455,51.79557],[0.99582,51.80268],[0.9257,51.80144],[0.90189,51.77421]],[[0.70809,51.71951],[0.72181,51.71798],[0.7216,51.73064],[0.70809,51.71951]],[[0.66537,51.40697],[0.68142,51.39877],[0.69606,51.39758],[0.6826,51.41255],[0.66537,51.40697]],[[0.66004,51.41908],[0.67464,51.41371],[0.68792,51.41482],[0.68004,51.42337],[0.66004,51.41908]],[[-1.02433,50.78697],[-0.94007,50.77714],[-0.96067,50.78999],[-0.9451,50.79666],[-0.96803,50.80323],[-0.94606,50.80336],[-0.95799,50.83123],[-0.98964,50.82801],[-0.9904,50.80299],[-1.02433,50.78697]],[[-1.59314,50.66168],[-1.48486,50.66586],[-1.30916,50.57769],[-1.25497,50.57927],[-1.1821,50.59741],[-1.15924,50.64941],[-1.06967,50.68314],[-1.10512,50.69322],[-1.10734,50.72005],[-1.21547,50.73467],[-1.27674,50.76668],[-1.29129,50.75965],[-1.27824,50.72996],[-1.28907,50.7114],[-1.29277,50.75905],[-1.31438,50.76759],[-1.3536,50.73921],[-1.40931,50.72556],[-1.39368,50.71707],[-1.425,50.72677],[-1.52244,50.70756],[-1.54767,50.67866],[-1.59314,50.66168]]]]}},{"id":"56","type":"Feature","properties":{"zone_id":"UK012_OFF","name":"United Kingdom Offshore Node 012","parent_zone":"UK00_OFF","level":"PEOF","area_km2":7949.55},"geometry":{"type":"Polygon","coordinates":[[[1.53586,53.49911],[3.05699,53.33425],[3.205,52.78333],[3.18333,52.62167],[3.05833,52.41667],[2.94686,52.31833],[2.10575,52.80312],[1.53586,53.49911]]]}},{"id":"57","type":"Feature","properties":{"zone_id":"UK02_OFF","name":"United Kingdom Offshore Node 02","parent_zone":"UK00_OFF","level":"PEOF","area_km2":94435.03},"geometry":{"type":"MultiPolygon","coordinates":[[[[-3.57368,50.34783],[-3.57796,50.35964],[-3.57059,50.34652],[-3.57368,50.34783]]],[[[-3.59254,50.38244],[-3.57987,50.37126],[-3.58441,50.36754],[-3.59254,50.38244]]],[[[-3.5956,50.35837],[-3.58441,50.36754],[-3.58003,50.35949],[-3.5956,50.35837]]],[[[-3.65941,50.39411],[-3.63353,50.40419],[-3.65715,50.41054],[-3.57784,50.39168],[-3.58973,50.38421],[-3.59426,50.39017],[-3.65941,50.39411]]],[[[-3.87943,50.28064],[-3.8482,50.30578],[-3.87082,50.28016],[-3.87943,50.28064]]],[[[-4.15368,51.08005],[-4.11863,51.09457],[-4.06534,51.07955],[-4.11436,51.09001],[-4.15368,51.08005]]],[[[-4.15559,51.07926],[-4.1546,51.07982],[-4.15368,51.08005],[-4.15559,51.07926]]],[[[-4.12881,50.36215],[-4.0847,50.38647],[-4.11584,50.36107],[-4.12881,50.36215]]],[[[-4.2371,50.45952],[-4.23446,50.46185],[-4.23112,50.46231],[-4.2371,50.45952]]],[[[-4.23968,50.46113],[-4.22002,50.47459],[-4.23446,50.46185],[-4.23968,50.46113]]],[[[-5.01142,50.15593],[-4.99225,50.17599],[-5.00411,50.1566],[-5.01142,50.15593]]],[[[-5.02284,50.22285],[-5.01613,50.24117],[-5.02401,50.244],[-5.00749,50.26548],[-5.01553,50.22757],[-4.96598,50.23652],[-5.02284,50.22285]]],[[[-5.03495,50.20501],[-5.02323,50.22276],[-5.02284,50.22285],[-5.02814,50.20839],[-5.03495,50.20501]]],[[[-5.0391,50.24941],[-5.02401,50.244],[-5.02475,50.24303],[-5.0391,50.24941]]],[[[-10.80937,48.18019],[-9.91671,48.18019],[-9.91671,48.33333],[-9.8,48.33333],[-9.8,48.5],[-9.40895,48.5],[-9.4,49.0],[-9.28333,49.0],[-9.28333,49.16667],[-9.2,49.16667],[-9.2,49.33333],[-9.05,49.33333],[-9.05,49.5],[-8.75,49.5],[-8.75,49.66667],[-8.6,49.66667],[-8.6,49.83333],[-8.53371,49.83333],[-8.53371,50.0],[-8.4,50.0],[-8.4,50.16667],[-8.2,50.16667],[-8.2,50.33333],[-8.0,50.33333],[-8.0,50.5],[-7.6,50.5],[-7.6,50.66667],[-7.2,50.66667],[-7.2,50.83333],[-7.05,50.83333],[-7.05,51.0],[-6.8,51.0],[-6.8,51.12396],[-4.24392,51.36542],[-3.34117,51.30757],[-2.81977,51.55369],[-2.71173,51.58171],[-2.663,51.61662],[-2.64922,51.61099],[-2.62704,51.64341],[-2.49301,51.70541],[-2.49937,51.6918],[-2.55973,51.66627],[-2.58413,51.62924],[-2.66497,51.57346],[-2.67085,51.54904],[-2.71617,51.50818],[-2.70992,51.49779],[-2.80216,51.48553],[-2.90667,51.40066],[-2.98064,51.38835],[-2.96228,51.37452],[-2.99611,51.35615],[-2.98215,51.34724],[-2.99097,51.3213],[-3.0356,51.32859],[-3.011,51.32126],[-3.01944,51.26637],[-2.99952,51.23667],[-3.02305,51.19576],[-3.0536,51.18462],[-3.0452,51.16615],[-3.05994,51.18038],[-3.01904,51.2187],[-3.05645,51.20286],[-3.13355,51.21091],[-3.31378,51.17888],[-3.41003,51.18354],[-3.4469,51.20898],[-3.5444,51.23295],[-3.6186,51.21725],[-3.78634,51.24604],[-3.80832,51.23239],[-3.92573,51.23224],[-4.04274,51.20759],[-4.08635,51.21756],[-4.23008,51.18832],[-4.20955,51.17225],[-4.21483,51.15218],[-4.26296,51.14309],[-4.22146,51.11651],[-4.21177,51.0741],[-4.18884,51.06547],[-4.15559,51.07926],[-4.18096,51.06488],[-4.20176,51.01813],[-4.19009,51.05402],[-4.22159,51.06502],[-4.30082,50.99937],[-4.34291,50.989],[-4.52586,51.02273],[-4.54661,50.92845],[-4.56991,50.90402],[-4.55226,50.82987],[-4.56245,50.7814],[-4.65387,50.73959],[-4.65529,50.71608],[-4.68215,50.69606],[-4.76407,50.67018],[-4.76136,50.64509],[-4.79548,50.59852],[-4.93544,50.58754],[-4.91534,50.57475],[-4.93132,50.56403],[-4.91527,50.53704],[-4.84907,50.52721],[-4.93803,50.52502],[-4.94445,50.56892],[-4.98476,50.54244],[-5.03696,50.54933],[-5.02533,50.52774],[-5.04625,50.49742],[-5.03194,50.46724],[-5.04244,50.44355],[-5.06943,50.42052],[-5.09943,50.42573],[-5.10205,50.41326],[-5.14761,50.40524],[-5.1545,50.3486],[-5.19993,50.32089],[-5.23545,50.31851],[-5.24676,50.28445],[-5.33608,50.23978],[-5.39574,50.23986],[-5.43493,50.17679],[-5.43092,50.18763],[-5.4684,50.20049],[-5.47428,50.21844],[-5.49917,50.21983],[-5.59959,50.19323],[-5.63134,50.167],[-5.6741,50.16555],[-5.71071,50.1271],[-5.68923,50.08904],[-5.71732,50.06856],[-5.68496,50.03662],[-5.55363,50.05925],[-5.53143,50.08857],[-5.54552,50.10902],[-5.49172,50.12832],[-5.42953,50.09711],[-5.38886,50.10274],[-5.29787,50.07103],[-5.28492,50.08497],[-5.28203,50.04306],[-5.25663,50.02298],[-5.2671,49.99921],[-5.24817,49.97555],[-5.21935,49.97044],[-5.21776,49.95563],[-5.19756,49.95836],[-5.16183,50.00592],[-5.10055,50.00409],[-5.09471,50.02764],[-5.0556,50.052],[-5.07944,50.06822],[-5.07514,50.08575],[-5.10933,50.08421],[-5.09268,50.08829],[-5.10493,50.09484],[-5.19368,50.08938],[-5.13611,50.10905],[-5.09843,50.09937],[-5.08068,50.10954],[-5.09397,50.1254],[-5.07241,50.13407],[-5.07931,50.14402],[-5.04072,50.14417],[-5.09261,50.1665],[-5.04456,50.17179],[-5.09238,50.20847],[-5.06652,50.20799],[-5.05838,50.19338],[-5.03495,50.20501],[-5.01749,50.1835],[-5.02604,50.15457],[-5.01142,50.15593],[-5.01773,50.14932],[-5.00882,50.1387],[-4.98221,50.1508],[-4.95087,50.20443],[-4.92019,50.19485],[-4.84281,50.23652],[-4.79771,50.21959],[-4.76518,50.25658],[-4.78504,50.26177],[-4.78426,50.28533],[-4.75263,50.29752],[-4.76018,50.32793],[-4.69586,50.34711],[-4.67498,50.31407],[-4.6447,50.32711],[-4.63123,50.34361],[-4.66033,50.3883],[-4.62332,50.35871],[-4.63709,50.35588],[-4.61655,50.33493],[-4.63219,50.32384],[-4.47464,50.33217],[-4.43684,50.36019],[-4.38839,50.36417],[-4.29241,50.3582],[-4.22731,50.33171],[-4.22412,50.31051],[-4.18883,50.31724],[-4.19967,50.33334],[-4.16649,50.34554],[-4.1707,50.35815],[-4.20391,50.34713],[-4.19667,50.35912],[-4.23407,50.36412],[-4.19532,50.37107],[-4.20153,50.38804],[-4.27554,50.37429],[-4.30497,50.39895],[-4.27339,50.37615],[-4.21161,50.39933],[-4.20964,50.42563],[-4.22714,50.42892],[-4.19893,50.43715],[-4.21677,50.46429],[-4.23112,50.46231],[-4.21753,50.46866],[-4.18669,50.43382],[-4.15488,50.45936],[-4.20448,50.39993],[-4.18638,50.36689],[-4.12881,50.36215],[-4.11203,50.31566],[-4.05475,50.31126],[-4.05236,50.33775],[-4.01971,50.34054],[-4.05323,50.31822],[-4.04159,50.31177],[-4.07575,50.30402],[-4.05077,50.29379],[-3.96105,50.30309],[-3.93589,50.32936],[-3.94535,50.29626],[-3.87943,50.28064],[-3.88376,50.27716],[-3.85775,50.26051],[-3.87099,50.2407],[-3.78846,50.20905],[-3.75906,50.23949],[-3.78569,50.25545],[-3.75771,50.28281],[-3.75735,50.25432],[-3.72053,50.26977],[-3.75766,50.25051],[-3.73307,50.23809],[-3.77312,50.2232],[-3.72222,50.20119],[-3.68249,50.22126],[-3.63987,50.22133],[-3.65877,50.23731],[-3.6396,50.29264],[-3.56362,50.33411],[-3.57059,50.34652],[-3.54322,50.33485],[-3.51709,50.34703],[-3.51486,50.37271],[-3.48245,50.3985],[-3.54522,50.40277],[-3.55917,50.4206],[-3.53789,50.46155],[-3.48154,50.46112],[-3.51449,50.48183],[-3.49589,50.53781],[-3.58304,50.53888],[-3.49974,50.5402],[-3.42737,50.60536],[-3.44385,50.60482],[-3.46699,50.68117],[-3.41796,50.63199],[-3.42434,50.61589],[-3.35782,50.60606],[-3.23288,50.67814],[-3.00908,50.69943],[-2.90995,50.73357],[-2.79298,50.71788],[-2.62303,50.65797],[-2.44913,50.55941],[-2.45646,50.51289],[-2.41518,50.55019],[-2.42295,50.56883],[-2.47116,50.58421],[-2.43236,50.59607],[-2.45256,50.6131],[-2.42371,50.6354],[-2.19554,50.6219],[-2.06431,50.59308],[-2.05447,50.57639],[-1.95096,50.59406],[-1.94307,50.60754],[-1.95649,50.61786],[-1.92394,50.6405],[-1.95319,50.6508],[-1.9503,50.67872],[-1.97852,50.66143],[-1.97987,50.67665],[-1.9954,50.66691],[-2.01137,50.68256],[-2.04634,50.67817],[-2.02517,50.68803],[-2.02688,50.70758],[-2.07973,50.68765],[-2.06205,50.71634],[-1.95723,50.71521],[-1.9312,50.6956],[-1.94718,50.68253],[-1.8851,50.71386],[-1.74865,50.71217],[-1.72832,50.73212],[-1.70241,50.73565],[-1.45385,50.15205],[-2.05861,50.15297],[-2.80808,49.96294],[-2.94308,49.77406],[-3.58197,49.55236],[-3.93114,49.53458],[-4.36419,49.45542],[-4.54558,49.38625],[-5.18478,49.24011],[-5.34589,49.21567],[-5.69783,49.199],[-9.60981,48.09892],[-9.87728,47.4354],[-10.13826,47.60506],[-10.38627,47.79026],[-10.61479,47.98697],[-10.80937,48.18019]],[[-4.68151,51.17168],[-4.66608,51.15992],[-4.65133,51.16296],[-4.67905,51.19692],[-4.68151,51.17168]],[[-6.305,49.96366],[-6.28035,49.95717],[-6.26276,49.96606],[-6.29877,49.97626],[-6.305,49.96366]],[[-6.32766,49.91248],[-6.30303,49.91023],[-6.2746,49.92286],[-6.30112,49.93537],[-6.32766,49.91248]],[[-6.35147,49.96374],[-6.33005,49.94102],[-6.31872,49.95362],[-6.34151,49.9671],[-6.35147,49.96374]],[[-6.35171,49.89849],[-6.34218,49.88298],[-6.3341,49.89172],[-6.35171,49.89849]],[[-6.36164,49.96562],[-6.35939,49.94384],[-6.34814,49.95636],[-6.36164,49.96562]]]]}},{"id":"58","type":"Feature","properties":{"zone_id":"UK031_OFF","name":"United Kingdom Offshore Node 031","parent_zone":"UK00_OFF","level":"PEOF","area_km2":30976.66},"geometry":{"type":"MultiPolygon","coordinates":[[[[-2.36199,51.8124],[-2.34627,51.8023],[-2.34892,51.80129],[-2.36199,51.8124]]],[[[-3.51018,53.31292],[-3.50738,53.31462],[-3.47638,53.29299],[-3.51018,53.31292]]],[[[-2.7111,53.35245],[-2.64011,53.3743],[-2.67399,53.3557],[-2.7111,53.35245]]],[[[-2.86393,53.99599],[-2.86162,53.99917],[-2.85442,53.99963],[-2.86393,53.99599]]],[[[-2.85442,53.99963],[-2.83911,54.00549],[-2.84141,54.0369],[-2.82964,54.03128],[-2.8342,54.00093],[-2.85442,53.99963]]],[[[-2.98121,51.5464],[-2.97099,51.55465],[-2.97065,51.55423],[-2.98121,51.5464]]],[[[-2.9794,51.56506],[-2.96591,51.55875],[-2.97099,51.55465],[-2.9794,51.56506]]],[[[-2.62477,51.64672],[-2.60678,51.67298],[-2.50489,51.70983],[-2.47202,51.7432],[-2.40721,51.76945],[-2.44894,51.78528],[-2.43873,51.81351],[-2.41662,51.8179],[-2.36321,51.79587],[-2.37299,51.79216],[-2.43419,51.81072],[-2.44604,51.79008],[-2.38373,51.77487],[-2.38019,51.76014],[-2.48397,51.72473],[-2.494,51.70329],[-2.62477,51.64672]]],[[[-4.36949,51.78109],[-4.36817,51.78647],[-4.35683,51.79012],[-4.36949,51.78109]]],[[[-4.9307,51.7037],[-4.92074,51.70455],[-4.89792,51.71],[-4.91825,51.69934],[-4.90539,51.69436],[-4.9307,51.7037]]],[[[-4.93631,51.70321],[-4.9329,51.70451],[-4.9307,51.7037],[-4.93631,51.70321]]],[[[-4.89792,51.71],[-4.89335,51.7124],[-4.89383,51.71098],[-4.89792,51.71]]],[[[-4.94469,51.7783],[-4.93497,51.78251],[-4.94009,51.76636],[-4.89604,51.7677],[-4.83373,51.79034],[-4.88763,51.76766],[-4.8971,51.74052],[-4.87322,51.73276],[-4.88332,51.71891],[-4.83391,51.72299],[-4.8626,51.71973],[-4.84616,51.7012],[-4.8845,51.71703],[-4.89335,51.7124],[-4.88677,51.73187],[-4.90465,51.74435],[-4.90103,51.76502],[-4.94103,51.7654],[-4.94469,51.7783]]],[[[-2.36321,51.79587],[-2.34892,51.80129],[-2.34777,51.80031],[-2.36321,51.79587]]],[[[-4.35683,51.79012],[-4.32024,51.81619],[-4.32424,51.80061],[-4.35683,51.79012]]],[[[-6.8,51.12417],[-6.8,51.16667],[-6.7,51.16667],[-6.7,51.33333],[-6.55,51.33333],[-6.55,51.5],[-6.3,51.5],[-6.3,51.66667],[-6.1,51.66667],[-6.1,51.83333],[-6.0,51.83333],[-6.0,51.9],[-5.95,51.9],[-5.95,51.96667],[-5.9,51.96667],[-5.9,52.0],[-5.83333,52.0],[-5.83333,52.06667],[-5.76667,52.06667],[-5.76667,52.13333],[-5.7,52.13333],[-5.7,52.2],[-5.65,52.2],[-5.65,52.26667],[-5.58333,52.26667],[-5.58333,52.4],[-5.38,52.4],[-5.38,52.53333],[-5.46667,52.53333],[-5.46667,52.73333],[-5.40833,52.73333],[-5.40833,52.86667],[-5.375,52.86667],[-5.375,52.98333],[-5.31667,52.98333],[-5.31667,53.15],[-5.33333,53.15],[-5.33333,53.43333],[-5.31667,53.43333],[-5.31667,53.53333],[-5.28333,53.53333],[-5.27233,53.70233],[-5.2975,53.70233],[-5.2975,53.71145],[-4.54914,53.77155],[-3.28863,53.93915],[-2.94273,54.15112],[-2.93164,54.15164],[-2.88946,54.18352],[-2.84175,54.17214],[-2.81901,54.15391],[-2.8145,54.13345],[-2.79184,54.13053],[-2.81863,54.08901],[-2.87978,54.07525],[-2.92331,54.03377],[-2.88109,53.98942],[-2.86393,53.99599],[-2.87694,53.97812],[-2.85343,53.9658],[-2.89676,53.94148],[-2.99762,53.92777],[-2.99175,53.8955],[-2.96474,53.87477],[-2.97264,53.86429],[-2.94126,53.85017],[-2.97654,53.86196],[-2.9702,53.876],[-3.00424,53.8952],[-3.00374,53.91988],[-3.01791,53.91313],[-3.0059,53.92931],[-3.05081,53.92015],[-3.05812,53.77873],[-3.0315,53.74557],[-2.9778,53.73385],[-2.78206,53.75262],[-2.95266,53.71502],[-2.95302,53.70101],[-3.02322,53.65574],[-3.10336,53.55011],[-3.06516,53.52444],[-2.9819,53.38231],[-2.87775,53.33181],[-2.78649,53.32249],[-2.76475,53.34774],[-2.7111,53.35245],[-2.75577,53.33868],[-2.76149,53.32394],[-2.73329,53.3065],[-2.75195,53.31457],[-2.87612,53.2889],[-2.93948,53.31529],[-3.01484,53.40402],[-3.04915,53.40504],[-3.01431,53.40972],[-3.04153,53.44275],[-3.17911,53.39925],[-3.2003,53.38637],[-3.18824,53.36958],[-3.12616,53.3265],[-3.10982,53.28722],[-3.0741,53.27929],[-3.10108,53.2741],[-3.08703,53.27242],[-3.10283,53.2711],[-3.08741,53.25634],[-3.10098,53.25099],[-3.04016,53.21843],[-3.26074,53.32556],[-3.28268,53.32371],[-3.32233,53.35624],[-3.49064,53.32484],[-3.50738,53.31462],[-3.61007,53.28993],[-3.71113,53.29419],[-3.77646,53.32865],[-3.81947,53.32304],[-3.86941,53.34302],[-3.87879,53.33292],[-3.84426,53.31932],[-3.80227,53.26318],[-3.81776,53.26172],[-3.81541,53.27636],[-3.85065,53.29697],[-4.03431,53.23683],[-4.08251,53.22826],[-4.12665,53.24027],[-4.20077,53.20948],[-4.21335,53.18234],[-4.30973,53.12987],[-4.31587,53.09979],[-4.3343,53.11422],[-4.31896,53.12161],[-4.34833,53.11427],[-4.3359,53.07896],[-4.35575,53.03255],[-4.41112,52.99721],[-4.43782,52.99881],[-4.51607,52.94177],[-4.56763,52.94807],[-4.6504,52.90611],[-4.67125,52.87687],[-4.72692,52.85333],[-4.72362,52.83559],[-4.76941,52.79735],[-4.73315,52.78079],[-4.71994,52.80252],[-4.64544,52.79888],[-4.60296,52.82447],[-4.53904,52.80172],[-4.54399,52.78587],[-4.52847,52.77728],[-4.48646,52.79416],[-4.50278,52.82813],[-4.47008,52.84723],[-4.47763,52.8564],[-4.39685,52.88172],[-4.41004,52.89005],[-4.32664,52.89168],[-4.31741,52.90779],[-4.22766,52.91883],[-4.15226,52.90615],[-4.12437,52.92307],[-4.1039,52.90894],[-4.02183,52.93924],[-4.07917,52.90053],[-4.14561,52.89305],[-4.11908,52.85049],[-4.12763,52.83078],[-4.1142,52.83026],[-4.15399,52.81299],[-4.05242,52.71837],[-3.92714,52.75342],[-4.05077,52.71511],[-4.05811,52.68781],[-4.09689,52.66865],[-4.13005,52.61158],[-4.06975,52.54302],[-3.92656,52.55573],[-3.97893,52.54953],[-4.02087,52.52532],[-4.05822,52.52941],[-4.05221,52.48065],[-4.07906,52.45075],[-4.08765,52.39809],[-4.14412,52.32001],[-4.23257,52.25261],[-4.32578,52.21337],[-4.3775,52.21548],[-4.51683,52.13619],[-4.56831,52.14474],[-4.68675,52.12988],[-4.68027,52.08634],[-4.73087,52.11776],[-4.78656,52.06111],[-4.84565,52.04255],[-4.82691,52.01988],[-4.90957,52.03495],[-4.92079,52.01007],[-4.97179,51.9957],[-4.99172,52.00214],[-4.97015,52.01295],[-4.98989,52.02527],[-5.07486,52.0305],[-5.09137,52.01482],[-5.07433,52.00383],[-5.09523,51.99338],[-5.08403,51.97058],[-5.19699,51.95014],[-5.21045,51.93307],[-5.30794,51.90762],[-5.29614,51.89467],[-5.31613,51.88464],[-5.31616,51.85975],[-5.22622,51.87249],[-5.13864,51.86327],[-5.10447,51.81192],[-5.1169,51.76988],[-5.16048,51.77202],[-5.20314,51.7552],[-5.21066,51.73411],[-5.2535,51.73285],[-5.18755,51.70827],[-5.17531,51.67969],[-5.14891,51.70268],[-5.17251,51.71613],[-5.1155,51.71017],[-5.10567,51.72385],[-5.07584,51.69758],[-5.01978,51.71358],[-4.9896,51.69862],[-4.93631,51.70321],[-4.9769,51.6878],[-4.93877,51.67682],[-4.97472,51.67429],[-4.98126,51.68933],[-5.02834,51.69859],[-5.05191,51.69729],[-5.04904,51.67702],[-5.1041,51.69221],[-5.12529,51.68164],[-5.06377,51.66109],[-5.051,51.64211],[-5.05901,51.62008],[-4.92497,51.5955],[-4.86255,51.64647],[-4.7821,51.63416],[-4.75827,51.6525],[-4.71073,51.65167],[-4.6768,51.69652],[-4.6965,51.71171],[-4.67129,51.72841],[-4.558,51.74167],[-4.45262,51.73379],[-4.42544,51.74706],[-4.45887,51.76649],[-4.44748,51.78004],[-4.46529,51.78893],[-4.43819,51.77945],[-4.4485,51.76847],[-4.40403,51.75643],[-4.36949,51.78109],[-4.37789,51.7469],[-4.31661,51.72466],[-4.37846,51.73016],[-4.31155,51.67326],[-4.20791,51.68462],[-4.14948,51.65447],[-4.10868,51.65827],[-4.07822,51.6656],[-4.08167,51.6879],[-4.0505,51.70132],[-4.07667,51.68375],[-4.0768,51.65684],[-4.18228,51.62624],[-4.22618,51.62816],[-4.246,51.64697],[-4.27811,51.61452],[-4.31584,51.60956],[-4.2892,51.58318],[-4.30744,51.56145],[-4.20585,51.53546],[-4.19812,51.54751],[-4.14984,51.54179],[-4.15624,51.56124],[-4.11337,51.57407],[-4.06608,51.55727],[-4.03425,51.56996],[-3.98227,51.56384],[-3.97008,51.56688],[-3.99889,51.57769],[-3.98313,51.60514],[-3.83241,51.62829],[-3.84624,51.61121],[-3.79771,51.57002],[-3.81856,51.57382],[-3.78741,51.56809],[-3.71866,51.47796],[-3.64932,51.4772],[-3.55884,51.40086],[-3.34073,51.38061],[-3.16925,51.40577],[-3.16406,51.44001],[-3.17928,51.4621],[-3.15631,51.45128],[-3.12003,51.48986],[-2.99928,51.533],[-2.98121,51.5464],[-2.97243,51.53779],[-2.90339,51.5319],[-2.83545,51.54961],[-3.34052,51.30735],[-4.24249,51.36514],[-5.36431,51.27114],[-6.8,51.12417]],[[-4.58741,53.27846],[-4.55354,53.2667],[-4.55479,53.249],[-4.49656,53.20714],[-4.50856,53.18712],[-4.45819,53.18018],[-4.44299,53.1542],[-4.38603,53.19124],[-4.38756,53.16762],[-4.4169,53.16104],[-4.41497,53.13223],[-4.39953,53.14502],[-4.35806,53.13572],[-4.34109,53.14869],[-4.29986,53.14792],[-4.21875,53.18527],[-4.20989,53.2099],[-4.10141,53.25416],[-4.03997,53.3105],[-4.11989,53.319],[-4.20492,53.29465],[-4.23057,53.35763],[-4.27997,53.37642],[-4.26877,53.39055],[-4.28705,53.41681],[-4.42693,53.42989],[-4.49045,53.41198],[-4.5756,53.40359],[-4.55546,53.37295],[-4.58519,53.33056],[-4.56246,53.31546],[-4.56369,53.29944],[-4.53856,53.3073],[-4.58741,53.27846]],[[-4.35806,53.13572],[-4.36031,53.134],[-4.32828,53.12904],[-4.35806,53.13572]],[[-4.70995,51.64219],[-4.7039,51.63132],[-4.68276,51.62974],[-4.68203,51.64164],[-4.70995,51.64219]],[[-4.70109,53.30616],[-4.68068,53.29813],[-4.68143,53.28098],[-4.61816,53.27899],[-4.61558,53.24812],[-4.58859,53.23905],[-4.55388,53.24733],[-4.60198,53.28682],[-4.58539,53.30131],[-4.63105,53.31033],[-4.62033,53.32467],[-4.682,53.32405],[-4.70109,53.30616]],[[-4.79654,52.75253],[-4.77863,52.76351],[-4.79407,52.76843],[-4.79654,52.75253]],[[-5.28984,51.6954],[-5.27344,51.6942],[-5.26359,51.70198],[-5.27668,51.70283],[-5.28984,51.6954]],[[-5.31292,51.73964],[-5.28768,51.7315],[-5.2685,51.73445],[-5.28706,51.74184],[-5.31292,51.73964]],[[-5.35332,51.86558],[-5.34162,51.84661],[-5.33184,51.85405],[-5.33034,51.87856],[-5.35332,51.86558]]]]}},{"id":"59","type":"Feature","properties":{"zone_id":"UK032_OFF","name":"United Kingdom Offshore Node 032","parent_zone":"UK00_OFF","level":"PEOF","area_km2":5606.59},"geometry":{"type":"MultiPolygon","coordinates":[[[[-0.55153,53.68431],[-0.54346,53.68508],[-0.53455,53.68128],[-0.53709,53.68088],[-0.55153,53.68431]]],[[[-0.88903,53.72662],[-0.84623,53.72862],[-0.84276,53.70802],[-0.86399,53.70038],[-0.85064,53.68616],[-0.81195,53.70671],[-0.69416,53.70353],[-0.6266,53.72941],[-0.54311,53.7084],[-0.36742,53.73021],[-0.21539,53.70108],[-0.10804,53.63602],[-0.05392,53.62913],[0.0321,53.64735],[0.10641,53.63065],[0.14607,53.60477],[0.11065,53.57252],[0.14779,53.60156],[0.13402,53.63323],[1.53586,53.49911],[1.80055,53.17899],[1.23971,53.11145],[0.31459,52.98642],[0.24522,52.82595],[0.22492,52.82326],[0.17412,52.87789],[0.06693,52.90571],[0.07046,52.92315],[0.03735,52.90386],[0.1533,53.00753],[0.33575,53.09227],[0.34879,53.12821],[0.35607,53.18373],[0.33619,53.24233],[0.15491,53.47583],[0.02036,53.5173],[-0.06078,53.58261],[-0.09535,53.58175],[-0.17271,53.6238],[-0.15732,53.6285],[-0.20064,53.63608],[-0.28733,53.7124],[-0.47058,53.69835],[-0.52687,53.67801],[-0.53455,53.68128],[-0.52528,53.68274],[-0.61206,53.71426],[-0.68933,53.69808],[-0.68529,53.67204],[-0.71201,53.64102],[-0.69803,53.61233],[-0.73677,53.59662],[-0.70037,53.61264],[-0.71484,53.64242],[-0.691,53.66921],[-0.69814,53.69773],[-0.81348,53.70446],[-0.8521,53.6849],[-0.86678,53.70051],[-0.84437,53.71024],[-0.84889,53.72783],[-0.88903,53.72662]]]]}},{"id":"60","type":"Feature","properties":{"zone_id":"UK041_OFF","name":"United Kingdom Offshore Node 041","parent_zone":"UK00_OFF","level":"PEOF","area_km2":26573.59},"geometry":{"type":"Polygon","coordinates":[[[-3.50205,56.00704],[-3.48758,56.01608],[-3.25195,56.00558],[-3.00041,56.04678],[-2.83418,56.1379],[-2.30284,56.11051],[-0.84195,56.17036],[-0.84602,56.15188],[1.53586,53.49911],[0.13402,53.63323],[0.12404,53.65616],[-0.1266,53.86851],[-0.21246,54.00513],[-0.21487,54.04751],[-0.19844,54.07711],[-0.16814,54.09762],[-0.07524,54.11685],[-0.24555,54.16657],[-0.28441,54.19855],[-0.27816,54.21638],[-0.25643,54.21529],[-0.3644,54.2449],[-0.39589,54.27277],[-0.38343,54.28779],[-0.40754,54.29371],[-0.41495,54.33216],[-0.46318,54.39017],[-0.52359,54.41669],[-0.52093,54.44718],[-0.57385,54.48225],[-0.66316,54.49965],[-0.71385,54.53403],[-0.74425,54.52815],[-0.77421,54.55689],[-1.00249,54.59398],[-1.12393,54.63046],[-1.13663,54.64793],[-1.13545,54.6288],[-1.15442,54.62363],[-1.13969,54.61514],[-1.2106,54.58068],[-1.15684,54.61617],[-1.16746,54.62942],[-1.20019,54.62133],[-1.16095,54.63534],[-1.19835,54.68016],[-1.19392,54.69903],[-1.17604,54.69739],[-1.23921,54.72081],[-1.29596,54.76403],[-1.35488,54.87344],[-1.35112,54.91903],[-1.44146,54.91253],[-1.35148,54.92081],[-1.36785,54.93494],[-1.35526,54.96567],[-1.41389,54.99971],[-1.40792,55.00849],[-1.46206,54.98448],[-1.52586,54.98352],[-1.5385,54.96047],[-1.54929,54.96072],[-1.52957,54.98429],[-1.45446,54.98791],[-1.42993,55.01296],[-1.40388,55.0144],[-1.49433,55.10016],[-1.49247,55.123],[-1.52512,55.15881],[-1.56434,55.16475],[-1.52538,55.16278],[-1.50014,55.18623],[-1.57201,55.27553],[-1.55103,55.32213],[-1.5936,55.33895],[-1.58185,55.33913],[-1.62356,55.3886],[-1.57914,55.40716],[-1.5782,55.42716],[-1.59222,55.43973],[-1.59178,55.49035],[-1.61486,55.49766],[-1.61074,55.52115],[-1.63883,55.53885],[-1.61928,55.55172],[-1.63926,55.57864],[-1.72257,55.61673],[-1.76888,55.60397],[-1.78341,55.61635],[-1.76427,55.62681],[-1.78976,55.65766],[-1.80812,55.63463],[-1.84165,55.64301],[-1.88785,55.69695],[-2.00537,55.76262],[-1.98982,55.76775],[-1.99477,55.77978],[-2.06874,55.84338],[-2.07576,55.87249],[-2.13382,55.89242],[-2.13648,55.91647],[-2.3318,55.93086],[-2.44348,55.98858],[-2.55508,56.00268],[-2.62305,56.05179],[-2.67906,56.06314],[-2.81551,56.06361],[-2.86723,56.03666],[-2.87227,56.02608],[-2.85113,56.01436],[-2.89438,56.00889],[-2.8853,55.99752],[-2.90231,55.98094],[-3.06748,55.94508],[-3.18016,55.98982],[-3.28885,55.97944],[-3.35172,56.00143],[-3.39054,55.99003],[-3.50205,56.00704]]]}},{"id":"61","type":"Feature","properties":{"zone_id":"UK042_OFF","name":"United Kingdom Offshore Node 042","parent_zone":"UK00_OFF","level":"PEOF","area_km2":41382.93},"geometry":{"type":"Polygon","coordinates":[[[-0.84602,56.15188],[-0.84195,56.17036],[3.05361,56.24527],[3.25,56.08667],[3.4,55.835],[3.2491,55.47799],[2.86459,55.52427],[1.64291,55.23466],[1.34737,55.05453],[1.15295,54.80292],[1.29019,54.48269],[2.07247,54.31844],[2.39327,54.28767],[2.67013,54.33125],[2.74484,54.41829],[2.8065,54.45761],[2.76333,54.38],[2.86667,53.96333],[2.98833,53.585],[3.05691,53.33455],[1.53586,53.49911],[-0.84602,56.15188]]]}},{"id":"62","type":"Feature","properties":{"zone_id":"UK043_OFF","name":"United Kingdom Offshore Node 043","parent_zone":"UK00_OFF","level":"PEOF","area_km2":15871.34},"geometry":{"type":"MultiPolygon","coordinates":[[[[-2.81417,54.24665],[-2.80061,54.24315],[-2.80191,54.23819],[-2.81417,54.24665]]],[[[-2.9254,54.16159],[-2.90583,54.19272],[-2.80523,54.22552],[-2.80191,54.23819],[-2.78842,54.22886],[-2.86562,54.19127],[-2.83163,54.16403],[-2.88946,54.18343],[-2.9254,54.16159]]],[[[-3.40717,54.33928],[-3.40679,54.34083],[-3.3861,54.34189],[-3.40717,54.33928]]],[[[-3.44106,54.36653],[-3.42936,54.35601],[-3.43012,54.35579],[-3.44106,54.36653]]],[[[-5.79502,53.86392],[-5.02148,54.39067],[-5.59251,55.03534],[-5.44289,55.13008],[-5.02005,55.3048],[-4.89292,55.53155],[-4.98104,55.70548],[-4.93495,55.86875],[-4.8964,55.87554],[-4.88964,55.8188],[-4.85664,55.75755],[-4.8606,55.74534],[-4.8827,55.75205],[-4.86843,55.74358],[-4.87517,55.73015],[-4.90369,55.73051],[-4.90581,55.69933],[-4.8176,55.65159],[-4.81701,55.63423],[-4.75307,55.63071],[-4.69618,55.60547],[-4.7099,55.63186],[-4.65809,55.57057],[-4.65925,55.54781],[-4.68613,55.54541],[-4.65846,55.54014],[-4.61937,55.49176],[-4.65041,55.44293],[-4.71348,55.43408],[-4.7713,55.40058],[-4.77524,55.35949],[-4.8467,55.32395],[-4.83833,55.27699],[-4.86175,55.22653],[-4.99641,55.13946],[-5.00078,55.10924],[-5.06156,55.02617],[-4.9941,54.91465],[-5.02778,54.90642],[-5.0632,54.92652],[-5.07338,54.96387],[-5.0546,54.96411],[-5.09673,55.01806],[-5.16138,55.00741],[-5.18774,54.97643],[-5.18519,54.91214],[-5.14996,54.86092],[-5.01129,54.78284],[-5.00525,54.75517],[-4.98751,54.74974],[-4.9928,54.73395],[-4.95595,54.72759],[-4.96727,54.71725],[-4.94797,54.70013],[-4.97507,54.68484],[-4.96579,54.66414],[-4.92188,54.64258],[-4.85302,54.63631],[-4.8763,54.63964],[-4.88111,54.67024],[-4.86588,54.68131],[-4.90653,54.70204],[-4.91639,54.74237],[-4.96079,54.80342],[-4.93795,54.83062],[-4.84762,54.86801],[-4.80969,54.86038],[-4.78186,54.83215],[-4.71472,54.8254],[-4.60284,54.77671],[-4.57226,54.7375],[-4.51729,54.71126],[-4.38111,54.68082],[-4.34854,54.71141],[-4.36537,54.72315],[-4.35469,54.76782],[-4.37021,54.77147],[-4.35859,54.77777],[-4.36818,54.79325],[-4.34061,54.79975],[-4.40993,54.8279],[-4.42996,54.86436],[-4.39682,54.893],[-4.39894,54.91416],[-4.4523,54.93832],[-4.39719,54.91667],[-4.38427,54.87732],[-4.36247,54.8628],[-4.30338,54.84312],[-4.25974,54.83449],[-4.20886,54.86412],[-4.22592,54.83969],[-4.20806,54.81185],[-4.18231,54.80678],[-4.15977,54.7792],[-4.12394,54.78675],[-4.10627,54.76727],[-4.08908,54.77348],[-4.10489,54.77828],[-4.08883,54.78194],[-4.08998,54.8137],[-4.04454,54.84882],[-4.07271,54.8188],[-4.04712,54.81315],[-4.06524,54.78035],[-3.97984,54.76817],[-3.8247,54.823],[-3.86028,54.84516],[-3.83517,54.84597],[-3.84116,54.86168],[-3.8075,54.84472],[-3.82783,54.87327],[-3.81961,54.89041],[-3.78784,54.85294],[-3.70261,54.88387],[-3.59414,54.87154],[-3.56221,54.9069],[-3.58615,54.93129],[-3.57599,55.00418],[-3.528,54.96744],[-3.46535,54.96941],[-3.43733,54.99222],[-3.37162,54.96993],[-3.20494,54.97587],[-3.14953,54.96295],[-3.05705,54.98648],[-3.02254,54.97098],[-3.05594,54.9838],[-3.08754,54.94919],[-3.01725,54.94702],[-3.11387,54.92697],[-3.23031,54.9515],[-3.3017,54.91843],[-3.28328,54.9028],[-3.22217,54.90611],[-3.29017,54.89146],[-3.28075,54.87258],[-3.34384,54.90008],[-3.39861,54.86911],[-3.43841,54.80285],[-3.43665,54.75931],[-3.50954,54.71702],[-3.52379,54.68698],[-3.57888,54.65195],[-3.57992,54.57205],[-3.61079,54.5276],[-3.64092,54.51384],[-3.43909,54.34668],[-3.4209,54.3484],[-3.42936,54.35601],[-3.40103,54.36406],[-3.40679,54.34083],[-3.42327,54.33998],[-3.41982,54.28282],[-3.3227,54.18966],[-3.24691,54.1956],[-3.25357,54.21685],[-3.2253,54.24168],[-3.2287,54.26872],[-3.19935,54.22797],[-3.18565,54.23575],[-3.21265,54.20847],[-3.21747,54.17633],[-3.25779,54.16512],[-3.23726,54.15523],[-3.2399,54.10368],[-3.22016,54.09235],[-3.20039,54.10798],[-3.15541,54.06338],[-3.16542,54.08326],[-3.06104,54.16166],[-3.06283,54.18015],[-3.03505,54.21253],[-3.0539,54.22054],[-3.04669,54.24018],[-3.03023,54.24426],[-3.0483,54.23005],[-3.01505,54.20626],[-3.03492,54.19603],[-2.98129,54.14928],[-2.9426,54.15112],[-3.28843,53.93908],[-4.549,53.77196],[-5.2975,53.71106],[-5.2975,53.74],[-5.32217,53.74],[-5.32217,53.76333],[-5.79502,53.86392]],[[-3.27282,54.1156],[-3.20657,54.0457],[-3.17009,54.05441],[-3.20763,54.05394],[-3.24611,54.09366],[-3.26588,54.14348],[-3.25244,54.15196],[-3.27045,54.14868],[-3.27282,54.1156]],[[-4.79423,54.06207],[-4.77107,54.05521],[-4.72258,54.08486],[-4.67464,54.06236],[-4.63464,54.07672],[-4.62261,54.05345],[-4.6027,54.07416],[-4.62189,54.07837],[-4.59571,54.09507],[-4.54755,54.10206],[-4.52983,54.12315],[-4.46452,54.14298],[-4.47755,54.15511],[-4.46662,54.16487],[-4.40125,54.18191],[-4.38657,54.19552],[-4.40251,54.21154],[-4.30653,54.29587],[-4.38054,54.325],[-4.36183,54.41688],[-4.48472,54.39152],[-4.54844,54.35758],[-4.61147,54.26963],[-4.72027,54.21172],[-4.7209,54.18766],[-4.74318,54.17006],[-4.73215,54.13772],[-4.78106,54.09628],[-4.75971,54.08596],[-4.79423,54.06207]],[[-4.83256,54.05341],[-4.8133,54.04284],[-4.79902,54.05753],[-4.82303,54.05865],[-4.83256,54.05341]],[[-4.95195,55.74943],[-4.93858,55.74409],[-4.89939,55.75376],[-4.90653,55.79202],[-4.94327,55.76587],[-4.95195,55.74943]],[[-4.96875,55.71774],[-4.94905,55.7103],[-4.93684,55.73429],[-4.95347,55.7296],[-4.96875,55.71774]],[[-5.12354,55.24643],[-5.111,55.24758],[-5.11881,55.2583],[-5.12354,55.24643]]]]}},{"id":"63","type":"Feature","properties":{"zone_id":"UK051_OFF","name":"United Kingdom Offshore Node 051","parent_zone":"UK00_OFF","level":"PEOF","area_km2":177911.61},"geometry":{"type":"MultiPolygon","coordinates":[[[[-3.8365,56.11205],[-3.79799,56.10797],[-3.68667,56.04738],[-3.59408,56.04495],[-3.57618,56.05831],[-3.54632,56.03964],[-3.41983,56.01311],[-3.48758,56.01608],[-3.5021,56.00705],[-3.59548,56.02121],[-3.67377,56.01161],[-3.68274,56.03655],[-3.72275,56.02892],[-3.73129,56.06365],[-3.80209,56.10605],[-3.83343,56.09933],[-3.8365,56.11205]]],[[[-3.85735,56.11425],[-3.83734,56.11553],[-3.8365,56.11205],[-3.85735,56.11425]]],[[[-3.27843,56.35443],[-3.27393,56.35523],[-3.26958,56.35409],[-3.27843,56.35443]]],[[[-3.27393,56.35523],[-3.2828,56.35755],[-3.20652,56.37756],[-3.05357,56.45801],[-2.98798,56.45079],[-2.80199,56.47955],[-2.73404,56.46448],[-2.71054,56.49731],[-2.60851,56.54918],[-2.53763,56.5662],[-2.47893,56.62451],[-2.50517,56.6323],[-2.50445,56.65689],[-2.44629,56.68015],[-2.4331,56.70061],[-2.51481,56.69869],[-2.5333,56.71063],[-2.47804,56.72064],[-2.47767,56.70692],[-2.45465,56.70376],[-2.41287,56.76633],[-2.32232,56.795],[-2.23227,56.86274],[-2.19561,56.90898],[-2.19102,56.95132],[-2.20599,56.96777],[-2.17751,56.97941],[-2.15982,57.01758],[-2.0915,57.06818],[-2.04747,57.12821],[-2.07839,57.16612],[-2.05176,57.23003],[-1.98939,57.3054],[-2.00856,57.33912],[-1.99517,57.34624],[-2.00962,57.35478],[-1.99047,57.34835],[-1.9998,57.33817],[-1.98427,57.31116],[-1.85874,57.38881],[-1.8622,57.40531],[-1.8357,57.41004],[-1.77129,57.4697],[-1.79444,57.4838],[-1.76667,57.50667],[-1.80664,57.53027],[-1.79945,57.55631],[-1.8263,57.57946],[-1.82361,57.61262],[-1.88601,57.63745],[-1.91755,57.674],[-1.99117,57.67999],[-2.00392,57.69871],[-2.11982,57.70071],[-2.18787,57.67249],[-2.30054,57.69565],[-2.34212,57.67132],[-2.51238,57.66524],[-2.66619,57.6905],[-2.7471,57.68039],[-2.75856,57.69372],[-2.85305,57.70696],[-3.02714,57.66406],[-3.20225,57.69489],[-3.28327,57.72591],[-3.49862,57.70385],[-3.48962,57.6906],[-3.51745,57.66734],[-3.62424,57.66278],[-3.58478,57.64566],[-3.58946,57.63157],[-3.64662,57.63957],[-3.62483,57.64429],[-3.63264,57.66228],[-3.67324,57.66126],[-3.86966,57.58935],[-3.93335,57.58582],[-4.00454,57.60321],[-3.98029,57.59293],[-4.05806,57.5924],[-4.07737,57.58251],[-4.04068,57.56081],[-4.10163,57.5365],[-4.11425,57.51604],[-4.14851,57.51799],[-4.14872,57.50154],[-4.18114,57.48494],[-4.22165,57.49663],[-4.37485,57.47941],[-4.41028,57.49811],[-4.37796,57.51152],[-4.23503,57.5004],[-4.19337,57.53753],[-4.24835,57.54862],[-4.18554,57.54556],[-4.14007,57.57707],[-4.09121,57.57357],[-4.11224,57.5901],[-4.10129,57.60673],[-3.99264,57.67598],[-4.03513,57.68418],[-4.12797,57.65939],[-4.16225,57.65771],[-4.16644,57.67568],[-4.21875,57.67327],[-4.40969,57.58061],[-4.42221,57.58387],[-4.40599,57.59276],[-4.41551,57.60527],[-4.29967,57.65836],[-4.293,57.67907],[-4.16909,57.68507],[-4.07283,57.73171],[-4.01105,57.73735],[-4.03569,57.69453],[-3.97645,57.69312],[-3.77144,57.86586],[-3.81334,57.86024],[-3.82877,57.83543],[-3.8701,57.82241],[-3.953,57.8123],[-3.8959,57.82759],[-3.96071,57.84707],[-4.049,57.81476],[-4.13746,57.84492],[-4.11903,57.82972],[-4.16399,57.83414],[-4.19254,57.86269],[-4.29956,57.853],[-4.35603,57.87743],[-4.35389,57.89458],[-4.29072,57.86131],[-4.23196,57.87385],[-4.11064,57.84773],[-4.06707,57.86719],[-4.01491,57.85731],[-4.0133,57.89007],[-3.99055,57.90332],[-4.00137,57.9259],[-4.06854,57.93697],[-4.08159,57.95761],[-4.01226,57.94864],[-4.03173,57.93424],[-4.00625,57.93369],[-3.97678,57.97206],[-3.84548,58.00682],[-3.83259,58.03918],[-3.8027,58.05704],[-3.74333,58.0681],[-3.50784,58.17118],[-3.38269,58.2685],[-3.2201,58.30523],[-3.10657,58.37095],[-3.06889,58.42739],[-3.08578,58.44198],[-3.05662,58.44099],[-3.04878,58.47787],[-3.12025,58.47917],[-3.13096,58.51857],[-3.06684,58.56371],[-3.05972,58.58078],[-3.0721,58.59202],[-3.04317,58.59779],[-3.0234,58.64368],[-3.16165,58.63877],[-3.18933,58.66033],[-3.30921,58.64428],[-3.34383,58.64776],[-3.37374,58.67197],[-3.40655,58.66135],[-3.4145,58.64302],[-3.3474,58.61609],[-3.36581,58.59534],[-3.4571,58.61237],[-3.52336,58.59711],[-3.55178,58.60781],[-3.53793,58.62387],[-3.65294,58.6242],[-3.77919,58.56309],[-3.80126,58.57359],[-3.91381,58.55868],[-3.93368,58.57389],[-4.0045,58.56474],[-4.02251,58.60119],[-4.07083,58.5513],[-4.11723,58.57044],[-4.14922,58.56621],[-4.17678,58.54306],[-4.21264,58.55266],[-4.22269,58.53991],[-4.2103,58.5311],[-4.2421,58.53756],[-4.23038,58.52124],[-4.30194,58.5439],[-4.3573,58.53709],[-4.38501,58.51007],[-4.43823,58.49222],[-4.42468,58.48081],[-4.47449,58.44391],[-4.45491,58.49586],[-4.40821,58.52168],[-4.4307,58.52974],[-4.42128,58.55256],[-4.45255,58.54844],[-4.45575,58.56136],[-4.51416,58.57909],[-4.58887,58.57943],[-4.60438,58.55485],[-4.59523,58.53446],[-4.64507,58.51944],[-4.66939,58.49788],[-4.66549,58.48319],[-4.6758,58.47842],[-4.68292,58.50931],[-4.65069,58.53347],[-4.65347,58.55216],[-4.69445,58.55924],[-5.12778,60.3365],[-4.94278,60.35222],[-4.73752,60.40161],[-4.17495,60.91632],[-3.7983,61.36018],[-3.05542,61.98722],[-0.7956,63.67748],[-0.48876,63.88748],[-0.18314,63.6363],[0.47014,63.05575],[0.85819,62.66611],[1.17796,62.27887],[1.56,61.73667],[1.79,61.35667],[1.83998,61.11156],[-0.47872,57.74799],[-0.84195,56.17036],[-2.30289,56.11051],[-2.83418,56.13797],[-3.00041,56.04678],[-3.25194,56.00558],[-3.39234,56.01189],[-3.39854,56.02547],[-3.31195,56.03471],[-3.28184,56.05589],[-3.17359,56.06228],[-3.15055,56.1156],[-2.95731,56.20961],[-2.8125,56.18276],[-2.60194,56.26313],[-2.58351,56.27938],[-2.65951,56.31925],[-2.7782,56.33312],[-2.81825,56.36676],[-2.84054,56.35272],[-2.88857,56.36137],[-2.8125,56.38867],[-2.8125,56.44559],[-2.92132,56.45126],[-3.25808,56.35108],[-3.26958,56.35409],[-3.24863,56.35972],[-3.27393,56.35523]],[[-1.37624,60.04689],[-1.34954,60.04851],[-1.34313,60.0591],[-1.37624,60.04689]],[[-1.34313,60.0591],[-1.34277,60.05924],[-1.3429,60.05947],[-1.34313,60.0591]],[[-1.3429,60.05947],[-1.33247,60.07666],[-1.333,60.04101],[-1.27199,60.1309],[-1.29834,60.12667],[-1.30671,60.0988],[-1.31462,60.11847],[-1.31988,60.10562],[-1.34721,60.10719],[-1.32936,60.09601],[-1.35456,60.0789],[-1.3429,60.05947]],[[-2.56752,56.19246],[-2.55911,56.18289],[-2.54445,56.18094],[-2.55761,56.18878],[-2.56752,56.19246]],[[-0.79817,60.74285],[-0.78429,60.74504],[-0.79508,60.75769],[-0.79817,60.74285]],[[-0.91866,60.67369],[-0.88882,60.66353],[-0.87508,60.67037],[-0.89452,60.67626],[-0.91866,60.67369]],[[-0.77479,60.42001],[-0.73912,60.42581],[-0.75994,60.4316],[-0.77479,60.42001]],[[-0.94715,60.61033],[-0.89258,60.563],[-0.85946,60.56853],[-0.89279,60.59165],[-0.8302,60.5858],[-0.79323,60.57091],[-0.76416,60.60351],[-0.7715,60.61566],[-0.80826,60.59935],[-0.83052,60.6282],[-0.86942,60.6324],[-0.89644,60.62068],[-0.93506,60.63067],[-0.94715,60.61033]],[[-0.98237,60.7204],[-0.96859,60.69804],[-0.98118,60.68556],[-0.94847,60.6699],[-0.90578,60.69172],[-0.85302,60.67371],[-0.83011,60.68511],[-0.86886,60.70216],[-0.81187,60.74947],[-0.8636,60.75714],[-0.80142,60.75863],[-0.83226,60.78675],[-0.77964,60.78023],[-0.77745,60.79787],[-0.80338,60.81005],[-0.75865,60.81887],[-0.83427,60.84329],[-0.87374,60.80497],[-0.86538,60.83323],[-0.87658,60.84554],[-0.95105,60.79243],[-0.93139,60.78199],[-0.93993,60.74947],[-0.96277,60.73701],[-0.95477,60.71576],[-0.98237,60.7204]],[[-1.01398,60.6023],[-0.99899,60.59849],[-0.9695,60.60925],[-0.9763,60.61733],[-0.99916,60.61879],[-1.01398,60.6023]],[[-1.03765,60.34029],[-0.97772,60.33157],[-0.90003,60.38145],[-1.0016,60.36924],[-1.03765,60.34029]],[[-1.20146,60.56703],[-1.18101,60.5722],[-1.18925,60.54641],[-1.17567,60.52703],[-1.18709,60.52216],[-1.15025,60.48763],[-1.09872,60.48545],[-1.11448,60.50576],[-1.06771,60.48975],[-1.02722,60.49755],[-1.01954,60.53225],[-1.03712,60.53056],[-1.04717,60.54946],[-1.01259,60.54861],[-1.0226,60.56099],[-1.00131,60.57964],[-1.08431,60.60573],[-1.04548,60.60023],[-1.01731,60.61677],[-1.06657,60.6676],[-0.99557,60.63315],[-0.98025,60.63849],[-0.99515,60.64234],[-0.98971,60.65926],[-1.00566,60.70245],[-0.98539,60.70064],[-1.01271,60.72799],[-1.07394,60.73284],[-1.07477,60.71526],[-1.08615,60.72906],[-1.12618,60.72631],[-1.14556,60.62852],[-1.11217,60.60634],[-1.15224,60.62175],[-1.15563,60.65698],[-1.2012,60.60604],[-1.18727,60.58251],[-1.20146,60.56703]],[[-1.40497,60.33328],[-1.39702,60.32513],[-1.37316,60.33699],[-1.38908,60.34296],[-1.40497,60.33328]],[[-1.47394,60.37433],[-1.44032,60.34672],[-1.40493,60.3474],[-1.3771,60.36791],[-1.42821,60.39147],[-1.47394,60.37433]],[[-1.48942,60.3269],[-1.46546,60.32713],[-1.48094,60.32143],[-1.47225,60.31105],[-1.44045,60.33109],[-1.47593,60.34119],[-1.48942,60.3269]],[[-1.04093,60.15221],[-1.00888,60.13295],[-0.99708,60.14724],[-1.04093,60.15221]],[[-1.14638,60.17982],[-1.11272,60.1494],[-1.12565,60.13836],[-1.1097,60.11397],[-1.0714,60.10288],[-1.06582,60.13348],[-1.0476,60.1445],[-1.04705,60.16929],[-1.0759,60.16296],[-1.07236,60.19179],[-1.09003,60.18564],[-1.07776,60.17134],[-1.14638,60.17982]],[[-1.19047,60.00824],[-1.17578,59.9902],[-1.15802,59.99479],[-1.19047,60.00824]],[[-1.36675,60.1419],[-1.3523,60.14106],[-1.35954,60.15236],[-1.36675,60.1419]],[[-1.36577,60.02973],[-1.3587,60.02211],[-1.35017,60.02918],[-1.36577,60.02973]],[[-1.6046,60.20158],[-1.58468,60.19149],[-1.56136,60.19511],[-1.58366,60.20992],[-1.6046,60.20158]],[[-1.66015,59.51784],[-1.62572,59.51814],[-1.5961,59.53921],[-1.63283,59.55282],[-1.66015,59.51784]],[[-1.70166,60.25466],[-1.68567,60.25439],[-1.68946,60.23387],[-1.63706,60.22947],[-1.65025,60.21975],[-1.61908,60.20626],[-1.56452,60.22822],[-1.55641,60.19915],[-1.51995,60.21917],[-1.51386,60.22973],[-1.52988,60.23565],[-1.51477,60.24151],[-1.4937,60.23146],[-1.50568,60.21516],[-1.47119,60.21838],[-1.50138,60.21032],[-1.48315,60.205],[-1.54201,60.20441],[-1.54526,60.18616],[-1.51124,60.18258],[-1.50847,60.16417],[-1.46867,60.16015],[-1.46045,60.14636],[-1.43586,60.18763],[-1.42067,60.16472],[-1.40075,60.17931],[-1.39694,60.21729],[-1.393,60.20015],[-1.3678,60.20937],[-1.37201,60.19079],[-1.35882,60.20962],[-1.37497,60.23664],[-1.42901,60.25503],[-1.35548,60.24534],[-1.3681,60.23593],[-1.34582,60.20091],[-1.29389,60.24601],[-1.31117,60.19915],[-1.32951,60.19698],[-1.31413,60.19238],[-1.32832,60.16512],[-1.29619,60.21092],[-1.31748,60.15995],[-1.28376,60.19625],[-1.30418,60.13271],[-1.266,60.13805],[-1.31609,60.01248],[-1.34553,59.99703],[-1.33276,59.97086],[-1.35772,59.98127],[-1.36307,59.96813],[-1.33246,59.96972],[-1.33089,59.94788],[-1.36511,59.94659],[-1.36787,59.92638],[-1.38241,59.92621],[-1.3642,59.9202],[-1.39172,59.91476],[-1.38597,59.89135],[-1.34983,59.88312],[-1.31996,59.89756],[-1.31371,59.85511],[-1.29718,59.87552],[-1.27321,59.85175],[-1.26671,59.87579],[-1.29963,59.88302],[-1.26995,59.88653],[-1.26904,59.90769],[-1.28855,59.92072],[-1.25643,59.93568],[-1.25259,59.97588],[-1.27751,59.98948],[-1.25414,59.99545],[-1.23351,59.98041],[-1.22385,59.99479],[-1.20064,59.97338],[-1.19667,59.9908],[-1.23238,60.03172],[-1.17006,60.04055],[-1.20202,60.04781],[-1.21577,60.07416],[-1.20645,60.08965],[-1.22288,60.1001],[-1.19852,60.10668],[-1.20176,60.13056],[-1.17415,60.11935],[-1.17119,60.14104],[-1.15409,60.12872],[-1.15936,60.14741],[-1.13143,60.14843],[-1.16748,60.16965],[-1.14347,60.19066],[-1.1573,60.18929],[-1.15216,60.20354],[-1.21652,60.17426],[-1.1662,60.22275],[-1.2159,60.20062],[-1.1846,60.2316],[-1.22926,60.23003],[-1.19238,60.24511],[-1.19914,60.26888],[-1.16456,60.25978],[-1.17734,60.2527],[-1.1675,60.2385],[-1.14202,60.25919],[-1.09526,60.26319],[-1.15798,60.28113],[-1.07629,60.30327],[-1.09127,60.3104],[-1.07857,60.32281],[-1.13328,60.32054],[-1.15507,60.33783],[-1.16746,60.32396],[-1.18538,60.35195],[-1.07448,60.35647],[-1.07308,60.38787],[-1.10726,60.39355],[-1.12824,60.3697],[-1.13968,60.38313],[-1.04714,60.44005],[-1.07058,60.44541],[-1.11023,60.41556],[-1.11792,60.42907],[-1.13571,60.41165],[-1.12099,60.40478],[-1.15041,60.40385],[-1.16262,60.37822],[-1.16882,60.41411],[-1.22141,60.40232],[-1.19292,60.42008],[-1.25667,60.39943],[-1.19353,60.43131],[-1.16533,60.4207],[-1.18314,60.43479],[-1.16634,60.44223],[-1.19945,60.44559],[-1.17482,60.4567],[-1.20699,60.4588],[-1.20478,60.48314],[-1.22694,60.49491],[-1.26091,60.47639],[-1.27983,60.48732],[-1.30276,60.46581],[-1.25856,60.44392],[-1.3286,60.43766],[-1.34584,60.41317],[-1.32932,60.4096],[-1.37298,60.40832],[-1.35505,60.41247],[-1.36211,60.42954],[-1.33977,60.45145],[-1.31899,60.45137],[-1.3297,60.47834],[-1.30968,60.48249],[-1.32053,60.49759],[-1.3304,60.47898],[-1.35115,60.47891],[-1.32256,60.51153],[-1.359,60.51716],[-1.32309,60.52494],[-1.35918,60.52815],[-1.35084,60.54113],[-1.31463,60.54137],[-1.30328,60.57415],[-1.33597,60.58437],[-1.30334,60.59499],[-1.30796,60.63581],[-1.34874,60.62008],[-1.3317,60.59973],[-1.43286,60.62095],[-1.41817,60.61153],[-1.43356,60.60344],[-1.41781,60.60342],[-1.44294,60.58917],[-1.43234,60.57384],[-1.49231,60.54691],[-1.49666,60.53682],[-1.45619,60.51166],[-1.39351,60.51257],[-1.44875,60.50507],[-1.51602,60.53118],[-1.53226,60.55599],[-1.56517,60.53705],[-1.57679,60.50803],[-1.56494,60.5026],[-1.6081,60.50837],[-1.63059,60.48678],[-1.61281,60.47396],[-1.56654,60.47597],[-1.55423,60.49064],[-1.49675,60.48435],[-1.51438,60.46555],[-1.49574,60.45371],[-1.487,60.47557],[-1.45733,60.48531],[-1.46502,60.46802],[-1.43514,60.47159],[-1.46367,60.45229],[-1.42959,60.45074],[-1.44913,60.44286],[-1.45132,60.41581],[-1.39223,60.41227],[-1.41177,60.41106],[-1.40898,60.3867],[-1.37604,60.37684],[-1.35441,60.39488],[-1.34517,60.38415],[-1.3637,60.36895],[-1.29897,60.3702],[-1.26165,60.35148],[-1.33922,60.35942],[-1.33095,60.33714],[-1.36257,60.34281],[-1.37453,60.32391],[-1.36285,60.30387],[-1.3445,60.30428],[-1.36891,60.28585],[-1.38615,60.31381],[-1.41746,60.31486],[-1.42577,60.32923],[-1.46386,60.31121],[-1.44313,60.29862],[-1.48673,60.30722],[-1.47995,60.28598],[-1.50411,60.31919],[-1.54925,60.3062],[-1.53496,60.29359],[-1.58031,60.29997],[-1.57111,60.28773],[-1.60868,60.30874],[-1.68569,60.30105],[-1.70202,60.28903],[-1.67835,60.2761],[-1.70166,60.25466]],[[-1.73519,60.33249],[-1.68887,60.31511],[-1.66017,60.32407],[-1.67487,60.32877],[-1.66273,60.33845],[-1.73046,60.34569],[-1.73519,60.33249]],[[-2.11426,60.13423],[-2.06269,60.1098],[-2.03877,60.13999],[-2.07552,60.15765],[-2.11426,60.13423]],[[-2.45111,59.357],[-2.41819,59.34781],[-2.39712,59.35574],[-2.40864,59.36396],[-2.40512,59.37944],[-2.36877,59.3844],[-2.43478,59.38595],[-2.45111,59.357]],[[-2.60145,59.15039],[-2.58289,59.14662],[-2.59155,59.15497],[-2.60145,59.15039]],[[-2.67893,59.13017],[-2.66375,59.12653],[-2.66764,59.1377],[-2.67893,59.13017]],[[-2.57393,59.02483],[-2.55609,59.03182],[-2.56993,59.03732],[-2.57393,59.02483]],[[-2.68943,59.07692],[-2.6461,59.0745],[-2.65849,59.10115],[-2.63547,59.1068],[-2.60691,59.0973],[-2.60568,59.07022],[-2.56877,59.0798],[-2.53398,59.07692],[-2.52274,59.09308],[-2.55008,59.1003],[-2.53941,59.11851],[-2.59471,59.11498],[-2.60191,59.1358],[-2.57276,59.14162],[-2.62459,59.14333],[-2.63322,59.15593],[-2.61442,59.155],[-2.63646,59.15993],[-2.67626,59.14965],[-2.61985,59.11929],[-2.66783,59.11019],[-2.68943,59.07692]],[[-2.69603,59.1854],[-2.68089,59.20186],[-2.67311,59.19068],[-2.62641,59.23828],[-2.60452,59.22683],[-2.58371,59.23617],[-2.57118,59.21988],[-2.55829,59.23797],[-2.50403,59.22282],[-2.51958,59.25456],[-2.53769,59.25041],[-2.52015,59.25731],[-2.51373,59.24407],[-2.47213,59.2784],[-2.37509,59.27676],[-2.41743,59.28608],[-2.4158,59.31144],[-2.42943,59.31265],[-2.45106,59.28978],[-2.55825,59.26094],[-2.58071,59.26531],[-2.52595,59.30401],[-2.60737,59.28937],[-2.61979,59.30928],[-2.61552,59.28225],[-2.59398,59.26853],[-2.69512,59.22199],[-2.69603,59.1854]],[[-2.74957,59.23828],[-2.72982,59.2277],[-2.72109,59.23765],[-2.74957,59.23828]],[[-2.82571,59.17033],[-2.79682,59.16021],[-2.79183,59.13732],[-2.73844,59.14305],[-2.75919,59.18734],[-2.73335,59.21919],[-2.76277,59.23146],[-2.75709,59.2508],[-2.78702,59.24047],[-2.78055,59.18999],[-2.82622,59.19534],[-2.82571,59.17033]],[[-2.90589,59.32293],[-2.87553,59.33399],[-2.88746,59.35463],[-2.86798,59.36956],[-2.87375,59.38673],[-2.9063,59.35784],[-2.90589,59.32293]],[[-2.931,59.03894],[-2.82938,59.01735],[-2.80557,59.0293],[-2.82319,59.04786],[-2.79954,59.07019],[-2.80933,59.08676],[-2.86233,59.05639],[-2.90283,59.07813],[-2.931,59.03894]],[[-2.94265,59.14971],[-2.92303,59.12603],[-2.90813,59.16244],[-2.93374,59.17022],[-2.94265,59.14971]],[[-3.07034,59.32707],[-3.02415,59.30458],[-3.02554,59.27711],[-2.98411,59.2593],[-2.94589,59.2746],[-2.96445,59.2888],[-2.9289,59.28558],[-2.87577,59.25551],[-2.88545,59.22783],[-2.83899,59.25081],[-2.85438,59.26831],[-2.87983,59.26703],[-2.90309,59.30439],[-2.98469,59.32302],[-2.95314,59.32769],[-2.96816,59.3416],[-2.94338,59.35136],[-2.9595,59.36038],[-2.98354,59.33416],[-3.07034,59.32707]],[[-2.99298,59.07985],[-2.9597,59.08028],[-2.9437,59.07908],[-2.96951,59.08987],[-2.99298,59.07985]],[[-3.01081,59.11138],[-2.96575,59.11008],[-2.9526,59.12351],[-3.01081,59.11138]],[[-3.11893,59.17421],[-3.0978,59.15006],[-3.04233,59.12641],[-2.96567,59.13436],[-2.97663,59.16163],[-2.95295,59.17922],[-2.9674,59.18785],[-3.03199,59.17794],[-3.07824,59.20032],[-3.11893,59.17421]],[[-2.9639,58.85207],[-2.93696,58.84242],[-2.8568,58.8514],[-2.88862,58.85362],[-2.88652,58.87375],[-2.91568,58.86817],[-2.9097,58.85214],[-2.9639,58.85207]],[[-3.03522,58.82268],[-2.97549,58.81796],[-2.99711,58.80052],[-3.02254,58.80712],[-2.98086,58.77742],[-2.993,58.75468],[-2.97641,58.73773],[-2.91832,58.73653],[-2.90887,58.75414],[-2.93979,58.76717],[-2.91963,58.7859],[-2.93101,58.7934],[-2.87544,58.81977],[-2.92089,58.83684],[-3.03522,58.82268]],[[-3.07214,58.7387],[-3.05763,58.73723],[-3.05589,58.74735],[-3.07214,58.7387]],[[-3.14469,58.83294],[-3.12504,58.81368],[-3.07797,58.81479],[-3.07758,58.83298],[-3.11164,58.83601],[-3.08275,58.8413],[-3.14469,58.83294]],[[-3.17387,58.88523],[-3.16592,58.87215],[-3.1566,58.87799],[-3.17387,58.88523]],[[-3.17583,58.84035],[-3.14887,58.83773],[-3.17495,58.85475],[-3.17583,58.84035]],[[-3.31517,58.93826],[-3.28301,58.91926],[-3.26597,58.92884],[-3.28922,58.93587],[-3.31517,58.93826]],[[-3.36868,58.99843],[-3.35816,58.9654],[-3.30666,58.94901],[-3.29353,58.96721],[-3.262,58.96219],[-3.25215,58.98193],[-3.28231,58.99479],[-3.26305,59.00045],[-3.29776,59.01598],[-3.21199,58.99572],[-3.24792,59.02008],[-3.23708,59.03139],[-3.27717,59.04379],[-3.23108,59.05497],[-3.19682,58.99391],[-3.24962,58.98762],[-3.25172,58.97406],[-3.23085,58.9651],[-3.22632,58.92815],[-3.19195,58.91392],[-3.12918,58.91663],[-2.97603,58.96199],[-2.93152,58.89014],[-2.8834,58.89952],[-2.83232,58.87116],[-2.78235,58.91546],[-2.71286,58.91934],[-2.70686,58.97311],[-2.81173,58.9447],[-2.78557,58.94117],[-2.78599,58.91608],[-2.80402,58.92961],[-2.82985,58.92304],[-2.8266,58.94543],[-2.84706,58.95282],[-2.79256,58.96365],[-2.79779,58.99231],[-2.9121,58.96222],[-2.91932,58.98231],[-2.88771,58.99089],[-2.91419,58.9919],[-2.89965,59.00927],[-2.93061,59.01569],[-2.96797,58.98136],[-2.96919,58.99557],[-3.00129,59.00962],[-3.03759,59.00994],[-3.05299,58.99328],[-3.11134,59.0046],[-3.06094,59.02328],[-3.05863,59.04785],[-3.01051,59.03744],[-3.00226,59.05371],[-3.00782,59.07776],[-3.06258,59.0962],[-3.0459,59.10725],[-3.07302,59.12351],[-3.09491,59.11821],[-3.19738,59.15479],[-3.34084,59.13739],[-3.32043,59.12921],[-3.35812,59.10359],[-3.3497,59.06153],[-3.33473,59.05508],[-3.35887,59.04573],[-3.36868,58.99843]],[[-3.13544,58.67229],[-3.10638,58.67043],[-3.11018,58.69429],[-3.12519,58.69457],[-3.13544,58.67229]],[[-3.4361,58.87174],[-3.37997,58.8666],[-3.3701,58.83644],[-3.29737,58.77773],[-3.2199,58.77655],[-3.12966,58.78849],[-3.15408,58.78705],[-3.13772,58.79925],[-3.15262,58.80678],[-3.25848,58.7876],[-3.16944,58.81954],[-3.20366,58.8267],[-3.1899,58.83501],[-3.21273,58.83956],[-3.19642,58.85161],[-3.22901,58.86932],[-3.21068,58.87587],[-3.35609,58.93303],[-3.41299,58.91434],[-3.4361,58.87174]],[[-4.35185,58.55697],[-4.33867,58.54746],[-4.32787,58.55957],[-4.35185,58.55697]]],[[[-4.40013,57.91887],[-4.35344,57.89824],[-4.35389,57.89458],[-4.40013,57.91887]]],[[[-3.37166,56.38077],[-3.2828,56.35755],[-3.28743,56.35633],[-3.37166,56.38077]]],[[[-4.44504,57.48367],[-4.41054,57.49825],[-4.41028,57.49811],[-4.44504,57.48367]]]]}},{"id":"64","type":"Feature","properties":{"zone_id":"UK052_OFF","name":"United Kingdom Offshore Node 052","parent_zone":"UK00_OFF","level":"PEOF","area_km2":56687.78},"geometry":{"type":"Polygon","coordinates":[[[-0.84195,56.17036],[-0.47872,57.74799],[1.83998,61.11156],[2.07667,59.89667],[1.71167,59.29],[1.48333,58.43],[1.965,57.905],[2.61333,56.595],[3.05361,56.24526],[-0.84195,56.17036]]]}},{"id":"65","type":"Feature","properties":{"zone_id":"UK053_OFF","name":"United Kingdom Offshore Node 053","parent_zone":"UK00_OFF","level":"PEOF","area_km2":229055.05},"geometry":{"type":"MultiPolygon","coordinates":[[[[-4.75146,58.45779],[-4.68292,58.50931],[-4.6758,58.47842],[-4.74021,58.44857],[-4.75146,58.45779]]],[[[-5.12343,56.83477],[-5.11921,56.8339],[-5.11939,56.8336],[-5.12343,56.83477]]],[[[-5.33048,56.85854],[-5.19221,56.8546],[-5.12343,56.83477],[-5.1725,56.84481],[-5.33048,56.85854]]],[[[-5.82412,56.79861],[-5.8617,56.80774],[-5.82191,56.79896],[-5.82412,56.79861]]],[[[-5.87892,56.65362],[-5.87827,56.65385],[-5.8787,56.65347],[-5.87892,56.65362]]],[[[-5.89218,56.64133],[-5.8787,56.65347],[-5.83155,56.62279],[-5.89218,56.64133]]],[[[-5.99019,57.28004],[-5.97209,57.27528],[-5.98163,57.27385],[-5.99019,57.28004]]],[[[-5.92928,55.96107],[-5.89379,55.98141],[-5.89265,55.96631],[-5.92928,55.96107]]],[[[-5.92971,55.96101],[-5.92928,55.96107],[-5.92946,55.96097],[-5.92971,55.96101]]],[[[-6.68692,58.05695],[-6.59101,58.0526],[-6.66381,58.05399],[-6.6734,58.04611],[-6.68692,58.05695]]],[[[-6.68792,58.03417],[-6.6734,58.04611],[-6.67095,58.04415],[-6.68792,58.03417]]],[[[-6.82915,58.20373],[-6.82661,58.20457],[-6.81611,58.20285],[-6.82915,58.20373]]],[[[-6.85409,57.83031],[-6.83354,57.81515],[-6.83584,57.81292],[-6.85409,57.83031]]],[[[-7.00052,58.03777],[-6.9937,58.04127],[-6.90677,58.04893],[-7.00052,58.03777]]],[[[-7.28032,57.51081],[-7.27124,57.5091],[-7.27782,57.50909],[-7.28032,57.51081]]],[[[-7.27155,57.34834],[-7.24146,57.34992],[-7.23945,57.34891],[-7.27155,57.34834]]],[[[-7.43654,57.65625],[-7.43499,57.65687],[-7.43314,57.65603],[-7.43654,57.65625]]],[[[-14.81707,57.44621],[-14.86895,57.66335],[-14.8952,57.89361],[-14.89259,58.11128],[-14.8604,58.34132],[-14.80171,58.5568],[-14.71537,58.76972],[-14.60124,58.97916],[-14.45934,59.18415],[-14.29135,59.38208],[-14.09829,59.57217],[-13.87734,59.75674],[-13.63801,59.92832],[-13.27073,60.15053],[-12.2937,60.12177],[-11.2743,60.04722],[-10.55806,60.04111],[-9.725,59.99306],[-6.41556,60.21944],[-5.12778,60.3365],[-4.69445,58.55924],[-4.73618,58.56643],[-4.73922,58.58325],[-4.76356,58.58908],[-4.75586,58.59915],[-4.7895,58.60203],[-4.76656,58.57894],[-4.79872,58.57952],[-4.80615,58.5621],[-4.77937,58.54707],[-4.81032,58.52066],[-4.82266,58.52613],[-4.79291,58.54607],[-4.81893,58.56209],[-4.82357,58.59661],[-5.00548,58.62782],[-5.01675,58.5776],[-5.05202,58.54074],[-5.10898,58.52765],[-5.12768,58.48916],[-5.11551,58.48222],[-5.14218,58.4736],[-5.08707,58.47822],[-5.05704,58.46215],[-5.07917,58.45612],[-5.02149,58.45227],[-4.99213,58.42698],[-5.03523,58.44969],[-5.08224,58.4512],[-5.12608,58.43044],[-5.08068,58.41905],[-5.11434,58.41498],[-5.08873,58.40347],[-5.04742,58.41295],[-5.07082,58.40153],[-5.03427,58.38128],[-5.13676,58.41433],[-5.16549,58.38869],[-5.14676,58.3866],[-5.17604,58.36181],[-5.16142,58.35426],[-5.18923,58.3507],[-5.15883,58.33484],[-5.16857,58.31054],[-5.13684,58.32572],[-5.15531,58.31474],[-5.1222,58.28728],[-5.13712,58.27913],[-5.02676,58.25045],[-5.11747,58.27033],[-5.16545,58.25917],[-5.1675,58.23609],[-5.17792,58.25201],[-5.26626,58.26924],[-5.27554,58.25147],[-5.25044,58.25088],[-5.30867,58.22548],[-5.37605,58.26488],[-5.40553,58.23423],[-5.30326,58.17288],[-5.31864,58.17054],[-5.31024,58.15445],[-5.24151,58.15088],[-5.29957,58.13757],[-5.26392,58.12402],[-5.30213,58.11977],[-5.27037,58.10464],[-5.30132,58.06477],[-5.33947,58.08065],[-5.35678,58.0576],[-5.38006,58.08663],[-5.43276,58.10595],[-5.45913,58.0693],[-5.41243,58.05177],[-5.42,58.03223],[-5.3607,58.02708],[-5.35612,58.00669],[-5.33158,58.00584],[-5.30969,57.97782],[-5.19622,57.95722],[-5.19235,57.9439],[-5.1763,57.95307],[-5.22397,57.92476],[-5.09983,57.86934],[-5.07226,57.8195],[-5.12713,57.87438],[-5.23953,57.91779],[-5.3289,57.91419],[-5.36031,57.93869],[-5.40543,57.9308],[-5.39482,57.91336],[-5.33828,57.90595],[-5.30975,57.87727],[-5.24707,57.86679],[-5.22231,57.84352],[-5.31779,57.86292],[-5.42285,57.909],[-5.43113,57.88206],[-5.4615,57.86268],[-5.45383,57.8518],[-5.47054,57.8536],[-5.53941,57.8689],[-5.56275,57.91897],[-5.61606,57.92504],[-5.65649,57.87946],[-5.64369,57.85527],[-5.58294,57.83732],[-5.59782,57.80229],[-5.5783,57.79216],[-5.62297,57.78786],[-5.60243,57.76696],[-5.66615,57.79846],[-5.661,57.82266],[-5.69188,57.84346],[-5.68811,57.86906],[-5.81494,57.85405],[-5.80146,57.79344],[-5.81374,57.74951],[-5.69768,57.73018],[-5.67318,57.70073],[-5.68437,57.68913],[-5.71234,57.70755],[-5.78976,57.69766],[-5.81899,57.63874],[-5.75554,57.62285],[-5.72882,57.5856],[-5.68635,57.57713],[-5.70379,57.56309],[-5.66853,57.54524],[-5.59026,57.55643],[-5.51442,57.5411],[-5.52294,57.52989],[-5.60722,57.53558],[-5.62194,57.52133],[-5.65639,57.54542],[-5.65012,57.51007],[-5.69851,57.53181],[-5.70938,57.55636],[-5.71352,57.54414],[-5.74169,57.5443],[-5.81165,57.58602],[-5.83696,57.5791],[-5.87333,57.47363],[-5.85365,57.44215],[-5.80638,57.43857],[-5.8253,57.41895],[-5.80836,57.39932],[-5.8315,57.39069],[-5.82238,57.36305],[-5.80731,57.37523],[-5.78799,57.34675],[-5.74448,57.35103],[-5.62414,57.39698],[-5.61307,57.41412],[-5.61614,57.39827],[-5.59501,57.38996],[-5.63424,57.38011],[-5.63589,57.36651],[-5.55657,57.35732],[-5.46616,57.41795],[-5.44078,57.41451],[-5.53395,57.35335],[-5.68591,57.34159],[-5.67839,57.32523],[-5.72034,57.31572],[-5.73419,57.28289],[-5.51981,57.27633],[-5.48122,57.31136],[-5.44444,57.31631],[-5.48713,57.3059],[-5.51738,57.27418],[-5.46168,57.24079],[-5.40121,57.22843],[-5.43497,57.21422],[-5.5307,57.2714],[-5.59798,57.25929],[-5.65341,57.2379],[-5.65622,57.22696],[-5.62583,57.21337],[-5.69943,57.1665],[-5.66613,57.1439],[-5.56251,57.13333],[-5.55231,57.11205],[-5.51924,57.09985],[-5.38882,57.10782],[-5.51153,57.09821],[-5.51981,57.084],[-5.59316,57.11938],[-5.72209,57.11844],[-5.73114,57.09886],[-5.79731,57.06599],[-5.78224,57.04462],[-5.76283,57.05036],[-5.74969,57.02908],[-5.67322,57.03337],[-5.67988,57.01018],[-5.63621,56.98533],[-5.51163,56.99618],[-5.63417,56.96997],[-5.70958,56.99135],[-5.7276,57.01814],[-5.83013,57.00839],[-5.84744,56.97297],[-5.81976,56.96139],[-5.84397,56.96728],[-5.86365,56.92619],[-5.88378,56.92208],[-5.8443,56.90695],[-5.90012,56.90241],[-5.92179,56.88115],[-5.73834,56.8959],[-5.72412,56.88603],[-5.78894,56.85922],[-5.73662,56.84868],[-5.67832,56.87911],[-5.71938,56.84384],[-5.86107,56.82921],[-5.8617,56.80774],[-5.87735,56.81119],[-5.881,56.7895],[-5.82412,56.79861],[-5.75369,56.78272],[-5.79709,56.79149],[-5.8299,56.78446],[-5.83152,56.77082],[-5.88766,56.78446],[-5.88993,56.76606],[-5.85383,56.76059],[-5.84555,56.74254],[-5.87247,56.74312],[-5.88564,56.76297],[-5.90817,56.75078],[-5.95989,56.78397],[-6.02237,56.76435],[-6.14473,56.76187],[-6.19158,56.75361],[-6.18434,56.73734],[-6.22638,56.7276],[-6.22832,56.71492],[-6.18723,56.68704],[-6.05227,56.69273],[-5.9753,56.67193],[-5.93842,56.68684],[-5.84029,56.67207],[-5.77721,56.71637],[-5.71868,56.7097],[-5.6625,56.67987],[-5.54204,56.68738],[-5.65967,56.67615],[-5.74661,56.70105],[-5.87827,56.65385],[-5.87034,56.66099],[-5.88208,56.67056],[-5.89604,56.65241],[-5.94124,56.66876],[-5.95021,56.65793],[-5.92271,56.65224],[-6.005,56.64945],[-6.00148,56.6193],[-5.9055,56.55108],[-5.78398,56.53197],[-5.74577,56.56234],[-5.77167,56.53278],[-5.68581,56.49706],[-5.56007,56.54384],[-5.49532,56.60156],[-5.5225,56.61675],[-5.46985,56.6148],[-5.30381,56.71161],[-5.28514,56.69984],[-5.24187,56.72044],[-5.25558,56.73107],[-5.22853,56.76614],[-5.12619,56.82171],[-5.11939,56.8336],[-5.09741,56.82725],[-5.24645,56.70283],[-5.16068,56.68502],[-5.05132,56.70494],[-5.1467,56.67674],[-5.22215,56.68616],[-5.31551,56.6549],[-5.32556,56.64748],[-5.29927,56.63742],[-5.36267,56.60256],[-5.38788,56.57659],[-5.37584,56.56568],[-5.42101,56.54667],[-5.36643,56.52375],[-5.31102,56.54991],[-5.2478,56.55035],[-5.38154,56.51013],[-5.42047,56.52608],[-5.4741,56.48126],[-5.45296,56.48759],[-5.45583,56.47463],[-5.42362,56.50131],[-5.39952,56.47053],[-5.40926,56.45858],[-5.33949,56.47115],[-5.25669,56.4635],[-5.22982,56.44664],[-5.18303,56.46163],[-5.07581,56.56059],[-5.13592,56.47669],[-5.24243,56.43703],[-5.26659,56.45769],[-5.44523,56.45419],[-5.48437,56.43713],[-5.4746,56.41329],[-5.51614,56.39384],[-5.53849,56.35926],[-5.52033,56.34522],[-5.44457,56.36256],[-5.51401,56.34296],[-5.5499,56.3488],[-5.61264,56.30396],[-5.6031,56.31735],[-5.61852,56.32222],[-5.65446,56.29735],[-5.62243,56.26451],[-5.58305,56.31675],[-5.59673,56.24924],[-5.50553,56.26956],[-5.48445,56.25621],[-5.56649,56.23714],[-5.54367,56.21664],[-5.6144,56.13182],[-5.50396,56.18886],[-5.56836,56.11386],[-5.52929,56.09949],[-5.54546,56.08425],[-5.52798,56.07422],[-5.5838,56.09224],[-5.6441,56.04205],[-5.63673,56.02868],[-5.66378,56.02516],[-5.65747,56.016],[-5.71455,55.95073],[-5.68151,55.96457],[-5.70959,55.93603],[-5.69332,55.93095],[-5.65025,55.97978],[-5.67327,55.97832],[-5.6117,56.0173],[-5.62587,56.02359],[-5.56729,56.04012],[-5.59278,56.01414],[-5.56292,56.03007],[-5.66378,55.951],[-5.69076,55.91049],[-5.67898,55.88621],[-5.57276,55.93512],[-5.6637,55.8474],[-5.6666,55.79998],[-5.63977,55.78663],[-5.6091,55.79337],[-5.62153,55.78148],[-5.60193,55.77637],[-5.61746,55.76892],[-5.60594,55.76109],[-5.51957,55.79652],[-5.43652,55.8584],[-5.47876,55.80446],[-5.57067,55.76664],[-5.63342,55.69943],[-5.67671,55.68292],[-5.66358,55.66739],[-5.67239,55.63209],[-5.69456,55.58695],[-5.7167,55.5774],[-5.70307,55.53613],[-5.71742,55.4376],[-5.79749,55.39123],[-5.79861,55.29783],[-5.7482,55.28909],[-5.68087,55.30829],[-5.60437,55.30663],[-5.5187,55.36173],[-5.54865,55.41776],[-5.60419,55.42574],[-5.55051,55.43373],[-5.54494,55.46635],[-5.5097,55.48697],[-5.50157,55.52709],[-5.48906,55.52999],[-5.49421,55.56739],[-5.45756,55.57607],[-5.48297,55.64328],[-5.44752,55.70968],[-5.39401,55.75003],[-5.32605,55.76321],[-5.31417,55.78436],[-5.34018,55.82732],[-5.38468,55.86259],[-5.41225,55.86472],[-5.39484,55.86945],[-5.44967,55.97189],[-5.44149,56.03426],[-5.40677,56.0006],[-5.34486,56.02187],[-5.33339,56.06781],[-5.3074,56.06017],[-5.23685,56.12829],[-5.12024,56.16801],[-5.05403,56.24667],[-5.04102,56.23357],[-4.92676,56.26475],[-5.06105,56.20756],[-5.10045,56.15645],[-5.20291,56.12842],[-5.205,56.10734],[-5.34216,55.99567],[-5.34689,55.96639],[-5.33034,55.95668],[-5.35355,55.89425],[-5.31462,55.87737],[-5.31291,55.85221],[-5.25831,55.85209],[-5.20068,55.82995],[-5.24062,55.89597],[-5.19551,55.93214],[-5.19228,55.9794],[-5.1783,55.93266],[-5.07525,55.89844],[-5.08159,55.93761],[-5.11768,55.97198],[-5.12381,56.00696],[-5.10454,55.97029],[-5.06916,55.95189],[-5.04547,55.87098],[-4.97735,55.86152],[-4.90699,55.96621],[-4.95955,55.98839],[-4.9556,55.99846],[-4.89397,55.98677],[-4.91154,56.04868],[-4.87392,56.088],[-4.90881,56.11133],[-4.9,56.14698],[-4.91582,56.16629],[-4.88742,56.15012],[-4.88401,56.10365],[-4.86115,56.09942],[-4.75259,56.20396],[-4.88161,56.05691],[-4.85329,55.98897],[-4.76565,55.9881],[-4.83714,56.05028],[-4.82961,56.0784],[-4.78979,56.01414],[-4.70211,55.99161],[-4.68666,55.97539],[-4.70292,55.96691],[-4.45863,55.91862],[-4.6692,55.9328],[-4.81709,55.96314],[-4.88046,55.94178],[-4.87817,55.90832],[-4.89897,55.89716],[-4.89636,55.8752],[-4.93476,55.86881],[-4.98101,55.70544],[-4.89279,55.53115],[-5.02001,55.3047],[-5.44211,55.12988],[-5.80065,55.16623],[-5.99143,55.31786],[-6.21115,55.39674],[-6.74869,55.45508],[-6.75,55.46667],[-6.8,55.46667],[-6.8,55.5],[-6.85,55.5],[-6.85,55.58333],[-6.95,55.58333],[-6.95,55.66667],[-7.03333,55.66667],[-7.03333,55.75],[-7.13333,55.75],[-7.13333,55.83333],[-7.25,55.83333],[-7.25,55.91667],[-7.38333,55.91667],[-7.38333,56.0],[-8.21667,56.0],[-8.21667,56.08333],[-8.65833,56.08333],[-8.65833,56.16667],[-9.11667,56.16667],[-9.11667,56.35833],[-10.5,56.35833],[-10.5,56.54167],[-12.2,56.54167],[-12.2,56.7],[-14.0,56.7],[-14.0,56.66667],[-14.16667,56.66667],[-14.16667,56.57719],[-14.33103,56.57719],[-14.51432,56.81667],[-14.62233,56.99246],[-14.73535,57.22126],[-14.81707,57.44621]],[[-5.16797,55.79394],[-5.15846,55.77635],[-5.14731,55.78479],[-5.15719,55.80079],[-5.16797,55.79394]],[[-5.22252,55.9011],[-5.2118,55.88295],[-5.17029,55.85141],[-5.12769,55.84276],[-5.14425,55.81269],[-5.12694,55.80772],[-5.12074,55.77191],[-5.09328,55.77855],[-5.03015,55.72147],[-5.00351,55.72944],[-5.03235,55.75433],[-5.00199,55.76636],[-5.02287,55.84278],[-5.05836,55.83908],[-5.06175,55.8597],[-5.08992,55.86241],[-5.07793,55.88123],[-5.15853,55.92134],[-5.18622,55.92665],[-5.22252,55.9011]],[[-5.08904,55.53582],[-5.07397,55.51807],[-5.0599,55.51465],[-5.07072,55.53079],[-5.08904,55.53582]],[[-5.39763,55.61404],[-5.34842,55.57001],[-5.35634,55.50588],[-5.32592,55.49566],[-5.31657,55.46566],[-5.24961,55.43884],[-5.17403,55.43419],[-5.08349,55.45393],[-5.09312,55.49764],[-5.07887,55.50948],[-5.12797,55.53107],[-5.0819,55.55115],[-5.15269,55.58137],[-5.12761,55.61019],[-5.1596,55.67813],[-5.2673,55.72119],[-5.36659,55.67753],[-5.39763,55.61404]],[[-5.39722,56.59287],[-5.39114,56.58088],[-5.38154,56.59545],[-5.39722,56.59287]],[[-5.58951,56.3801],[-5.54566,56.37549],[-5.48809,56.42096],[-5.50253,56.42442],[-5.56394,56.40787],[-5.58951,56.3801]],[[-5.59922,56.46149],[-5.5864,56.46181],[-5.42766,56.56123],[-5.47095,56.55771],[-5.52285,56.51267],[-5.5944,56.49121],[-5.57264,56.49435],[-5.59922,56.46149]],[[-5.8451,57.33518],[-5.82575,57.33349],[-5.82071,57.34286],[-5.84261,57.35107],[-5.8451,57.33518]],[[-5.63873,57.83191],[-5.60266,57.82094],[-5.63689,57.84714],[-5.63873,57.83191]],[[-5.23943,57.94825],[-5.22654,57.93887],[-5.21284,57.94913],[-5.23943,57.94825]],[[-5.35275,57.98138],[-5.33819,57.98424],[-5.35221,57.99677],[-5.35275,57.98138]],[[-5.42277,58.00744],[-5.39764,57.99966],[-5.38224,58.0079],[-5.41114,58.02399],[-5.42277,58.00744]],[[-5.44837,58.03923],[-5.42694,58.04351],[-5.43959,58.05106],[-5.44837,58.03923]],[[-5.21106,58.38022],[-5.18342,58.37452],[-5.16241,58.38212],[-5.185,58.38928],[-5.21106,58.38022]],[[-5.48289,57.88915],[-5.46088,57.87827],[-5.46794,57.8995],[-5.48289,57.88915]],[[-5.84702,59.11864],[-5.83494,59.11685],[-5.81066,59.12011],[-5.82796,59.13446],[-5.84702,59.11864]],[[-5.86946,57.2721],[-5.85519,57.26953],[-5.84658,57.27469],[-5.86223,57.28088],[-5.86946,57.2721]],[[-6.00072,57.54585],[-5.98109,57.53977],[-5.99296,57.53343],[-5.99278,57.51871],[-5.97038,57.51958],[-5.95208,57.56873],[-5.96262,57.58383],[-5.99065,57.56883],[-5.98045,57.54671],[-6.00072,57.54585]],[[-7.08568,57.89382],[-7.07647,57.874],[-7.04688,57.89462],[-7.01027,57.88017],[-6.98808,57.90586],[-6.99652,57.92044],[-7.0297,57.91916],[-7.04923,57.89763],[-7.08568,57.89382]],[[-6.08875,57.35101],[-6.04447,57.32821],[-5.99399,57.35554],[-6.03111,57.42891],[-5.98227,57.48047],[-5.99526,57.51154],[-6.01504,57.51437],[-5.99293,57.49289],[-6.01915,57.48047],[-6.02076,57.49436],[-6.03436,57.49093],[-6.02125,57.47779],[-6.03012,57.46905],[-6.01228,57.46444],[-6.02013,57.45573],[-6.05535,57.46212],[-6.08072,57.43539],[-6.07511,57.37768],[-6.08875,57.35101]],[[-6.38199,57.90234],[-6.35445,57.88001],[-6.3581,57.90401],[-6.38199,57.90234]],[[-6.74093,58.00114],[-6.723,57.98517],[-6.71286,57.99343],[-6.72282,58.00713],[-6.74093,58.00114]],[[-6.71454,57.87502],[-6.70734,57.86329],[-6.68095,57.85397],[-6.64145,57.86122],[-6.69773,57.87914],[-6.71454,57.87502]],[[-6.75613,57.8768],[-6.74615,57.87076],[-6.74384,57.87832],[-6.75613,57.8768]],[[-6.64797,57.51068],[-6.63716,57.51149],[-6.64704,57.52625],[-6.64797,57.51068]],[[-5.90107,56.92081],[-5.89029,56.91981],[-5.88813,56.92633],[-5.90107,56.92081]],[[-6.2098,56.88806],[-6.13837,56.87146],[-6.116,56.88686],[-6.11357,56.9287],[-6.13836,56.94425],[-6.16226,56.93613],[-6.16177,56.91295],[-6.20824,56.90668],[-6.2098,56.88806]],[[-6.25636,57.14951],[-6.22789,57.12844],[-6.20234,57.13601],[-6.20868,57.15057],[-6.1933,57.14729],[-6.17976,57.15944],[-6.20462,57.16595],[-6.25636,57.14951]],[[-6.2742,56.83091],[-6.23344,56.82332],[-6.21455,56.83531],[-6.22371,56.84498],[-6.26723,56.84824],[-6.2742,56.83091]],[[-6.45999,57.00853],[-6.37702,56.97286],[-6.37038,56.95265],[-6.3105,56.93429],[-6.24934,56.97086],[-6.23816,57.0055],[-6.27824,57.01295],[-6.25141,57.01761],[-6.25934,57.03651],[-6.31004,57.055],[-6.36895,57.05334],[-6.45999,57.00853]],[[-6.61055,57.04714],[-6.59586,57.04181],[-6.54895,57.05722],[-6.46756,57.04272],[-6.49843,57.05425],[-6.4896,57.06803],[-6.55469,57.06901],[-6.60385,57.05675],[-6.61055,57.04714]],[[-6.78935,57.42086],[-6.74643,57.4181],[-6.71711,57.37064],[-6.58082,57.33176],[-6.56325,57.33662],[-6.57369,57.38771],[-6.54944,57.3852],[-6.53004,57.40345],[-6.51771,57.39285],[-6.52395,57.36874],[-6.48951,57.40311],[-6.47136,57.37623],[-6.48161,57.36618],[-6.45507,57.3598],[-6.45843,57.33899],[-6.39211,57.36022],[-6.40265,57.33928],[-6.31576,57.29842],[-6.43001,57.33956],[-6.42837,57.32312],[-6.4821,57.31126],[-6.48157,57.29125],[-6.40413,57.23172],[-6.36069,57.23465],[-6.34466,57.25051],[-6.34874,57.23071],[-6.38841,57.21778],[-6.34424,57.18476],[-6.28516,57.20018],[-6.32168,57.16004],[-6.17005,57.17436],[-6.16448,57.19834],[-6.11074,57.18671],[-6.11379,57.13674],[-6.08222,57.1264],[-6.04866,57.1766],[-6.02802,57.18288],[-6.03389,57.22517],[-5.99326,57.16844],[-5.89139,57.17092],[-5.84183,57.18831],[-5.99614,57.12629],[-6.00536,57.11369],[-5.98644,57.10644],[-6.00731,57.09111],[-6.00575,57.07275],[-6.03829,57.0569],[-6.02267,57.01879],[-5.92211,57.04285],[-5.85543,57.10891],[-5.81709,57.11192],[-5.80562,57.13674],[-5.7794,57.14303],[-5.79959,57.14219],[-5.80491,57.17502],[-5.78139,57.16604],[-5.69747,57.19274],[-5.66908,57.20905],[-5.64769,57.25738],[-5.73072,57.26047],[-5.71074,57.27149],[-5.75405,57.27488],[-5.89507,57.2399],[-5.91958,57.26146],[-5.97209,57.27528],[-5.93197,57.28127],[-5.92666,57.30824],[-6.0066,57.32102],[-6.02383,57.30432],[-5.99019,57.28004],[-6.02077,57.28806],[-6.07441,57.26651],[-6.07793,57.27644],[-6.04095,57.29216],[-6.05174,57.31268],[-6.15729,57.29875],[-6.10382,57.31841],[-6.095,57.33927],[-6.14491,57.37039],[-6.12333,57.38685],[-6.13784,57.40531],[-6.20105,57.39558],[-6.20052,57.40884],[-6.14492,57.42906],[-6.1365,57.58747],[-6.19161,57.63316],[-6.23413,57.63747],[-6.24994,57.67261],[-6.30261,57.69177],[-6.29569,57.70722],[-6.35519,57.7074],[-6.34785,57.67666],[-6.42654,57.64447],[-6.39465,57.61311],[-6.3956,57.5842],[-6.36053,57.58834],[-6.39902,57.55955],[-6.36389,57.51357],[-6.30975,57.48478],[-6.32642,57.48434],[-6.31395,57.45552],[-6.33481,57.48929],[-6.34442,57.48219],[-6.39928,57.52883],[-6.40053,57.50874],[-6.43666,57.49068],[-6.43538,57.47254],[-6.44951,57.48392],[-6.42685,57.51794],[-6.46324,57.49946],[-6.50305,57.53381],[-6.56458,57.54785],[-6.57017,57.57433],[-6.6358,57.60797],[-6.64136,57.56044],[-6.65517,57.55334],[-6.56071,57.50789],[-6.57021,57.49361],[-6.59791,57.50958],[-6.63855,57.50222],[-6.61396,57.46719],[-6.62625,57.4613],[-6.59378,57.45333],[-6.58374,57.42524],[-6.59967,57.44513],[-6.62349,57.43508],[-6.6675,57.46047],[-6.71666,57.5136],[-6.74951,57.49632],[-6.74623,57.46807],[-6.72122,57.45077],[-6.78039,57.4583],[-6.78935,57.42086]],[[-5.61546,56.22655],[-5.61102,56.19571],[-5.58865,56.20515],[-5.59773,56.22631],[-5.61546,56.22655]],[[-5.66706,56.23937],[-5.63803,56.18596],[-5.62374,56.25122],[-5.60654,56.25813],[-5.62736,56.25203],[-5.6395,56.27047],[-5.66706,56.23937]],[[-5.7039,56.21273],[-5.68562,56.20139],[-5.69106,56.23035],[-5.7039,56.21273]],[[-5.74779,56.1757],[-5.72979,56.15861],[-5.67182,56.16773],[-5.68562,56.19763],[-5.74779,56.1757]],[[-5.7605,55.62717],[-5.75028,55.62488],[-5.75054,55.63912],[-5.7605,55.62717]],[[-5.77577,55.67395],[-5.75969,55.66698],[-5.76421,55.64518],[-5.7378,55.65886],[-5.71626,55.68617],[-5.73311,55.68387],[-5.72046,55.69939],[-5.73179,55.70653],[-5.7103,55.72266],[-5.72871,55.72656],[-5.77577,55.67395]],[[-6.09663,55.87123],[-6.07972,55.81813],[-6.03455,55.79559],[-5.96384,55.79183],[-5.94,55.82546],[-5.95069,55.8349],[-5.9364,55.86658],[-5.89683,55.8679],[-5.89634,55.88975],[-5.88205,55.8905],[-5.8863,55.87891],[-5.87276,55.88959],[-5.83657,55.97043],[-5.69781,56.10032],[-5.68775,56.12849],[-5.72204,56.14787],[-5.82156,56.08965],[-5.90056,56.06331],[-5.96305,56.02854],[-6.00726,55.97405],[-5.92971,55.96101],[-6.02628,55.94714],[-6.0875,55.89886],[-6.09663,55.87123]],[[-6.27991,56.03829],[-6.24523,56.04449],[-6.25577,56.03476],[-6.22158,56.03934],[-6.22083,56.02906],[-6.18369,56.04316],[-6.19614,56.0612],[-6.13269,56.12038],[-6.15185,56.13317],[-6.18845,56.10319],[-6.24611,56.08528],[-6.24261,56.07239],[-6.26247,56.06407],[-6.24799,56.05573],[-6.27991,56.03829]],[[-6.27979,56.01718],[-6.25263,56.01497],[-6.2562,56.00113],[-6.20727,56.01914],[-6.22938,56.02794],[-6.27979,56.01718]],[[-6.38936,56.28897],[-6.2606,56.26847],[-6.24441,56.28854],[-6.04112,56.293],[-5.98535,56.32254],[-5.93312,56.32127],[-5.8734,56.35535],[-5.84803,56.34428],[-5.88813,56.32109],[-5.83329,56.31023],[-5.70591,56.36039],[-5.69703,56.38374],[-5.79289,56.36731],[-5.73292,56.39495],[-5.74205,56.41125],[-5.71169,56.41282],[-5.71071,56.38701],[-5.66779,56.38911],[-5.65229,56.41667],[-5.6872,56.43441],[-5.64735,56.42427],[-5.64531,56.44727],[-5.68177,56.45298],[-5.72025,56.48596],[-5.76497,56.4889],[-5.79623,56.51515],[-5.95241,56.5205],[-5.98984,56.57974],[-6.06817,56.62049],[-6.05985,56.63494],[-6.11875,56.65484],[-6.19806,56.64251],[-6.20016,56.62707],[-6.22858,56.63334],[-6.21687,56.59719],[-6.25825,56.61415],[-6.32359,56.60581],[-6.31492,56.57747],[-6.28021,56.57956],[-6.33777,56.55324],[-6.33712,56.5345],[-6.22799,56.52883],[-6.13847,56.4907],[-6.16095,56.48148],[-6.2208,56.50041],[-6.30865,56.49795],[-6.30211,56.47691],[-6.27735,56.47158],[-6.26276,56.48474],[-6.26883,56.47579],[-6.24206,56.46517],[-6.19203,56.46],[-6.1427,56.47044],[-6.15256,56.48247],[-6.11855,56.47185],[-6.01115,56.49938],[-5.99587,56.48568],[-6.05546,56.45138],[-6.12656,56.44977],[-6.15031,56.4145],[-6.20849,56.37999],[-6.19685,56.35836],[-6.17222,56.35715],[-6.00473,56.39306],[-5.98573,56.3852],[-6.01629,56.38722],[-6.00443,56.37741],[-6.01994,56.36484],[-6.19058,56.33267],[-6.24771,56.34327],[-6.23678,56.31576],[-6.28912,56.32212],[-6.26691,56.3241],[-6.29523,56.34445],[-6.36406,56.33828],[-6.37622,56.30843],[-6.35173,56.29925],[-6.38936,56.28897]],[[-6.44713,56.3157],[-6.43601,56.30612],[-6.38493,56.33749],[-6.38141,56.34943],[-6.40467,56.35072],[-6.43649,56.33323],[-6.42219,56.32748],[-6.44713,56.3157]],[[-6.15394,55.61463],[-6.14076,55.61241],[-6.14132,55.62028],[-6.15394,55.61463]],[[-6.52545,55.6921],[-6.48721,55.67041],[-6.41305,55.70603],[-6.34658,55.78431],[-6.25998,55.78282],[-6.26162,55.76426],[-6.34082,55.72944],[-6.33977,55.71468],[-6.28546,55.70108],[-6.26057,55.6603],[-6.3232,55.63253],[-6.33772,55.59018],[-6.26774,55.57872],[-6.22135,55.61188],[-6.21604,55.62983],[-6.07736,55.64064],[-6.0778,55.65935],[-6.05669,55.65719],[-6.01955,55.68389],[-6.04016,55.70468],[-6.02911,55.72554],[-6.05182,55.74096],[-6.04651,55.76327],[-6.08482,55.78339],[-6.10426,55.81438],[-6.10183,55.84585],[-6.13189,55.89021],[-6.12112,55.9349],[-6.1964,55.9265],[-6.27881,55.87733],[-6.31216,55.87402],[-6.32661,55.82454],[-6.34585,55.83575],[-6.3254,55.89146],[-6.39311,55.858],[-6.45551,55.85282],[-6.45739,55.80938],[-6.48785,55.79213],[-6.45644,55.78445],[-6.47166,55.75609],[-6.46145,55.7518],[-6.49709,55.7365],[-6.50936,55.71893],[-6.49103,55.71413],[-6.52545,55.6921]],[[-6.71019,56.57954],[-6.68557,56.5634],[-6.66775,56.58395],[-6.63765,56.57207],[-6.62392,56.59213],[-6.6147,56.57516],[-6.56561,56.58603],[-6.52316,56.61231],[-6.52449,56.62798],[-6.5011,56.61962],[-6.4517,56.67976],[-6.49399,56.6904],[-6.53372,56.67525],[-6.61276,56.63769],[-6.6563,56.59321],[-6.71019,56.57954]],[[-7.05847,57.65278],[-7.04512,57.65157],[-7.05173,57.66183],[-7.05847,57.65278]],[[-7.09013,57.74935],[-7.08287,57.73446],[-7.05762,57.73188],[-7.07169,57.73921],[-7.09013,57.74935]],[[-7.09849,57.76721],[-7.07709,57.75096],[-7.08358,57.77423],[-7.09849,57.76721]],[[-7.13389,57.83776],[-7.06139,57.78349],[-6.96677,57.72714],[-6.97628,57.74203],[-6.95538,57.73312],[-6.9392,57.7553],[-6.89897,57.76347],[-6.91276,57.78137],[-6.87233,57.7736],[-6.88444,57.79267],[-6.85636,57.78919],[-6.86314,57.81059],[-6.84651,57.80259],[-6.83584,57.81292],[-6.8247,57.80229],[-6.80729,57.81484],[-6.78732,57.80484],[-6.7943,57.83356],[-6.73552,57.82668],[-6.76374,57.86108],[-6.81244,57.88094],[-6.7865,57.87983],[-6.80334,57.89708],[-6.66558,57.88144],[-6.67062,57.90093],[-6.71199,57.91501],[-6.67394,57.92297],[-6.70733,57.95401],[-6.74184,57.95217],[-6.72113,57.96359],[-6.75667,57.99371],[-6.68792,58.03417],[-6.71303,58.01351],[-6.70915,57.96688],[-6.65711,57.92014],[-6.60529,57.91727],[-6.64376,57.96196],[-6.57165,57.90936],[-6.57297,57.9235],[-6.53619,57.91837],[-6.54807,57.9562],[-6.51966,57.92689],[-6.46986,57.93754],[-6.46691,57.96079],[-6.4482,57.96577],[-6.45601,57.99395],[-6.57378,58.00347],[-6.46718,58.01791],[-6.38682,57.9999],[-6.35721,58.03936],[-6.43675,58.04785],[-6.37031,58.04987],[-6.37758,58.09083],[-6.39839,58.0872],[-6.38563,58.10468],[-6.63281,58.0824],[-6.45774,58.10501],[-6.42839,58.12609],[-6.48583,58.14084],[-6.3709,58.13029],[-6.36838,58.14299],[-6.41826,58.13804],[-6.3669,58.15383],[-6.3832,58.17984],[-6.37013,58.19216],[-6.38475,58.18929],[-6.39388,58.20791],[-6.34457,58.18532],[-6.2873,58.20504],[-6.25057,58.1792],[-6.16001,58.21324],[-6.14124,58.26244],[-6.28444,58.20659],[-6.34688,58.22802],[-6.31633,58.244],[-6.32223,58.26767],[-6.28063,58.26881],[-6.28298,58.28661],[-6.24203,58.29475],[-6.24484,58.30603],[-6.19801,58.33788],[-6.16258,58.34255],[-6.21674,58.36701],[-6.16721,58.41717],[-6.16485,58.43009],[-6.19221,58.4466],[-6.18116,58.46901],[-6.26129,58.51958],[-6.28445,58.50981],[-6.272,58.49635],[-6.52301,58.3952],[-6.54866,58.36586],[-6.62019,58.34665],[-6.66671,58.35109],[-6.7554,58.30597],[-6.80516,58.30313],[-6.82992,58.28304],[-6.78882,58.27687],[-6.81986,58.27345],[-6.80974,58.25274],[-6.74354,58.21048],[-6.75798,58.20967],[-6.7572,58.19435],[-6.71,58.18464],[-6.73424,58.16748],[-6.74905,58.19184],[-6.81611,58.20285],[-6.78302,58.2006],[-6.78666,58.22427],[-6.81567,58.23664],[-6.83658,58.23348],[-6.84193,58.25466],[-6.87526,58.25915],[-6.85498,58.26546],[-6.88976,58.27098],[-6.88813,58.24588],[-6.8592,58.22272],[-6.87748,58.21691],[-6.86343,58.20605],[-6.82915,58.20373],[-6.8673,58.19114],[-6.86088,58.18176],[-6.87747,58.1894],[-6.8699,58.17201],[-6.88638,58.16241],[-6.86136,58.11565],[-6.88797,58.14967],[-6.8937,58.18666],[-6.9613,58.20327],[-6.90763,58.21352],[-6.96038,58.23534],[-6.96816,58.21909],[-7.03546,58.24116],[-7.06775,58.19551],[-7.04144,58.18781],[-7.03125,58.19894],[-7.01623,58.18322],[-7.10092,58.18627],[-7.10845,58.17722],[-7.09092,58.16335],[-7.13565,58.12778],[-7.11073,58.10934],[-7.10355,58.07295],[-7.06604,58.05976],[-7.02997,58.08073],[-7.02476,58.07041],[-7.06067,58.05459],[-7.02193,58.05371],[-7.06478,58.04396],[-7.03949,58.0331],[-7.00052,58.03777],[-7.05625,58.0091],[-7.08371,58.02015],[-7.1153,57.98866],[-7.09299,57.99509],[-7.08001,57.96685],[-7.02153,57.95164],[-6.99486,57.95433],[-7.00058,57.96519],[-6.92494,57.9403],[-6.90323,57.94913],[-6.91546,57.93652],[-6.84976,57.93275],[-6.84032,57.92816],[-6.86713,57.92489],[-6.81533,57.90085],[-6.94866,57.90479],[-6.96103,57.88719],[-6.90824,57.86881],[-6.99157,57.86911],[-7.01856,57.83731],[-7.077,57.81244],[-7.08089,57.83241],[-7.13389,57.83776]],[[-7.1668,58.03123],[-7.15388,58.00781],[-7.09915,58.00683],[-7.10887,58.03087],[-7.1668,58.03123]],[[-7.22916,57.70442],[-7.17954,57.70117],[-7.1477,57.73395],[-7.18712,57.73683],[-7.22916,57.70442]],[[-7.26626,57.77],[-7.23339,57.76003],[-7.19978,57.7742],[-7.24205,57.78223],[-7.26626,57.77]],[[-7.30054,57.71668],[-7.29146,57.70077],[-7.27487,57.70183],[-7.27975,57.71762],[-7.30054,57.71668]],[[-7.59983,58.28774],[-7.58857,58.2824],[-7.57348,58.28319],[-7.58643,58.28916],[-7.59983,58.28774]],[[-6.77001,56.51662],[-6.76043,56.51229],[-6.75753,56.51744],[-6.77001,56.51662]],[[-6.99755,56.50571],[-6.9745,56.48814],[-6.97966,56.45214],[-6.94985,56.45877],[-6.91272,56.44038],[-6.88912,56.44675],[-6.89696,56.47154],[-6.87905,56.48782],[-6.8138,56.48864],[-6.79809,56.5056],[-6.81339,56.51241],[-6.8046,56.52359],[-6.72646,56.52674],[-6.75459,56.55635],[-6.79882,56.53504],[-6.81886,56.54279],[-6.87707,56.51793],[-6.95079,56.52873],[-6.99755,56.50571]],[[-7.20795,57.49085],[-7.1908,57.47653],[-7.16137,57.47783],[-7.17173,57.50276],[-7.20694,57.5024],[-7.18042,57.49443],[-7.20795,57.49085]],[[-7.40779,57.54394],[-7.35353,57.49825],[-7.35763,57.52377],[-7.33733,57.5333],[-7.36791,57.54891],[-7.38587,57.5403],[-7.40779,57.54394]],[[-7.42528,57.56293],[-7.40541,57.55148],[-7.41488,57.55795],[-7.40336,57.5619],[-7.42528,57.56293]],[[-7.23374,57.39168],[-7.21527,57.38356],[-7.18769,57.39452],[-7.18944,57.41128],[-7.23374,57.39168]],[[-7.41225,57.45192],[-7.39293,57.42259],[-7.3521,57.41776],[-7.24768,57.38992],[-7.24037,57.39711],[-7.2681,57.40696],[-7.19652,57.41332],[-7.21947,57.43824],[-7.26704,57.43788],[-7.26649,57.44988],[-7.25242,57.43838],[-7.24395,57.4477],[-7.20832,57.44502],[-7.23746,57.45929],[-7.20053,57.45977],[-7.24182,57.47627],[-7.26661,57.46617],[-7.30045,57.48858],[-7.33601,57.48091],[-7.31681,57.49458],[-7.3668,57.4915],[-7.41191,57.47061],[-7.40152,57.45872],[-7.41225,57.45192]],[[-7.31368,57.08968],[-7.30921,57.05954],[-7.28424,57.05403],[-7.27725,57.06194],[-7.29849,57.06683],[-7.27663,57.0653],[-7.2721,57.08284],[-7.31368,57.08968]],[[-7.35426,57.00908],[-7.31916,57.01486],[-7.32352,57.02648],[-7.34793,57.01996],[-7.3294,57.01501],[-7.35426,57.00908]],[[-7.39483,57.04178],[-7.37895,57.04917],[-7.38872,57.06218],[-7.39444,57.05231],[-7.39483,57.04178]],[[-7.4597,57.24116],[-7.42289,57.21639],[-7.40239,57.13722],[-7.41468,57.12806],[-7.39206,57.11287],[-7.23615,57.09505],[-7.20993,57.11622],[-7.24482,57.13534],[-7.34668,57.15095],[-7.26776,57.1495],[-7.24414,57.16438],[-7.26059,57.20769],[-7.34562,57.23562],[-7.25994,57.22511],[-7.24255,57.24837],[-7.25224,57.26004],[-7.19151,57.29868],[-7.21916,57.30254],[-7.22541,57.32406],[-7.29398,57.33787],[-7.22987,57.33614],[-7.21567,57.35126],[-7.24146,57.34992],[-7.2825,57.37046],[-7.26517,57.37224],[-7.27191,57.38062],[-7.33912,57.40299],[-7.37921,57.39672],[-7.36441,57.41821],[-7.37934,57.39888],[-7.43161,57.38498],[-7.40353,57.3577],[-7.39761,57.30264],[-7.42176,57.28881],[-7.43016,57.24601],[-7.4597,57.24116]],[[-7.45162,57.06359],[-7.43959,57.06363],[-7.44082,57.06829],[-7.45162,57.06359]],[[-7.54871,57.60111],[-7.4958,57.58364],[-7.48999,57.56589],[-7.42962,57.57699],[-7.43629,57.58589],[-7.34717,57.55335],[-7.35599,57.5483],[-7.325,57.53245],[-7.32243,57.50907],[-7.27782,57.50909],[-7.26513,57.50037],[-7.30458,57.50068],[-7.20598,57.47272],[-7.21904,57.49922],[-7.27124,57.5091],[-7.14839,57.50907],[-7.13438,57.55386],[-7.25761,57.55308],[-7.11784,57.56446],[-7.10073,57.59365],[-7.1546,57.58843],[-7.16432,57.59588],[-7.15187,57.61505],[-7.18288,57.61731],[-7.11625,57.6322],[-7.13288,57.62453],[-7.10013,57.60725],[-7.06206,57.63944],[-7.09724,57.65314],[-7.08612,57.66121],[-7.0962,57.66781],[-7.12469,57.65869],[-7.10508,57.64954],[-7.13623,57.64339],[-7.13066,57.66398],[-7.17045,57.65298],[-7.15626,57.67651],[-7.19442,57.69751],[-7.27716,57.66399],[-7.24773,57.65761],[-7.2669,57.64816],[-7.28252,57.66648],[-7.31153,57.66152],[-7.28613,57.65823],[-7.28442,57.643],[-7.33681,57.66045],[-7.308,57.68682],[-7.31567,57.6934],[-7.34582,57.68046],[-7.33829,57.66939],[-7.37758,57.65913],[-7.38645,57.63486],[-7.43314,57.65603],[-7.39359,57.6535],[-7.37769,57.66947],[-7.43499,57.65687],[-7.48487,57.66256],[-7.49933,57.63052],[-7.52684,57.62265],[-7.51689,57.60401],[-7.53724,57.61323],[-7.54871,57.60111]],[[-7.62202,57.51051],[-7.59977,57.53155],[-7.62154,57.5267],[-7.62202,57.51051]],[[-7.56492,56.95492],[-7.45391,56.9441],[-7.40479,56.9832],[-7.37745,56.97715],[-7.3789,56.99051],[-7.41552,57.00079],[-7.38611,57.00603],[-7.4464,57.02054],[-7.41917,57.04136],[-7.45317,57.05884],[-7.45636,57.02456],[-7.52858,57.01321],[-7.50243,57.00348],[-7.52695,56.98806],[-7.51987,56.97177],[-7.55864,56.96809],[-7.56492,56.95492]],[[-7.67067,57.52089],[-7.6416,57.52516],[-7.64868,57.53573],[-7.67067,57.52089]],[[-7.54022,56.89948],[-7.51628,56.87922],[-7.48848,56.88538],[-7.49973,56.89847],[-7.54022,56.89948]],[[-7.58375,56.93419],[-7.54225,56.92658],[-7.56455,56.92147],[-7.54648,56.90794],[-7.5052,56.91331],[-7.53434,56.92145],[-7.51755,56.93262],[-7.47268,56.92647],[-7.56898,56.94981],[-7.58375,56.93419]],[[-7.59524,56.85943],[-7.59044,56.84645],[-7.54797,56.84749],[-7.56141,56.85755],[-7.59524,56.85943]],[[-7.65881,56.78888],[-7.62962,56.77946],[-7.61557,56.78746],[-7.65881,56.78888]],[[-7.66904,56.79961],[-7.6561,56.79266],[-7.62082,56.80187],[-7.62678,56.81067],[-7.61432,56.83081],[-7.66171,56.81601],[-7.66904,56.79961]],[[-8.61739,57.82771],[-8.60959,57.80983],[-8.55664,57.79307],[-8.57239,57.80945],[-8.54942,57.81238],[-8.58545,57.82587],[-8.61739,57.82771]]]]}},{"id":"66","type":"Feature","properties":{"zone_id":"UKNI_OFF","name":"United Kingdom Northern Ireland Offshore Node NI","parent_zone":"UKNI_OFF","level":"PEOF","area_km2":5343.58},"geometry":{"type":"MultiPolygon","coordinates":[[[[-5.55865,54.37568],[-5.55686,54.37603],[-5.55365,54.37156],[-5.55865,54.37568]]],[[[-5.72344,54.53937],[-5.69628,54.54646],[-5.69831,54.56791],[-5.6798,54.58281],[-5.55686,54.53101],[-5.54376,54.48521],[-5.53043,54.48288],[-5.55876,54.4572],[-5.53671,54.45919],[-5.53423,54.4388],[-5.57739,54.42325],[-5.57954,54.39289],[-5.55865,54.37568],[-5.57702,54.37207],[-5.57286,54.38336],[-5.65048,54.36443],[-5.68426,54.37184],[-5.65317,54.38184],[-5.6429,54.4285],[-5.62695,54.43387],[-5.64155,54.43843],[-5.62672,54.46338],[-5.64938,54.45349],[-5.63845,54.45902],[-5.65545,54.4667],[-5.64825,54.4902],[-5.67673,54.50264],[-5.65761,54.51485],[-5.64714,54.49578],[-5.61836,54.50627],[-5.64636,54.49975],[-5.63054,54.51615],[-5.72344,54.53937]],[[-5.66851,54.37031],[-5.65697,54.36924],[-5.63851,54.37906],[-5.65248,54.37742],[-5.66851,54.37031]]],[[[-7.25852,55.0424],[-7.25544,55.06781],[-7.08392,55.10755],[-6.96899,55.19844],[-6.90514,55.20302],[-6.8661,55.22397],[-6.74414,55.41486],[-6.74872,55.45533],[-6.21151,55.39689],[-5.991,55.31792],[-5.80235,55.1671],[-5.4453,55.12993],[-5.59243,55.03549],[-5.02163,54.3907],[-5.79539,53.864],[-5.82564,53.87035],[-6.05482,53.96549],[-6.12196,54.04729],[-6.16159,54.05004],[-6.25612,54.09355],[-6.32118,54.14717],[-6.26253,54.09944],[-6.19982,54.09773],[-6.16702,54.06682],[-6.09639,54.06248],[-6.07662,54.04815],[-6.107,54.0409],[-6.0621,54.02259],[-5.89674,54.10447],[-5.8714,54.16785],[-5.89124,54.20661],[-5.83068,54.24063],[-5.85964,54.25008],[-5.81912,54.28264],[-5.81726,54.25738],[-5.83644,54.25577],[-5.81671,54.24222],[-5.69153,54.25109],[-5.66076,54.22522],[-5.63599,54.23937],[-5.63835,54.26278],[-5.61089,54.24648],[-5.6071,54.26506],[-5.59425,54.26021],[-5.55127,54.30493],[-5.52228,54.31357],[-5.54264,54.31934],[-5.54621,54.36119],[-5.55365,54.37156],[-5.50522,54.33159],[-5.47934,54.35783],[-5.4926,54.36563],[-5.48335,54.38243],[-5.45908,54.38688],[-5.47952,54.43041],[-5.43645,54.45577],[-5.43282,54.48594],[-5.46211,54.49662],[-5.48397,54.53731],[-5.47906,54.5669],[-5.52596,54.60334],[-5.52504,54.64017],[-5.57814,54.67553],[-5.6345,54.68106],[-5.64204,54.66651],[-5.69053,54.66607],[-5.74062,54.6778],[-5.90907,54.6122],[-5.87917,54.63603],[-5.90572,54.63002],[-5.89878,54.63983],[-5.91436,54.64271],[-5.89596,54.67308],[-5.70768,54.74572],[-5.68779,54.76659],[-5.69018,54.80755],[-5.72658,54.84878],[-5.78993,54.85295],[-5.7342,54.81272],[-5.72137,54.77191],[-5.75324,54.81019],[-5.74053,54.81132],[-5.81207,54.83071],[-5.81708,54.84651],[-5.80017,54.83962],[-5.79703,54.85284],[-5.84342,54.90076],[-5.87822,54.90812],[-5.91863,54.96221],[-5.99152,54.98489],[-5.96346,55.0499],[-6.05899,55.06348],[-6.0331,55.10954],[-6.02794,55.16481],[-6.06143,55.19923],[-6.14414,55.2282],[-6.23397,55.20402],[-6.33269,55.2419],[-6.40545,55.23138],[-6.48362,55.25231],[-6.54664,55.2163],[-6.66297,55.21242],[-6.65699,55.1998],[-6.72146,55.18986],[-6.7282,55.17083],[-6.77263,55.17166],[-6.70914,55.15485],[-6.77458,55.17175],[-6.90245,55.17076],[-6.9629,55.19389],[-6.96216,55.16475],[-6.99755,55.11123],[-6.98595,55.10658],[-7.01825,55.10291],[-7.01408,55.07604],[-7.05025,55.05063],[-7.13274,55.04216],[-7.15391,55.05837],[-7.22686,55.06058],[-7.23234,55.04284],[-7.25852,55.0424]],[[-5.54615,54.67088],[-5.53421,54.67155],[-5.51934,54.67361],[-5.53421,54.68297],[-5.54615,54.67088]],[[-6.28435,55.29248],[-6.19682,55.2923],[-6.18994,55.25822],[-6.16973,55.30109],[-6.27214,55.30534],[-6.28435,55.29248]]],[[[-7.38281,54.94727],[-7.26347,55.04231],[-7.25852,55.0424],[-7.38281,54.94727]]]]}},{"id":"67","type":"Feature","properties":{"zone_id":"AL00_OFF","name":"Albania Offshore Node 00","parent_zone":"AL00_OFF","level":"PEOF","area_km2":12142.83},"geometry":{"type":"MultiPolygon","coordinates":[[[[19.41215,41.98882],[19.41434,41.99546],[19.41331,41.9893],[19.42794,41.98266],[19.46122,42.0112],[19.42755,41.98138],[19.41215,41.98882]]],[[[19.41592,42.00494],[19.41745,42.00489],[19.41434,41.99546],[19.41592,42.00494]]],[[[19.3847,41.96442],[19.37704,41.97716],[19.38782,41.96517],[19.3847,41.96442]]],[[[19.37638,41.9779],[19.39673,42.00736],[19.41629,42.00715],[19.3975,42.00549],[19.37638,41.9779]]],[[[19.35473,41.91327],[19.37151,41.92322],[19.37167,41.92297],[19.35473,41.91327]]],[[[19.35612,41.94789],[19.37253,41.92382],[19.37151,41.92322],[19.35612,41.94789]]],[[[19.35112,41.95521],[19.3515,41.95529],[19.35612,41.94789],[19.35112,41.95521]]],[[[19.3515,41.95529],[19.3847,41.96442],[19.38608,41.96224],[19.3515,41.95529]]],[[[18.32149,41.44175],[18.78632,41.55917],[19.13062,41.67048],[19.32217,41.70409],[19.38156,41.88423],[19.34216,41.90607],[19.35473,41.91327],[19.34277,41.90618],[19.38197,41.88616],[19.37479,41.85048],[19.44502,41.86025],[19.43879,41.88303],[19.46371,41.86872],[19.45642,41.86022],[19.59733,41.80988],[19.59431,41.76257],[19.6034,41.78952],[19.62056,41.79034],[19.60839,41.76126],[19.57169,41.74951],[19.59895,41.75137],[19.57518,41.74255],[19.58419,41.70995],[19.56952,41.65285],[19.573,41.62974],[19.58777,41.64828],[19.60378,41.63717],[19.60315,41.61159],[19.59138,41.63132],[19.56829,41.58779],[19.5312,41.56959],[19.44436,41.58765],[19.46239,41.55515],[19.51052,41.53665],[19.51638,41.50906],[19.49868,41.46707],[19.44794,41.43495],[19.44085,41.41309],[19.44873,41.43144],[19.45687,41.41944],[19.44788,41.42695],[19.44438,41.40689],[19.41864,41.39735],[19.39066,41.41143],[19.42246,41.38253],[19.42063,41.32646],[19.45272,41.30221],[19.45504,41.31421],[19.48597,41.30859],[19.51995,41.25992],[19.46904,41.15724],[19.43681,41.14584],[19.45669,41.09808],[19.43907,40.99937],[19.46514,40.99674],[19.47802,40.97274],[19.41333,40.91834],[19.39449,40.84819],[19.37093,40.82515],[19.36724,40.71803],[19.31244,40.65494],[19.31543,40.64448],[19.34855,40.66572],[19.39925,40.64948],[19.34681,40.66434],[19.31883,40.64061],[19.37678,40.57697],[19.3647,40.58279],[19.37811,40.53191],[19.4011,40.50237],[19.49367,40.44655],[19.47765,40.39948],[19.48493,40.34747],[19.42153,40.32132],[19.40545,40.37628],[19.37904,40.4066],[19.32011,40.43893],[19.28845,40.42],[19.36586,40.34619],[19.37279,40.30567],[19.46727,40.21726],[19.65062,40.12838],[19.75238,40.09776],[19.74954,40.07994],[19.76553,40.08039],[19.77651,40.05681],[19.77807,40.07116],[19.79087,40.06718],[19.79481,40.04649],[19.86338,40.0371],[19.93646,39.94222],[19.91403,39.90047],[19.95375,39.89627],[20.01939,39.85859],[20.01321,39.81857],[19.99335,39.79871],[20.00703,39.77999],[19.97283,39.75374],[19.99905,39.75016],[19.98576,39.74329],[19.99836,39.74004],[19.98226,39.68948],[20.00835,39.69182],[19.98922,39.64039],[19.92856,39.68671],[19.96,39.72709],[19.97379,39.78061],[19.95112,39.83325],[19.75531,39.91681],[19.62895,40.00921],[19.26442,40.06675],[18.99524,40.08358],[18.95139,40.20361],[18.88,40.31389],[18.75972,40.59389],[18.595,41.10806],[18.54278,41.19361],[18.32149,41.44175]],[[19.26431,40.50432],[19.27951,40.47469],[19.28919,40.48245],[19.28971,40.50019],[19.2702,40.51418],[19.26431,40.50432]]]]}},{"id":"68","type":"Feature","properties":{"zone_id":"BA00_OFF","name":"Bosnia and Herzegovina Offshore Node 00","parent_zone":"BA00_OFF","level":"PEOF","area_km2":8.85},"geometry":{"type":"Polygon","coordinates":[[[17.64799,42.88872],[17.58187,42.91154],[17.542,42.92856],[17.58044,42.93836],[17.62397,42.9139],[17.55481,42.93049],[17.64799,42.88872]]]}},{"id":"69","type":"Feature","properties":{"zone_id":"BG01_OFF","name":"Bulgaria Offshore Node 01","parent_zone":"BG00_OFF","level":"PEOF","area_km2":34745.78},"geometry":{"type":"MultiPolygon","coordinates":[[[[27.89163,43.18873],[27.8949,43.1874],[27.89218,43.18726],[27.89163,43.18873]]],[[[27.64803,43.19011],[27.76492,43.19009],[27.79377,43.20406],[27.83203,43.19425],[27.858,43.20969],[27.92197,43.18953],[27.94233,43.21034],[27.99736,43.21519],[28.02846,43.24635],[28.08824,43.37207],[28.15201,43.40436],[28.35644,43.4131],[28.45285,43.37943],[28.4662,43.35953],[28.49851,43.41098],[28.54951,43.44016],[28.6088,43.53965],[28.56831,43.60182],[28.57929,43.63711],[28.56335,43.68969],[28.57952,43.73847],[29.12955,43.67726],[29.62574,43.67642],[30.42882,43.63741],[30.90975,43.44885],[31.33082,43.43989],[31.10917,43.33167],[30.75167,42.94528],[30.56944,42.80083],[29.82667,42.49],[29.57222,42.44],[29.34583,42.24111],[28.32383,41.98133],[28.03147,41.97878],[28.01553,42.02777],[27.98542,42.05368],[27.99206,42.06325],[27.97081,42.06548],[27.94668,42.10421],[27.91356,42.11065],[27.89646,42.1429],[27.8527,42.16605],[27.84162,42.19471],[27.74979,42.25177],[27.76608,42.2655],[27.75242,42.28582],[27.79503,42.30702],[27.77344,42.32003],[27.78442,42.33625],[27.7397,42.3278],[27.7118,42.36328],[27.724,42.37905],[27.7061,42.39467],[27.72915,42.41035],[27.70558,42.40895],[27.69668,42.42689],[27.65975,42.411],[27.64401,42.42431],[27.65634,42.43072],[27.65167,42.45074],[27.62967,42.4595],[27.61476,42.44399],[27.58623,42.46338],[27.58064,42.44566],[27.53938,42.45711],[27.51107,42.42838],[27.47949,42.46195],[27.46742,42.44612],[27.44371,42.46123],[27.45652,42.48879],[27.4833,42.48199],[27.48952,42.52684],[27.52148,42.55716],[27.6513,42.5548],[27.63255,42.5839],[27.63385,42.62106],[27.64538,42.63807],[27.6717,42.63725],[27.74123,42.65932],[27.71175,42.67151],[27.7267,42.70807],[27.90064,42.70058],[27.88212,42.83937],[27.90325,42.85431],[27.90666,42.92942],[27.88808,43.03583],[27.91339,43.0622],[27.94701,43.16624],[27.8949,43.1874],[27.91495,43.18843],[27.88728,43.20034],[27.89163,43.18873],[27.8729,43.19632],[27.81413,43.18111],[27.64803,43.19011]]]]}},{"id":"70","type":"Feature","properties":{"zone_id":"CY00_OFF","name":"Cyprus Offshore Node 00","parent_zone":"CY00_OFF","level":"PEOF","area_km2":98418.85},"geometry":{"type":"Polygon","coordinates":[[[35.16212,36.01639],[35.1943,35.83653],[35.09123,35.1514],[34.97358,34.99276],[34.96334,34.81245],[34.9144,34.69206],[34.71239,34.37138],[34.29315,33.9938],[34.23529,33.96089],[33.97422,33.73983],[33.89444,33.64444],[32.97222,32.88889],[32.51667,33.01111],[32.02222,33.12222],[31.60833,33.19167],[30.61111,33.51111],[30.08333,33.75],[29.84648,33.82085],[30.27678,34.45589],[30.52187,34.71034],[31.38955,35.68382],[31.74196,35.68086],[32.25113,35.63049],[32.42558,35.62734],[32.6522,35.68353],[33.03341,35.73244],[33.18785,35.72305],[33.33279,35.74072],[33.50621,35.73952],[33.83286,35.80002],[33.99851,35.88277],[34.22951,35.96089],[34.62853,36.18262],[34.72759,36.21506],[34.76753,36.21774],[34.91187,36.16228],[35.16212,36.01639]],[[34.59118,35.6968],[34.34629,35.62321],[34.33921,35.60303],[34.29033,35.57647],[34.22985,35.557],[34.17623,35.5619],[34.12578,35.50547],[33.97528,35.44567],[33.85005,35.41246],[33.75359,35.40902],[33.64681,35.35709],[33.48462,35.33203],[33.34812,35.33544],[33.11374,35.36881],[33.09681,35.35385],[33.06408,35.35536],[32.99162,35.3689],[32.92101,35.40428],[32.93984,35.30545],[32.9328,35.25448],[32.8986,35.17587],[32.85366,35.14891],[32.82523,35.1411],[32.73825,35.18017],[32.62369,35.19356],[32.57538,35.17054],[32.55148,35.17542],[32.48623,35.08095],[32.40201,35.03913],[32.35862,35.04775],[32.28827,35.10482],[32.27634,35.09958],[32.27593,35.03697],[32.31294,34.9957],[32.30206,34.95025],[32.32752,34.92037],[32.3163,34.8994],[32.34806,34.85634],[32.3879,34.84105],[32.40069,34.7544],[32.49477,34.70297],[32.55658,34.69751],[32.70364,34.63952],[32.79147,34.66394],[32.87512,34.66611],[32.92344,34.61871],[32.93926,34.58981],[32.93282,34.56551],[33.02917,34.56202],[33.00636,34.61386],[33.01059,34.64012],[33.03376,34.65047],[33.00753,34.64725],[33.065,34.68632],[33.14848,34.71271],[33.31519,34.71596],[33.49618,34.77744],[33.55054,34.81878],[33.60376,34.81677],[33.63976,34.8654],[33.64726,34.94592],[33.67921,34.97218],[33.77751,34.98047],[33.86567,34.94295],[33.90638,34.97272],[33.96949,34.98741],[34.08505,34.95561],[34.06439,35.01297],[33.91202,35.16155],[33.90625,35.25659],[33.96627,35.32198],[34.06683,35.3284],[34.08102,35.36855],[34.13657,35.41702],[34.28839,35.48061],[34.40937,35.55693],[34.43743,35.60125],[34.56313,35.64099],[34.59118,35.6968]]]}},{"id":"71","type":"Feature","properties":{"zone_id":"UA02_OFF","name":"Ukraine Burshtyn Island Offshore Node 02","parent_zone":"UA02_OFF","level":"PEOF","area_km2":136111.02},"geometry":{"type":"MultiPolygon","coordinates":[[[[30.10143,46.33082],[30.14127,46.38179],[30.19409,46.39789],[30.23391,46.39099],[30.24312,46.3801],[30.22522,46.35502],[30.24955,46.34729],[30.28137,46.29776],[30.30669,46.32675],[30.30203,46.37262],[30.32348,46.37159],[30.33117,46.29565],[30.41149,46.26725],[30.43742,46.24015],[30.42147,46.19599],[30.51001,46.14075],[30.47371,46.07708],[30.55976,46.15918],[30.67985,46.31373],[30.62744,46.3402],[30.64175,46.34299],[30.6396,46.38381],[30.64443,46.34936],[30.67767,46.32045],[30.75264,46.37454],[30.77286,46.44498],[30.76034,46.49093],[30.73053,46.50444],[30.74222,46.53582],[30.78111,46.55577],[30.83098,46.54904],[31.01122,46.59633],[30.99956,46.65771],[31.01693,46.65391],[31.01895,46.59909],[31.17367,46.62772],[31.34832,46.59966],[31.36884,46.62245],[31.41026,46.61867],[31.41821,46.64853],[31.4857,46.69054],[31.48834,46.72889],[31.43284,46.75678],[31.42671,46.80126],[31.4419,46.75416],[31.48943,46.74924],[31.50525,46.72701],[31.52369,46.74688],[31.51239,46.77318],[31.5255,46.76448],[31.59405,46.80331],[31.58828,46.83652],[31.59865,46.80035],[31.54107,46.76773],[31.54992,46.74598],[31.52804,46.72082],[31.53211,46.70225],[31.5004,46.69097],[31.50294,46.66307],[31.42531,46.6256],[31.49582,46.62445],[31.55019,46.6],[31.5918,46.64031],[31.63804,46.64976],[31.79643,46.60968],[31.88839,46.63815],[31.92428,46.72951],[31.88671,46.74647],[31.87409,46.79111],[31.91288,46.84066],[31.96918,46.86935],[31.9937,46.91976],[31.98545,46.93157],[31.92557,46.926],[31.90303,46.94266],[31.95645,47.00326],[31.89215,46.98809],[31.85646,47.00544],[31.84498,47.02996],[31.85464,47.06509],[31.87971,47.06208],[31.89807,47.09505],[31.83241,47.11773],[31.8246,47.13764],[31.84457,47.16093],[31.82494,47.18458],[31.74695,47.21436],[31.74134,47.24503],[31.77005,47.27338],[31.74388,47.244],[31.75022,47.21436],[31.82472,47.18916],[31.84902,47.16579],[31.83805,47.18852],[31.85827,47.16006],[31.84722,47.11874],[31.91216,47.09356],[31.90834,47.07196],[31.85706,47.02793],[31.89033,47.00061],[31.94993,47.02402],[31.98657,47.01166],[31.99274,46.9787],[31.9611,46.97831],[31.93526,46.95466],[31.93913,46.93875],[32.00877,46.9465],[32.02581,46.9192],[32.01274,46.87426],[31.9511,46.83905],[31.95096,46.8057],[31.92257,46.78809],[31.93671,46.77806],[31.92543,46.76823],[31.94385,46.77445],[31.93425,46.74721],[31.9768,46.7097],[31.97969,46.65998],[32.02654,46.62477],[32.10801,46.60905],[32.14066,46.55695],[32.24989,46.59211],[32.30955,46.55288],[32.34825,46.55015],[32.28877,46.54265],[32.3171,46.53512],[32.29032,46.53758],[32.29638,46.51405],[32.33637,46.51209],[32.42722,46.55603],[32.41304,46.55498],[32.46754,46.57035],[32.47593,46.59346],[32.47198,46.57145],[32.50722,46.59445],[32.54379,46.59591],[32.52728,46.61279],[32.56976,46.61918],[32.57424,46.60564],[32.54715,46.60882],[32.54782,46.59631],[32.58899,46.60385],[32.66833,46.65919],[32.79376,46.67634],[32.91839,46.73387],[33.03587,46.74377],[33.14111,46.78622],[33.37269,46.77556],[33.28771,46.74868],[33.13794,46.78094],[33.04425,46.73935],[32.92114,46.72846],[32.82,46.67683],[32.69598,46.66095],[32.62518,46.62382],[32.53808,46.53777],[32.52505,46.53829],[32.54928,46.54952],[32.52868,46.55629],[32.57308,46.57512],[32.5809,46.59307],[32.55613,46.59632],[32.48225,46.57282],[32.48964,46.56912],[32.31108,46.49452],[32.31961,46.49174],[32.28647,46.48875],[32.32211,46.46746],[32.19742,46.48008],[32.16383,46.4892],[32.19284,46.48705],[32.15028,46.50945],[32.155,46.49253],[32.10807,46.50079],[32.02232,46.48563],[31.90662,46.51088],[31.91148,46.52368],[31.88605,46.53078],[31.89814,46.51751],[31.87403,46.51373],[31.75488,46.54659],[31.58015,46.5367],[31.51166,46.57718],[31.70563,46.4331],[31.69977,46.46778],[31.74723,46.48828],[31.95369,46.4389],[31.92823,46.44925],[31.96087,46.43974],[32.00166,46.45371],[32.02681,46.44341],[32.05958,46.39722],[32.05339,46.38265],[32.02412,46.38324],[32.00692,46.35921],[31.95966,46.34323],[31.78415,46.32269],[31.75686,46.29545],[31.77538,46.29321],[31.77947,46.26474],[31.79113,46.28077],[31.81522,46.26539],[31.83019,46.2805],[31.87343,46.26445],[31.89582,46.2911],[31.87894,46.29272],[31.87734,46.31226],[31.89557,46.31568],[31.89519,46.30033],[31.94028,46.29511],[31.97079,46.25716],[32.00166,46.26451],[31.99826,46.25331],[32.02942,46.24696],[32.04633,46.25717],[32.19073,46.17668],[32.20418,46.17422],[32.19298,46.18204],[32.20753,46.18937],[32.23964,46.18251],[32.24794,46.16809],[32.23074,46.16845],[32.23865,46.14988],[32.2266,46.13282],[32.05109,46.16986],[32.40895,46.09028],[32.54355,46.06536],[32.54661,46.08139],[32.60325,46.09841],[32.7695,46.12213],[32.91009,46.10443],[33.02745,46.11098],[33.0148,46.12163],[33.02946,46.13794],[33.02205,46.15218],[33.04047,46.1565],[33.13569,46.12464],[33.18465,46.15599],[33.1963,46.17398],[33.18762,46.19467],[33.19985,46.1878],[33.22461,46.21566],[33.20547,46.17381],[33.22785,46.1541],[33.20923,46.14359],[33.20312,46.10727],[33.22081,46.13286],[33.28401,46.13317],[33.31289,46.10931],[33.30254,46.09231],[33.28077,46.09665],[33.28445,46.07702],[33.31566,46.07619],[33.31306,46.10392],[33.33109,46.11452],[33.42108,46.03081],[33.46313,46.05018],[33.50173,46.02826],[33.51745,46.03117],[33.49193,46.05293],[33.4973,46.07529],[33.56711,46.07518],[33.51674,46.09841],[33.51032,46.12114],[33.54015,46.11944],[33.57879,46.15766],[33.61013,46.14359],[33.64252,46.07823],[33.61499,46.05347],[33.63255,45.96498],[33.6182,45.94604],[33.73986,45.95222],[33.75933,45.93434],[33.6815,45.90858],[33.68344,45.84378],[33.61379,45.89],[33.56776,45.869],[33.54356,45.83553],[33.4821,45.85305],[33.42057,45.83067],[33.4154,45.81143],[33.40971,45.8216],[33.35981,45.78741],[33.26477,45.75524],[33.21648,45.75393],[33.16738,45.78709],[33.1401,45.72019],[33.06864,45.70476],[32.89482,45.63065],[32.82451,45.59017],[32.84612,45.57439],[32.83124,45.54885],[32.80563,45.55381],[32.81762,45.53908],[32.76601,45.52876],[32.80307,45.55265],[32.78871,45.56194],[32.71232,45.529],[32.71055,45.51518],[32.69175,45.50982],[32.69179,45.52293],[32.58526,45.48072],[32.47928,45.39624],[32.51651,45.36951],[32.4947,45.34567],[32.65316,45.3151],[32.78046,45.3674],[32.90484,45.36158],[32.98287,45.32658],[32.9255,45.35874],[32.98515,45.36046],[32.98942,45.34725],[33.06541,45.38834],[33.09743,45.38551],[33.18845,45.44857],[33.20535,45.44278],[33.1687,45.43323],[33.1002,45.36983],[33.06344,45.3715],[33.04648,45.35031],[33.07049,45.34466],[33.0284,45.34099],[33.0385,45.32763],[33.02235,45.3078],[32.98805,45.32496],[33.15096,45.20214],[33.22601,45.17578],[33.25744,45.14855],[33.39844,45.19671],[33.49969,45.14415],[33.56175,45.08491],[33.60095,45.00772],[33.613,44.90513],[33.59801,44.84965],[33.55348,44.84016],[33.53349,44.79095],[33.54667,44.67532],[33.50954,44.62478],[33.592,44.61281],[33.53327,44.6165],[33.52879,44.60044],[33.52678,44.61798],[33.50769,44.62081],[33.47206,44.60133],[33.45179,44.60891],[33.44832,44.5955],[33.43941,44.60514],[33.42193,44.59357],[33.43658,44.57203],[33.41589,44.58754],[33.41173,44.56397],[33.40284,44.59097],[33.37856,44.583],[33.48698,44.49723],[33.61615,44.48761],[33.64989,44.42566],[33.70809,44.42071],[33.73806,44.38669],[33.86094,44.40671],[33.97077,44.39094],[34.12705,44.42834],[34.1691,44.49487],[34.25149,44.50645],[34.30612,44.55255],[34.34739,44.54771],[34.34954,44.58247],[34.37088,44.59171],[34.41706,44.67367],[34.46092,44.71258],[34.72289,44.80978],[34.91006,44.81536],[34.96857,44.84059],[35.03134,44.82969],[35.05129,44.81373],[35.0465,44.80076],[35.08234,44.79169],[35.13096,44.82268],[35.16076,44.89611],[35.24189,44.91955],[35.25638,44.96257],[35.32306,44.96911],[35.38552,44.94666],[35.35661,44.98517],[35.42591,45.01268],[35.38536,45.03073],[35.39003,45.05406],[35.44868,45.09914],[35.51838,45.12243],[35.59514,45.12943],[35.70768,45.10106],[35.80975,45.04349],[35.8119,45.02158],[35.83965,44.99868],[35.91243,45.01993],[35.9547,45.01249],[36.03018,45.04992],[36.22563,45.02799],[36.25246,45.05029],[36.37367,45.05878],[36.45403,45.09584],[36.42377,45.11319],[36.40214,45.213],[36.43735,45.26745],[36.42785,45.27666],[36.42888,45.25837],[36.41675,45.2833],[36.49462,45.31731],[36.4615,45.3374],[36.48605,45.36093],[36.54557,45.34522],[36.6257,45.36193],[36.64707,45.38211],[36.61045,45.40601],[36.59694,45.43748],[36.55488,45.42333],[36.46994,45.45741],[36.41372,45.44581],[36.34331,45.48392],[36.32452,45.47022],[36.29379,45.48162],[36.18492,45.47179],[36.08328,45.448],[36.05881,45.39112],[35.99037,45.36919],[35.88191,45.40894],[35.84591,45.4463],[35.87249,45.46622],[35.84193,45.47287],[35.81868,45.45848],[35.82206,45.43398],[35.74897,45.39362],[35.76273,45.37679],[35.71987,45.33439],[35.50781,45.28711],[35.32513,45.39243],[35.0337,45.68039],[34.87875,45.92902],[34.81656,46.14719],[34.79765,46.14475],[34.81399,46.15071],[34.80318,46.16],[34.81434,46.16149],[34.83232,46.20307],[34.89446,46.2377],[35.07694,46.27905],[35.13128,46.34598],[35.20237,46.38093],[35.21156,46.42282],[35.18182,46.45722],[35.17454,46.47639],[35.18575,46.48388],[35.20954,46.45925],[35.26934,46.43905],[35.27185,46.42079],[35.25228,46.40449],[35.26623,46.35371],[35.30475,46.35407],[35.31792,46.33119],[35.33288,46.35752],[35.35755,46.35942],[35.31915,46.31662],[35.29948,46.31397],[35.30339,46.29882],[35.22289,46.22119],[35.21492,46.1887],[35.08247,46.15394],[35.08761,46.14485],[35.06328,46.15173],[35.06875,46.13575],[35.03115,46.1383],[34.99003,46.10424],[35.00233,46.09396],[34.9881,46.09137],[34.99218,46.07871],[35.1138,46.11194],[35.18464,46.15106],[35.30146,46.29401],[35.44512,46.43561],[35.60421,46.4936],[35.71832,46.57905],[35.70998,46.59678],[35.72321,46.58556],[35.92169,46.65985],[36.20367,46.66737],[36.25525,46.62886],[36.2583,46.59629],[36.2667,46.62537],[36.27295,46.61231],[36.27867,46.62097],[36.26431,46.63744],[36.29447,46.63757],[36.2406,46.5706],[36.37051,46.70544],[36.64499,46.78125],[36.72241,46.77881],[36.81522,46.72791],[36.82768,46.69734],[36.77667,46.64648],[36.75073,46.6415],[36.76605,46.63173],[36.81984,46.68239],[36.89674,46.80819],[36.97205,46.85535],[37.16319,46.91354],[37.23481,46.9512],[37.31842,46.91304],[37.32691,46.88666],[37.51954,47.07178],[37.58019,47.08851],[37.57534,47.09881],[37.58688,47.07852],[37.6317,47.09513],[37.70576,47.07987],[37.89955,47.11074],[37.98318,47.08775],[37.97041,47.09391],[37.98341,47.09902],[38.03648,47.09058],[38.06282,47.11283],[38.10022,47.10256],[38.13118,47.07273],[38.13737,47.0559],[38.23134,47.1191],[38.34363,46.98434],[38.23458,46.90794],[38.11653,46.85905],[37.92631,46.83869],[37.79924,46.87028],[37.67718,46.87969],[37.60346,46.84413],[37.52036,46.77817],[37.39997,46.64271],[37.19162,46.17264],[37.14573,46.13341],[36.954,46.04972],[36.67779,46.02421],[36.69161,45.39682],[36.66983,45.36616],[36.57075,45.31086],[36.6404,45.25603],[36.50224,45.19289],[36.53547,45.14329],[36.72529,45.10172],[36.79527,44.81549],[36.77136,44.67445],[36.62309,44.47497],[36.57677,44.38879],[36.1797,43.47504],[36.1825,43.43444],[35.50694,43.43556],[34.21972,43.18806],[33.61556,43.19722],[32.0,43.34528],[31.34667,43.44972],[31.33082,43.43989],[31.40972,44.04806],[31.17436,44.73706],[30.97703,44.77742],[30.04083,45.08917],[29.99232,45.19123],[29.69028,45.18399],[29.68768,45.20797],[29.70674,45.21882],[29.72187,45.20896],[29.72757,45.22329],[29.68297,45.25818],[29.66977,45.2923],[29.6912,45.25384],[29.75726,45.22291],[29.73275,45.24183],[29.76592,45.32221],[29.7584,45.33842],[29.72646,45.34327],[29.76432,45.34062],[29.76114,45.40585],[29.74823,45.39272],[29.76675,45.41862],[29.75537,45.4438],[29.77358,45.45167],[29.77212,45.43431],[29.78139,45.46138],[29.64501,45.42119],[29.71793,45.44689],[29.72327,45.46993],[29.70901,45.45784],[29.68786,45.4669],[29.68156,45.45371],[29.6597,45.47632],[29.64999,45.4511],[29.60404,45.48137],[29.61679,45.47494],[29.64769,45.52864],[29.75962,45.6064],[29.74501,45.5997],[29.73633,45.6218],[29.77003,45.61432],[29.79351,45.64194],[29.78495,45.64938],[29.8303,45.64499],[29.892,45.68033],[29.8242,45.68167],[29.78922,45.73409],[29.82904,45.75703],[29.88101,45.75251],[29.88281,45.78739],[29.9076,45.75011],[29.93599,45.73762],[29.91528,45.7761],[29.92616,45.83809],[29.93414,45.78738],[29.95733,45.77045],[29.9742,45.8163],[29.96082,45.87485],[29.98147,45.90424],[30.00009,45.8909],[30.00377,45.84979],[30.06273,45.79805],[30.07458,45.82108],[30.09165,45.81766],[30.0921,45.85553],[30.11663,45.87856],[30.12317,45.91367],[30.14177,45.82151],[30.21913,45.86317],[30.30003,45.93206],[30.32333,45.95706],[30.30427,45.94068],[30.29019,45.97107],[30.38427,46.02502],[30.36948,46.0526],[30.39017,46.03636],[30.41288,46.05307],[30.40736,46.02919],[30.32344,45.9575],[30.47324,46.07436],[30.43232,46.07551],[30.37848,46.14174],[30.38103,46.18295],[30.35494,46.20234],[30.22868,46.23242],[30.14674,46.28158],[30.10143,46.33082]],[[36.2406,46.5706],[36.2192,46.54832],[36.22507,46.55126],[36.2406,46.5706]],[[36.2192,46.54832],[36.17034,46.52377],[36.15351,46.54184],[36.15706,46.51555],[36.10131,46.4907],[36.17567,46.50291],[36.2192,46.54832]],[[37.32691,46.88666],[37.32529,46.88509],[37.32715,46.88591],[37.32691,46.88666]],[[37.32529,46.88509],[37.28682,46.86812],[37.3114,46.87168],[37.32529,46.88509]],[[38.13737,47.0559],[38.10985,47.03735],[38.13821,47.05363],[38.13737,47.0559]],[[29.8303,45.64499],[29.77041,45.61062],[29.83417,45.64462],[29.8303,45.64499]],[[29.892,45.68033],[29.89438,45.68029],[30.13348,45.81788],[29.892,45.68033]],[[31.51613,46.36122],[31.51286,46.32446],[31.55558,46.27058],[31.64062,46.23326],[31.71806,46.22192],[31.64151,46.23543],[31.67712,46.24947],[31.61435,46.24616],[31.56443,46.26751],[31.53651,46.30151],[31.53294,46.36897],[31.51613,46.36122]],[[31.71806,46.22192],[31.74501,46.21715],[32.03025,46.17563],[31.71806,46.22192]],[[32.25274,46.49212],[32.27648,46.48408],[32.27052,46.48982],[32.25274,46.49212]],[[33.18602,46.78062],[33.29922,46.75397],[33.3396,46.77519],[33.18602,46.78062]],[[31.73031,46.42378],[31.75841,46.37769],[31.77498,46.37289],[31.76897,46.38315],[31.73031,46.42378]],[[32.54753,46.0691],[32.78634,46.02708],[33.08129,46.01295],[32.94246,46.0465],[32.91361,46.0363],[32.88147,46.04927],[32.87374,46.03761],[32.87912,46.05203],[32.85781,46.05532],[32.78376,46.03015],[32.54753,46.0691]],[[29.74219,45.48323],[29.72274,45.44831],[29.78573,45.4647],[29.76091,45.47099],[29.74388,45.46455],[29.75443,45.48917],[29.74219,45.48323]]],[[[34.79706,46.14441],[34.79998,46.12507],[34.81668,46.1317],[34.80514,46.1076],[34.81751,46.11655],[34.79069,46.07233],[34.75817,46.10556],[34.67454,46.10116],[34.71216,46.08351],[34.70812,46.04872],[34.76076,46.00976],[34.77079,46.04788],[34.80469,46.04576],[34.82542,45.97437],[34.83716,45.98069],[34.86385,45.93957],[34.83446,45.95104],[34.83732,45.93399],[34.82308,45.94233],[34.8475,45.9145],[34.82474,45.92399],[34.84723,45.90146],[34.81744,45.83315],[34.82606,45.81107],[34.81967,45.83201],[34.84985,45.82326],[34.833,45.81559],[34.86483,45.829],[34.87637,45.85707],[34.90399,45.86016],[35.00552,45.68026],[35.00615,45.70312],[35.08847,45.592],[35.09031,45.60323],[35.14864,45.55758],[35.31352,45.39619],[35.30648,45.38879],[35.32384,45.39043],[35.41784,45.30078],[35.41152,45.32109],[35.46483,45.29726],[35.45778,45.27426],[35.42156,45.2584],[35.38251,45.26007],[35.20424,45.34036],[35.12396,45.33839],[35.07339,45.37017],[35.02117,45.44079],[35.0233,45.40085],[35.01865,45.44137],[35.11005,45.48874],[35.07313,45.58245],[35.02825,45.63702],[34.99345,45.6514],[34.98087,45.68302],[34.9133,45.68054],[34.84725,45.72079],[34.87775,45.75041],[34.72215,45.72835],[34.78342,45.79177],[34.75131,45.82277],[34.72529,45.82556],[34.65731,45.79482],[34.67527,45.85637],[34.73634,45.878],[34.75106,45.85898],[34.77592,45.87718],[34.76553,45.8912],[34.66085,45.86846],[34.51979,45.78814],[34.51868,45.81932],[34.57442,45.86818],[34.5561,45.86449],[34.56312,45.88117],[34.58591,45.87171],[34.62495,45.88469],[34.64992,45.93232],[34.55337,45.98796],[34.57171,46.00275],[34.54872,46.00198],[34.6042,46.0272],[34.61668,46.05469],[34.6038,46.06418],[34.64368,46.09525],[34.62265,46.10731],[34.63571,46.11063],[34.6018,46.14963],[34.60342,46.17154],[34.68187,46.18408],[34.76383,46.17437],[34.74546,46.16296],[34.76059,46.14619],[34.76262,46.15208],[34.7714,46.14527],[34.79136,46.14906],[34.77979,46.13448],[34.79706,46.14441]],[[34.76553,45.8912],[34.7694,45.89204],[34.76027,45.89829],[34.76553,45.8912]],[[34.7694,45.89204],[34.77908,45.88542],[34.7768,45.89364],[34.7694,45.89204]],[[34.7768,45.89364],[34.78843,45.89616],[34.7747,45.90125],[34.7768,45.89364]],[[34.79079,45.89667],[34.78986,45.89563],[34.77692,45.87868],[34.79079,45.89667]],[[34.68754,46.01157],[34.7378,45.96715],[34.7331,45.98203],[34.75764,45.98045],[34.76258,46.00059],[34.7268,45.99366],[34.68754,46.01157]],[[34.75764,45.98045],[34.75507,45.96999],[34.75858,45.98039],[34.75764,45.98045]],[[34.74544,45.95358],[34.75305,45.93438],[34.75884,45.94494],[34.75769,45.92247],[34.78064,45.90773],[34.75547,45.95143],[34.74544,45.95358]],[[35.36114,45.34965],[35.35979,45.34758],[35.36679,45.33694],[35.36114,45.34965]]],[[[32.34825,46.55015],[32.41304,46.55498],[32.38636,46.54744],[32.34825,46.55015]]],[[[32.52505,46.53829],[32.47503,46.51506],[32.50831,46.53895],[32.52505,46.53829]]],[[[32.47503,46.51506],[32.46009,46.50433],[32.36904,46.49619],[32.38938,46.50023],[32.41245,46.52284],[32.39972,46.50379],[32.47503,46.51506]]],[[[32.36904,46.49619],[32.32987,46.48841],[32.31961,46.49174],[32.36904,46.49619]]],[[[34.79765,46.14475],[34.79706,46.14441],[34.79702,46.14467],[34.79765,46.14475]]],[[[34.76262,46.15208],[34.76065,46.1536],[34.76336,46.15425],[34.76262,46.15208]]],[[[34.76721,46.15518],[34.7692,46.17117],[34.78177,46.16292],[34.76721,46.15518]]],[[[34.76721,46.15518],[34.79973,46.16296],[34.80318,46.16],[34.76721,46.15518]]],[[[31.9546,46.44592],[31.9593,46.4461],[31.96298,46.44486],[31.9546,46.44592]]],[[[31.94092,46.45227],[31.97031,46.44651],[31.9593,46.4461],[31.94092,46.45227]]],[[[32.32211,46.46746],[32.32306,46.46736],[32.3225,46.46723],[32.32211,46.46746]]],[[[32.32306,46.46736],[32.42649,46.49206],[32.36606,46.46298],[32.32306,46.46736]]],[[[31.77005,47.27338],[31.7768,47.28096],[31.77737,47.28062],[31.77005,47.27338]]],[[[31.72716,47.3103],[31.77867,47.28306],[31.7768,47.28096],[31.72716,47.3103]]],[[[32.48964,46.56912],[32.52868,46.55629],[32.52141,46.55321],[32.48964,46.56912]]]]}},{"id":"72","type":"Feature","properties":{"zone_id":"FR01_OFF","name":"France Offshore Node 01","parent_zone":"FR00_OFF","level":"PEOF","area_km2":31218.64},"geometry":{"type":"MultiPolygon","coordinates":[[[[-0.31203,44.91053],[-0.29445,44.88966],[-0.28873,44.89094],[-0.29671,44.88791],[-0.31203,44.91053]]],[[[-0.44044,44.70773],[-0.39567,44.70358],[-0.40331,44.68786],[-0.37675,44.68717],[-0.33316,44.6486],[-0.37797,44.68626],[-0.40485,44.68685],[-0.39632,44.70248],[-0.44044,44.70773]]],[[[-0.47357,44.73063],[-0.45351,44.72398],[-0.44044,44.70773],[-0.47357,44.73063]]],[[[-0.78731,45.31114],[-0.69411,45.22916],[-0.66737,45.12511],[-0.61657,45.05592],[-0.47569,45.00244],[-0.441,44.93611],[-0.39905,44.95003],[-0.33893,44.93312],[-0.40475,44.94607],[-0.44497,44.9342],[-0.48161,44.99858],[-0.60652,45.04177],[-0.5363,44.97847],[-0.54656,44.92257],[-0.53315,44.88103],[-0.56527,44.84504],[-0.51996,44.80287],[-0.50902,44.7551],[-0.47357,44.73063],[-0.5102,44.74277],[-0.53263,44.81201],[-0.56938,44.84514],[-0.53907,44.87995],[-0.55476,44.93025],[-0.54573,44.97746],[-0.68583,45.083],[-0.78731,45.31114]],[[-0.67881,45.09642],[-0.66956,45.07647],[-0.60214,45.02384],[-0.67881,45.09642]],[[-0.71738,45.20131],[-0.7065,45.17926],[-0.7061,45.21268],[-0.71738,45.20131]]],[[[-1.06812,45.51888],[-1.03795,45.53511],[-1.06253,45.55798],[-0.92177,45.43209],[-1.00337,45.4637],[-1.06812,45.51888]]],[[[-1.28733,43.50051],[-1.19368,43.54595],[-1.27731,43.50278],[-1.28733,43.50051]]],[[[-1.46353,43.49152],[-1.44988,43.48613],[-1.2971,43.49829],[-1.4512,43.48374],[-1.46353,43.49152]]],[[[-1.48825,43.50708],[-1.46353,43.49152],[-1.48614,43.50043],[-1.48825,43.50708]]],[[[-5.36388,45.27993],[-1.13919,45.62624],[-1.07425,45.56843],[-1.08923,45.56463],[-1.15594,45.47129],[-1.16169,45.29885],[-1.26034,44.63247],[-1.24497,44.62149],[-1.22838,44.70055],[-1.1724,44.74512],[-1.17048,44.7668],[-1.09651,44.73713],[-1.04526,44.69904],[-1.06883,44.69494],[-1.01957,44.66778],[-1.02929,44.64306],[-1.03715,44.65469],[-1.07422,44.64201],[-1.19161,44.66053],[-1.21316,44.59673],[-1.25689,44.53546],[-1.25065,44.48682],[-1.30801,44.16321],[-1.44634,43.64532],[-1.53375,43.53138],[-1.49395,43.52499],[-1.48825,43.50708],[-1.52219,43.52843],[-1.6001,43.43119],[-1.77388,43.38894],[-1.77434,43.47724],[-1.80222,43.59528],[-1.85833,43.66111],[-1.925,43.72917],[-2.19028,43.89028],[-2.425,44.21667],[-2.60528,44.41111],[-2.70833,44.5],[-2.95,44.66389],[-3.17222,44.86667],[-5.36388,45.27993]]]]}},{"id":"73","type":"Feature","properties":{"zone_id":"FR02_OFF","name":"France Offshore Node 02","parent_zone":"FR00_OFF","level":"PEOF","area_km2":7629.11},"geometry":{"type":"Polygon","coordinates":[[[2.94968,42.83374],[3.001,42.87378],[3.01082,42.92777],[3.01642,42.89488],[3.04863,42.90226],[3.02989,42.85494],[3.05439,42.87322],[3.06038,42.9196],[3.03408,42.93437],[3.04285,42.96796],[3.03164,42.9625],[3.07069,43.0119],[3.06021,43.02667],[3.08027,43.05594],[3.03231,43.06494],[3.03122,43.10115],[3.08454,43.06337],[3.10276,43.08477],[3.08674,43.05933],[3.13625,43.12839],[3.20252,43.18574],[3.1951,43.207],[3.21154,43.19425],[3.34156,43.26818],[3.3365,43.28186],[3.34691,43.27098],[3.42696,43.29054],[3.48223,43.27347],[3.50944,43.28344],[3.507,43.26767],[3.63722,43.38055],[3.71533,43.39846],[3.90577,43.5179],[4.03427,43.55628],[4.09518,43.54794],[4.26652,42.63721],[4.14071,42.72218],[3.87024,42.7496],[3.23617,42.44849],[3.17774,42.4343],[3.15537,42.47771],[3.13076,42.48501],[3.13613,42.49992],[3.12306,42.50519],[3.14215,42.51592],[3.0989,42.52239],[3.0444,42.58619],[3.03387,42.67273],[3.05406,42.87179],[3.0181,42.83697],[3.01977,42.80457],[2.98172,42.80052],[2.96301,42.83445],[2.94968,42.83374]]]}},{"id":"74","type":"Feature","properties":{"zone_id":"FR03_OFF","name":"France Offshore Node 03","parent_zone":"FR00_OFF","level":"PEOF","area_km2":80001.62},"geometry":{"type":"MultiPolygon","coordinates":[[[[4.09518,43.54794],[4.12883,43.54332],[4.14095,43.52863],[4.11505,43.5043],[4.17331,43.46946],[4.40197,43.44705],[4.53172,43.45197],[4.59064,43.41867],[4.59172,43.40254],[4.55471,43.3843],[4.5801,43.36193],[4.65992,43.34519],[4.77277,43.3487],[4.83799,43.33065],[4.8234,43.36897],[4.73173,43.42706],[4.74886,43.47139],[4.7169,43.54237],[4.65872,43.59052],[4.65317,43.6155],[4.5962,43.65158],[4.62655,43.68062],[4.61084,43.72329],[4.65005,43.79195],[4.65028,43.80532],[4.65365,43.79823],[4.61354,43.72544],[4.62958,43.68061],[4.6016,43.64891],[4.65488,43.6182],[4.66906,43.5844],[4.71726,43.54831],[4.75205,43.47503],[4.73728,43.42763],[4.83566,43.36755],[4.84625,43.33482],[4.8807,43.35676],[4.83329,43.37481],[4.87254,43.39015],[4.83932,43.39354],[4.83746,43.40526],[4.85934,43.40208],[4.82894,43.42906],[4.87701,43.41065],[4.84932,43.45157],[4.88229,43.41947],[4.90521,43.4299],[4.88565,43.41414],[4.89289,43.40462],[4.93317,43.43273],[4.96853,43.42577],[4.97798,43.40013],[5.05927,43.40635],[5.05157,43.46425],[5.00062,43.4754],[5.02083,43.55614],[5.04618,43.52208],[5.11422,43.5228],[5.14132,43.45927],[5.15778,43.45482],[5.20643,43.49207],[5.22954,43.46597],[5.22868,43.44829],[5.19787,43.45101],[5.20426,43.44203],[5.13007,43.39754],[4.98739,43.3952],[5.0412,43.32779],[5.22524,43.32788],[5.31419,43.36027],[5.33257,43.33991],[5.31798,43.3473],[5.37349,43.29452],[5.34531,43.28225],[5.376,43.26075],[5.33777,43.21346],[5.45583,43.21105],[5.49961,43.1959],[5.53751,43.21215],[5.57051,43.17354],[5.60511,43.16023],[5.62373,43.18668],[5.68667,43.17908],[5.69476,43.14355],[5.77073,43.13837],[5.78057,43.12879],[5.76604,43.11531],[5.81082,43.11191],[5.79441,43.06991],[5.82975,43.04852],[5.8589,43.0454],[5.8901,43.07781],[5.94691,43.06711],[5.94086,43.08413],[5.89581,43.08172],[5.91066,43.1003],[5.8854,43.11625],[5.92446,43.12284],[5.92545,43.10197],[6.00686,43.10341],[6.02427,43.09429],[6.0219,43.0782],[6.11648,43.08295],[6.13119,43.04623],[6.09403,43.0403],[6.09544,43.02786],[6.15953,43.02736],[6.17406,43.03274],[6.15281,43.03651],[6.15504,43.07797],[6.20568,43.11648],[6.27634,43.12068],[6.32193,43.09163],[6.36451,43.08598],[6.35989,43.121],[6.38634,43.14468],[6.49361,43.14991],[6.56062,43.18883],[6.60001,43.18292],[6.62068,43.15786],[6.63336,43.1726],[6.64768,43.16629],[6.64292,43.18718],[6.68106,43.20008],[6.66259,43.23842],[6.69734,43.26553],[6.67796,43.27886],[6.66395,43.26463],[6.63824,43.2739],[6.59245,43.26207],[6.58335,43.27751],[6.67143,43.31229],[6.67969,43.3404],[6.71668,43.34736],[6.7318,43.41081],[6.76148,43.42413],[6.78826,43.40792],[6.85592,43.41134],[6.85954,43.43339],[6.87867,43.42465],[6.92425,43.45084],[6.93226,43.48367],[6.95686,43.49693],[6.93788,43.51448],[6.95916,43.54013],[7.02216,43.54941],[7.03828,43.53472],[7.09676,43.5709],[7.12109,43.55933],[7.11929,43.54258],[7.13782,43.54522],[7.12689,43.60763],[7.15747,43.65317],[7.21274,43.64746],[7.24062,43.68746],[7.30582,43.68475],[7.31434,43.70619],[7.33216,43.67429],[7.35004,43.68619],[7.33037,43.69887],[7.34033,43.71251],[7.41979,43.72528],[7.72389,42.94639],[7.75694,42.96639],[7.4406,43.74984],[7.46105,43.75972],[7.48751,43.74884],[7.48985,43.76639],[7.52714,43.78453],[7.53806,43.74417],[7.61222,43.64528],[7.67222,43.42528],[7.84028,43.12389],[8.08167,43.12389],[8.45972,43.25333],[8.73722,43.46139],[8.99944,43.55361],[9.57056,43.27528],[9.61417,43.06556],[9.55833,42.955],[9.74583,42.7725],[9.78306,42.62583],[9.80306,42.3375],[9.83861,42.23056],[9.95167,42.06417],[10.055,41.95222],[10.14333,41.7775],[10.21833,41.71056],[10.21833,41.55361],[9.71694,41.43361],[9.45,41.40639],[9.31667,41.33611],[9.27,41.29194],[9.13472,41.31806],[8.775,41.25],[8.65972,41.26472],[8.30472,41.4875],[7.68917,41.655],[6.93028,41.81583],[5.88972,41.24333],[5.7753,41.30857],[5.32094,41.47211],[4.9991,41.9163],[4.54375,42.44867],[4.26652,42.63721],[4.09518,43.54794]],[[4.8807,43.35676],[4.88353,43.35568],[4.91223,43.37681],[4.8807,43.35676]],[[8.53476,42.37243],[8.55746,42.36009],[8.55247,42.3332],[8.61488,42.34966],[8.62736,42.33229],[8.59675,42.31705],[8.60454,42.30557],[8.66129,42.30155],[8.69086,42.27742],[8.68751,42.26342],[8.53806,42.23626],[8.57326,42.22811],[8.56595,42.20495],[8.58213,42.20611],[8.5858,42.18022],[8.56059,42.17218],[8.5937,42.16925],[8.55748,42.14536],[8.59101,42.14904],[8.57934,42.12796],[8.61565,42.13333],[8.65882,42.10077],[8.69761,42.11403],[8.71577,42.06356],[8.74846,42.04942],[8.6556,42.01001],[8.65871,41.99169],[8.67674,41.98939],[8.64955,41.96915],[8.59234,41.96236],[8.62347,41.93544],[8.60766,41.89357],[8.64166,41.90963],[8.71836,41.90705],[8.74851,41.93388],[8.79298,41.91652],[8.80437,41.89244],[8.7782,41.88327],[8.78899,41.85076],[8.74902,41.84494],[8.78409,41.8324],[8.77425,41.8123],[8.71205,41.80221],[8.73262,41.77977],[8.65869,41.74122],[8.70655,41.73841],[8.70921,41.72158],[8.77587,41.74091],[8.77131,41.71308],[8.78387,41.70792],[8.81279,41.7144],[8.91904,41.68581],[8.88306,41.67161],[8.87065,41.64566],[8.79429,41.63229],[8.77385,41.59148],[8.80376,41.5753],[8.78317,41.56695],[8.78772,41.55652],[8.85318,41.54656],[8.84245,41.51808],[8.87789,41.52424],[8.88313,41.5049],[8.91684,41.5074],[8.92065,41.48839],[8.96064,41.49142],[8.98178,41.47319],[8.99374,41.48749],[9.01902,41.47959],[9.02384,41.4616],[9.03791,41.47148],[9.04122,41.45616],[9.07829,41.4763],[9.07067,41.44588],[9.12459,41.44348],[9.09322,41.39398],[9.13277,41.39927],[9.18029,41.36537],[9.22038,41.36593],[9.25953,41.41314],[9.25809,41.4283],[9.21995,41.40516],[9.22898,41.42578],[9.21349,41.43964],[9.27828,41.46404],[9.26645,41.47031],[9.2884,41.49234],[9.26617,41.49859],[9.28505,41.51681],[9.27398,41.53155],[9.34349,41.55888],[9.36777,41.58944],[9.3199,41.60493],[9.29245,41.58154],[9.28166,41.59749],[9.30717,41.62806],[9.35525,41.61667],[9.3486,41.63765],[9.38624,41.64537],[9.38132,41.66369],[9.3969,41.66915],[9.37262,41.6785],[9.40115,41.69229],[9.40827,41.71343],[9.39705,41.87611],[9.41608,41.9302],[9.39938,41.9514],[9.41231,41.93925],[9.42089,41.96732],[9.54902,42.10333],[9.5606,42.28243],[9.53256,42.36748],[9.54309,42.42755],[9.52905,42.55995],[9.44758,42.65712],[9.46566,42.7573],[9.49266,42.80558],[9.45229,42.96291],[9.46398,42.98607],[9.42206,43.01174],[9.3431,43.00014],[9.35455,42.91696],[9.32187,42.8982],[9.34017,42.86534],[9.30966,42.83358],[9.34256,42.79729],[9.34521,42.73537],[9.30055,42.67586],[9.22211,42.73556],[9.12368,42.73263],[9.05845,42.69611],[9.06008,42.66158],[9.01588,42.64087],[8.94694,42.63317],[8.93373,42.64673],[8.91257,42.62916],[8.88012,42.62931],[8.86966,42.60827],[8.79866,42.60269],[8.80504,42.57197],[8.78395,42.55682],[8.75554,42.57165],[8.72782,42.56191],[8.72456,42.58453],[8.7065,42.57019],[8.72267,42.55539],[8.71015,42.53597],[8.71942,42.52521],[8.66865,42.51744],[8.64887,42.47975],[8.67987,42.46949],[8.66776,42.44574],[8.64821,42.44386],[8.66326,42.43346],[8.65567,42.41704],[8.60787,42.41731],[8.60848,42.38625],[8.53476,42.37243]],[[7.03091,43.5218],[7.04497,43.51504],[7.07094,43.51752],[7.04562,43.52392],[7.03091,43.5218]],[[6.43839,43.00346],[6.49147,43.04057],[6.50823,43.05261],[6.47338,43.04868],[6.44531,43.02522],[6.43839,43.00346]],[[6.37258,43.00209],[6.40315,42.99306],[6.42059,43.01368],[6.37258,43.00209]],[[6.15994,43.00099],[6.19768,42.98177],[6.25256,43.00373],[6.24121,43.02498],[6.21137,43.00215],[6.18551,43.00834],[6.15994,43.00099]],[[5.29202,43.2809],[5.30286,43.27777],[5.29082,43.2614],[5.31246,43.28595],[5.29202,43.2809]]],[[[5.33257,43.33991],[5.34213,43.33506],[5.35419,43.31636],[5.35252,43.31779],[5.33257,43.33991]]],[[[4.64356,43.80461],[4.6483,43.80671],[4.6484,43.79516],[4.64356,43.80461]]],[[[4.64939,43.80719],[4.65032,43.8076],[4.65028,43.80532],[4.64939,43.80719]]]]}},{"id":"75","type":"Feature","properties":{"zone_id":"FR04_OFF","name":"France Offshore Node 04","parent_zone":"FR00_OFF","level":"PEOF","area_km2":92714.17},"geometry":{"type":"MultiPolygon","coordinates":[[[[-1.00366,45.94177],[-1.00032,45.9672],[-0.99114,45.96805],[-1.00366,45.94177]]],[[[-1.03033,45.96439],[-0.99983,45.97093],[-1.00032,45.9672],[-1.03033,45.96439]]],[[[-9.57029,46.77829],[-1.99524,47.03995],[-1.98148,47.02736],[-2.03201,47.01078],[-2.05835,46.95076],[-2.12709,46.89372],[-2.15414,46.8899],[-2.14311,46.8199],[-2.01537,46.74517],[-1.96847,46.69294],[-1.94328,46.69483],[-1.85595,46.60843],[-1.80573,46.4889],[-1.77883,46.49298],[-1.6536,46.42082],[-1.51435,46.40388],[-1.46771,46.34255],[-1.36648,46.34536],[-1.27933,46.28548],[-1.31159,46.3316],[-1.20639,46.26692],[-1.21228,46.28166],[-1.18853,46.30677],[-1.13442,46.30539],[-1.12094,46.32434],[-1.08728,46.31746],[-1.12153,46.32262],[-1.13249,46.3005],[-1.12351,46.26356],[-1.20047,46.21239],[-1.20277,46.18805],[-1.24157,46.16224],[-1.20668,46.14571],[-1.15371,46.15496],[-1.17567,46.13791],[-1.12758,46.1263],[-1.12464,46.11204],[-1.14343,46.1063],[-1.10096,46.09412],[-1.08992,46.05348],[-1.06018,46.04448],[-1.05767,45.99591],[-1.12636,46.00382],[-1.08412,45.97892],[-1.0799,45.95974],[-1.03033,45.96439],[-1.09797,45.94986],[-1.07638,45.93484],[-1.07878,45.90186],[-1.12278,45.85805],[-1.17008,45.85535],[-1.12737,45.79065],[-1.00237,45.7134],[-1.14839,45.79991],[-1.21386,45.7935],[-1.24435,45.78152],[-1.22858,45.67418],[-1.17926,45.67514],[-1.22226,45.68091],[-1.2298,45.69268],[-1.21004,45.69669],[-1.11497,45.64567],[-1.01793,45.62022],[-1.01305,45.59994],[-0.99199,45.59569],[-0.9927,45.57646],[-0.91567,45.55008],[-0.79892,45.45937],[-0.7274,45.35811],[-0.70151,45.25787],[-0.72292,45.25299],[-0.78731,45.31114],[-0.80256,45.34528],[-0.92177,45.43209],[-1.06253,45.55798],[-1.05993,45.57207],[-1.07425,45.56843],[-1.13919,45.62624],[-5.36388,45.27993],[-8.63306,45.80889],[-8.94083,46.0525],[-9.30972,46.42306],[-9.57029,46.77829]],[[-1.11747,45.95192],[-1.10203,45.9527],[-1.11393,45.96269],[-1.11747,45.95192]],[[-1.17297,46.0103],[-1.15335,46.01873],[-1.16864,46.02582],[-1.17297,46.0103]],[[-1.40682,46.04908],[-1.38458,45.94692],[-1.26749,45.87897],[-1.23761,45.80154],[-1.20002,45.8266],[-1.20695,45.8492],[-1.18743,45.88526],[-1.20124,45.89581],[-1.19356,45.90613],[-1.23126,45.9247],[-1.23634,45.98503],[-1.31541,45.99361],[-1.36847,46.0387],[-1.40682,46.04908]],[[-1.56168,46.24484],[-1.53623,46.20167],[-1.50463,46.19271],[-1.46196,46.20226],[-1.30952,46.14096],[-1.27802,46.14365],[-1.25301,46.16577],[-1.27492,46.16074],[-1.29168,46.18712],[-1.31636,46.18713],[-1.36386,46.2087],[-1.43012,46.20651],[-1.4419,46.21492],[-1.41455,46.23128],[-1.4698,46.23047],[-1.45551,46.22439],[-1.48635,46.20467],[-1.5144,46.22121],[-1.47465,46.23161],[-1.48126,46.24808],[-1.51291,46.25945],[-1.53255,46.2465],[-1.56168,46.24484]],[[-2.30784,47.02552],[-2.29059,47.01101],[-2.30261,46.98974],[-2.26045,46.95759],[-2.20355,46.95524],[-2.1618,46.89913],[-2.14775,46.89494],[-2.14812,46.93874],[-2.23193,46.97449],[-2.21965,47.01132],[-2.25825,47.0291],[-2.30784,47.02552]],[[-2.40225,46.72556],[-2.38444,46.69948],[-2.27957,46.6891],[-2.29412,46.70307],[-2.37732,46.7359],[-2.40225,46.72556]]]]}},{"id":"76","type":"Feature","properties":{"zone_id":"FR08_OFF","name":"France Offshore Node 08","parent_zone":"FR00_OFF","level":"PEOF","area_km2":108999.5},"geometry":{"type":"MultiPolygon","coordinates":[[[[-4.36582,48.4002],[-4.2906,48.43449],[-4.34685,48.4059],[-4.36582,48.4002]]],[[[-4.60744,48.57427],[-4.52362,48.55466],[-4.59195,48.55413],[-4.59515,48.57073],[-4.60744,48.57427]]],[[[-4.61064,48.57502],[-4.61058,48.57517],[-4.60744,48.57427],[-4.61064,48.57502]]],[[[-4.5519,48.59817],[-4.54264,48.59899],[-4.48329,48.57274],[-4.5519,48.59817]]],[[[-3.95093,48.63574],[-3.95091,48.65297],[-3.95043,48.65326],[-3.95093,48.63574]]],[[[-9.87728,47.4354],[-9.60981,48.09892],[-5.69783,49.199],[-5.34589,49.21567],[-5.18478,49.24011],[-4.54558,49.38625],[-4.36419,49.45542],[-3.93114,49.53458],[-3.67436,49.54651],[-3.4136,49.39082],[-2.77722,49.27972],[-2.55917,49.22083],[-2.52533,49.0595],[-2.52533,48.92783],[-2.24167,48.87217],[-1.98333,48.88333],[-1.98333,48.94167],[-1.94283,48.96467],[-1.9222,48.98966],[-1.56971,48.63985],[-1.59696,48.64252],[-1.65109,48.61477],[-1.77711,48.60396],[-1.83753,48.61365],[-1.86803,48.64241],[-1.86263,48.66693],[-1.83503,48.68041],[-1.84367,48.71307],[-1.90036,48.6906],[-1.93797,48.70335],[-1.95991,48.69099],[-1.94709,48.68305],[-1.99057,48.68369],[-1.98896,48.66448],[-2.02925,48.65058],[-2.01981,48.6395],[-2.03169,48.63398],[-2.00355,48.61286],[-2.01283,48.59832],[-1.96162,48.59124],[-1.95514,48.57484],[-1.9868,48.58424],[-1.97743,48.55615],[-1.96172,48.55252],[-1.97131,48.53547],[-2.01063,48.56951],[-1.99324,48.57758],[-2.03009,48.60494],[-2.02923,48.62373],[-2.05426,48.62654],[-2.04741,48.63945],[-2.09434,48.63399],[-2.11209,48.64838],[-2.15019,48.63573],[-2.1257,48.60663],[-2.14676,48.6206],[-2.1778,48.57677],[-2.19552,48.61062],[-2.19175,48.59335],[-2.21333,48.57352],[-2.2122,48.5914],[-2.25538,48.63501],[-2.24191,48.6453],[-2.3142,48.61075],[-2.32972,48.62272],[-2.28332,48.66845],[-2.31098,48.67123],[-2.31843,48.68865],[-2.39627,48.64277],[-2.48958,48.64604],[-2.46714,48.63368],[-2.47953,48.61793],[-2.55384,48.60008],[-2.63216,48.52575],[-2.68222,48.53287],[-2.68749,48.50003],[-2.71027,48.53389],[-2.72334,48.53078],[-2.713,48.55521],[-2.82347,48.59744],[-2.8183,48.65],[-2.94665,48.72352],[-2.92778,48.75527],[-2.95213,48.7721],[-2.98949,48.76288],[-3.02678,48.77481],[-3.00865,48.78199],[-3.04315,48.78444],[-3.00352,48.79872],[-3.00848,48.8205],[-3.07364,48.81993],[-3.10012,48.76907],[-3.14738,48.73926],[-3.07046,48.83205],[-3.09729,48.83314],[-3.07316,48.86629],[-3.09572,48.86783],[-3.07145,48.88468],[-3.18351,48.84529],[-3.22383,48.79648],[-3.22031,48.77274],[-3.25414,48.75144],[-3.22569,48.77024],[-3.22634,48.79758],[-3.20272,48.82451],[-3.20045,48.83772],[-3.21847,48.83407],[-3.2057,48.84728],[-3.22326,48.87132],[-3.26461,48.83434],[-3.29572,48.85432],[-3.28407,48.84584],[-3.29233,48.83093],[-3.32273,48.83817],[-3.41004,48.79917],[-3.44103,48.79911],[-3.42905,48.82206],[-3.46008,48.81697],[-3.47676,48.83871],[-3.50223,48.82432],[-3.51051,48.83422],[-3.4962,48.83877],[-3.52052,48.84079],[-3.55823,48.81347],[-3.53976,48.80872],[-3.54373,48.7983],[-3.59059,48.80711],[-3.56975,48.79157],[-3.58448,48.79094],[-3.58575,48.75724],[-3.56306,48.75922],[-3.5513,48.73301],[-3.53133,48.73272],[-3.58798,48.72676],[-3.5725,48.6754],[-3.61027,48.67052],[-3.6228,48.68715],[-3.64978,48.66718],[-3.64354,48.6977],[-3.67956,48.68753],[-3.82364,48.72012],[-3.82216,48.70293],[-3.832,48.71516],[-3.85708,48.69141],[-3.84729,48.66185],[-3.86546,48.67086],[-3.841,48.62795],[-3.85361,48.62006],[-3.8967,48.64573],[-3.90548,48.66212],[-3.88952,48.67091],[-3.9244,48.67534],[-3.95043,48.65326],[-3.94985,48.67343],[-3.97063,48.67422],[-3.95774,48.68845],[-3.9759,48.69913],[-3.96138,48.72057],[-3.98214,48.72963],[-3.99894,48.71214],[-4.0099,48.72827],[-4.0415,48.70345],[-4.07227,48.70674],[-4.05889,48.69786],[-4.06581,48.68178],[-4.10018,48.69702],[-4.18808,48.68792],[-4.22575,48.65822],[-4.20187,48.65227],[-4.27538,48.65035],[-4.29975,48.63394],[-4.31187,48.64554],[-4.29585,48.66539],[-4.33046,48.67739],[-4.3977,48.65549],[-4.43959,48.65978],[-4.40664,48.63936],[-4.43608,48.64368],[-4.43238,48.63152],[-4.4494,48.64503],[-4.46332,48.62753],[-4.5015,48.62141],[-4.54349,48.63715],[-4.5614,48.6312],[-4.54263,48.62473],[-4.57235,48.62489],[-4.57322,48.60538],[-4.55566,48.6099],[-4.5631,48.60232],[-4.5519,48.59817],[-4.59345,48.59448],[-4.58539,48.60282],[-4.59805,48.60879],[-4.61058,48.57517],[-4.69484,48.57631],[-4.70878,48.56925],[-4.70448,48.552],[-4.73136,48.55627],[-4.76524,48.53178],[-4.75959,48.52064],[-4.7837,48.5171],[-4.76713,48.51016],[-4.77879,48.4845],[-4.74648,48.47144],[-4.7721,48.46367],[-4.79609,48.41517],[-4.76273,48.38242],[-4.76877,48.36535],[-4.78829,48.37011],[-4.76003,48.36222],[-4.78056,48.35905],[-4.77411,48.32995],[-4.70996,48.32981],[-4.68006,48.3558],[-4.60819,48.33758],[-4.496,48.37974],[-4.43543,48.38274],[-4.4306,48.39737],[-4.40129,48.38955],[-4.36582,48.4002],[-4.4072,48.3813],[-4.45933,48.32667],[-4.39803,48.34155],[-4.41693,48.32391],[-4.37854,48.32509],[-4.34808,48.35272],[-4.34619,48.34187],[-4.32513,48.35544],[-4.32999,48.3382],[-4.26294,48.35788],[-4.32115,48.33462],[-4.3033,48.33012],[-4.33922,48.31161],[-4.24874,48.32636],[-4.28194,48.31211],[-4.19255,48.29614],[-4.27898,48.27755],[-4.24058,48.25344],[-4.21655,48.26059],[-4.13808,48.23672],[-4.21064,48.2433],[-4.21728,48.25867],[-4.24412,48.25077],[-4.2863,48.27401],[-4.26201,48.29258],[-4.28063,48.29712],[-4.38442,48.27542],[-4.45225,48.29716],[-4.50998,48.28098],[-4.51472,48.29446],[-4.49506,48.30693],[-4.50821,48.31082],[-4.53459,48.28479],[-4.55556,48.30165],[-4.5313,48.33984],[-4.55587,48.33856],[-4.58405,48.31929],[-4.57031,48.28264],[-4.62924,48.28022],[-4.6168,48.27529],[-4.62284,48.25198],[-4.54529,48.25016],[-4.57491,48.23548],[-4.55284,48.20931],[-4.56048,48.16934],[-4.53946,48.16976],[-4.49354,48.21993],[-4.4993,48.23182],[-4.42824,48.23754],[-4.43768,48.22359],[-4.30387,48.19562],[-4.29663,48.15881],[-4.27261,48.15268],[-4.28638,48.10429],[-4.30629,48.08946],[-4.36304,48.10988],[-4.41747,48.10742],[-4.54751,48.07761],[-4.66545,48.0731],[-4.67271,48.06168],[-4.71607,48.06541],[-4.70631,48.0459],[-4.74132,48.04011],[-4.697,48.02516],[-4.63307,48.0292],[-4.56707,47.99808],[-4.54066,48.01005],[-4.53001,48.037],[-4.49538,48.03969],[-4.53049,48.0356],[-4.53624,48.01059],[-4.45127,47.98101],[-4.38506,47.92248],[-4.34637,47.84293],[-4.39051,47.81196],[-4.37344,47.81077],[-4.38093,47.79403],[-4.17805,47.7967],[-4.15766,47.83078],[-4.18312,47.83575],[-4.19472,47.86433],[-4.1756,47.85453],[-4.19002,47.87265],[-4.17747,47.87777],[-4.15991,47.85803],[-4.16972,47.83807],[-4.11223,47.8617],[-4.13233,47.89125],[-4.17502,47.9039],[-4.14567,47.89696],[-4.14368,47.90801],[-4.09968,47.8617],[-4.07314,47.86707],[-4.03973,47.84317],[-3.97721,47.85185],[-3.98883,47.8824],[-3.97118,47.89171],[-3.99098,47.89503],[-3.97758,47.9082],[-3.97211,47.89525],[-3.94802,47.89835],[-3.93138,47.87058],[-3.91159,47.87106],[-3.90425,47.85697],[-3.92036,47.85477],[-3.88753,47.84907],[-3.90311,47.83385],[-3.85675,47.80513],[-3.85709,47.79004],[-3.744,47.79523],[-3.74879,47.84018],[-3.73278,47.80253],[-3.69575,47.83042],[-3.68353,47.82076],[-3.72341,47.79817],[-3.67795,47.77525],[-3.53856,47.76215],[-3.51885,47.80276],[-3.52892,47.76575],[-3.45289,47.69531],[-3.38381,47.70151],[-3.36697,47.71635],[-3.39879,47.73246],[-3.36662,47.72577],[-3.34923,47.74023],[-3.37909,47.79093],[-3.34431,47.73936],[-3.28711,47.77194],[-3.36561,47.71041],[-3.31018,47.70894],[-3.28047,47.6882],[-3.32526,47.70226],[-3.35557,47.69916],[-3.36172,47.68341],[-3.31914,47.69626],[-3.21439,47.64404],[-3.21607,47.67148],[-3.19786,47.68298],[-3.21456,47.69539],[-3.19911,47.68699],[-3.1952,47.70365],[-3.16611,47.70496],[-3.19301,47.74773],[-3.15958,47.72845],[-3.14803,47.75356],[-3.13682,47.74548],[-3.15321,47.73859],[-3.14386,47.73134],[-3.16406,47.71931],[-3.16006,47.70649],[-3.15581,47.7198],[-3.12633,47.72178],[-3.13074,47.7043],[-3.14904,47.71674],[-3.16871,47.69703],[-3.12035,47.69844],[-3.19632,47.67882],[-3.21129,47.64221],[-3.14032,47.57952],[-3.13521,47.54537],[-3.16307,47.52946],[-3.13084,47.47231],[-3.07907,47.4683],[-3.12646,47.51297],[-3.13357,47.54431],[-3.11468,47.57632],[-3.12831,47.57458],[-3.12968,47.59699],[-3.09276,47.57914],[-3.1066,47.57434],[-3.09611,47.56308],[-3.03899,47.58116],[-3.01778,47.56535],[-3.02346,47.60452],[-3.0067,47.56731],[-2.9867,47.56558],[-2.99532,47.58915],[-2.96237,47.55269],[-2.95704,47.56446],[-2.92828,47.55309],[-2.96875,47.58834],[-2.95375,47.61541],[-2.97819,47.65588],[-2.95809,47.63853],[-2.92609,47.66716],[-2.92646,47.6499],[-2.96178,47.63439],[-2.93985,47.62733],[-2.95051,47.60652],[-2.9356,47.58562],[-2.92718,47.60118],[-2.91958,47.58221],[-2.89048,47.58132],[-2.88705,47.60291],[-2.86172,47.5969],[-2.86256,47.62182],[-2.78176,47.62093],[-2.79082,47.64025],[-2.76777,47.63006],[-2.76045,47.64174],[-2.73635,47.61449],[-2.77986,47.62068],[-2.71912,47.60017],[-2.72624,47.59082],[-2.69602,47.60868],[-2.70173,47.62885],[-2.68656,47.61635],[-2.69115,47.5921],[-2.70775,47.58971],[-2.69866,47.58116],[-2.71786,47.58794],[-2.73388,47.54105],[-2.76637,47.53574],[-2.78708,47.55269],[-2.79948,47.53755],[-2.80554,47.55537],[-2.82345,47.5566],[-2.81979,47.54278],[-2.85245,47.53688],[-2.8783,47.56348],[-2.91383,47.55753],[-2.90488,47.53492],[-2.87543,47.53404],[-2.84799,47.51383],[-2.85043,47.4982],[-2.81602,47.48529],[-2.72883,47.50939],[-2.67408,47.49103],[-2.6705,47.52328],[-2.62834,47.51697],[-2.62049,47.52695],[-2.64979,47.53192],[-2.60334,47.53081],[-2.57579,47.54787],[-2.63247,47.50195],[-2.59554,47.51736],[-2.54935,47.5091],[-2.51712,47.52755],[-2.44224,47.49841],[-2.37889,47.49911],[-2.31104,47.51823],[-2.3107,47.54561],[-2.28185,47.56275],[-2.30752,47.5467],[-2.30735,47.51817],[-2.32827,47.50981],[-2.41276,47.4915],[-2.50202,47.49302],[-2.49563,47.44934],[-2.45731,47.44784],[-2.44613,47.43567],[-2.4587,47.42322],[-2.43282,47.41325],[-2.46752,47.42125],[-2.56048,47.37384],[-2.50746,47.34241],[-2.51326,47.30215],[-2.47053,47.30988],[-2.48759,47.30492],[-2.47135,47.29607],[-2.48132,47.28233],[-2.53264,47.30494],[-2.54669,47.28886],[-2.43161,47.25733],[-2.41625,47.25952],[-2.41951,47.27623],[-2.38001,47.27964],[-2.29812,47.23216],[-2.20144,47.26629],[-2.18113,47.29769],[-2.17183,47.28825],[-2.0637,47.30668],[-1.92039,47.28311],[-2.04076,47.29155],[-2.16991,47.26943],[-2.18299,47.23314],[-2.15904,47.20863],[-2.16706,47.16662],[-2.21473,47.1606],[-2.24989,47.13308],[-2.05438,47.09401],[-1.99524,47.03995],[-9.57029,46.77829],[-9.61944,46.84472],[-9.80139,47.19194],[-9.85028,47.31333],[-9.87728,47.4354]],[[-3.9244,48.67534],[-3.92573,48.70012],[-3.92728,48.67571],[-3.9244,48.67534]],[[-2.89163,47.34679],[-2.88714,47.33222],[-2.86416,47.33731],[-2.86938,47.3472],[-2.89163,47.34679]],[[-2.81276,47.59813],[-2.81139,47.5783],[-2.79195,47.59375],[-2.77604,47.58691],[-2.79232,47.60483],[-2.81276,47.59813]],[[-2.85931,47.5596],[-2.84646,47.58943],[-2.82509,47.58775],[-2.83829,47.60742],[-2.85736,47.58339],[-2.85931,47.5596]],[[-2.99357,47.39971],[-2.94848,47.37481],[-2.94213,47.3946],[-2.99357,47.39971]],[[-3.26431,47.35149],[-3.23862,47.326],[-3.245,47.30824],[-3.21843,47.29295],[-3.14923,47.29261],[-3.08992,47.27887],[-3.05612,47.30901],[-3.13846,47.32899],[-3.15693,47.36403],[-3.25316,47.39011],[-3.24714,47.37163],[-3.26354,47.37144],[-3.26431,47.35149]],[[-3.51562,47.64704],[-3.48581,47.62783],[-3.41759,47.62493],[-3.42955,47.64296],[-3.49849,47.65321],[-3.51562,47.64704]],[[-1.84564,48.87901],[-1.83676,48.86873],[-1.8272,48.87343],[-1.84564,48.87901]],[[-3.01128,48.86038],[-2.99888,48.851],[-3.0099,48.84544],[-2.99569,48.83778],[-2.98634,48.86579],[-3.01128,48.86038]],[[-3.19705,48.87347],[-3.18357,48.86719],[-3.18673,48.87738],[-3.19705,48.87347]],[[-3.60075,48.79561],[-3.58923,48.79694],[-3.60049,48.80532],[-3.60075,48.79561]],[[-4.03634,48.7402],[-3.9998,48.73972],[-3.98932,48.74699],[-4.02372,48.7526],[-4.03634,48.7402]],[[-4.87147,48.34325],[-4.86076,48.34036],[-4.85208,48.35327],[-4.87147,48.34325]],[[-4.87596,48.04063],[-4.84613,48.02945],[-4.86632,48.04579],[-4.87596,48.04063]],[[-5.14253,48.45433],[-5.09962,48.4559],[-5.10935,48.44055],[-5.03141,48.46201],[-5.0738,48.48432],[-5.14253,48.45433]]],[[[-2.2834,47.57409],[-2.28232,47.57428],[-2.28185,47.56275],[-2.2834,47.57409]]],[[[-2.28239,47.57613],[-2.23437,47.58284],[-2.28232,47.57428],[-2.28239,47.57613]]],[[[-3.12633,47.72178],[-3.12542,47.7254],[-3.10691,47.72308],[-3.12633,47.72178]]],[[[-3.29281,47.789],[-3.28708,47.77196],[-3.28711,47.77194],[-3.29281,47.789]]],[[[-4.14467,47.90906],[-4.14323,47.91054],[-4.14368,47.90801],[-4.14467,47.90906]]],[[[-4.12105,47.9525],[-4.10283,47.96836],[-4.09662,47.95807],[-4.11389,47.94046],[-4.12105,47.9525]]],[[[-4.14323,47.91054],[-4.14045,47.92595],[-4.12176,47.93244],[-4.14323,47.91054]]],[[[-4.12176,47.93244],[-4.11389,47.94046],[-4.11128,47.93608],[-4.12176,47.93244]]],[[[-4.11458,47.98779],[-4.10073,47.97019],[-4.10283,47.96836],[-4.11458,47.98779]]]]}},{"id":"77","type":"Feature","properties":{"zone_id":"FR09_OFF","name":"France Offshore Node 09","parent_zone":"FR00_OFF","level":"PEOF","area_km2":11679.77},"geometry":{"type":"MultiPolygon","coordinates":[[[[-1.39934,48.64659],[-1.38521,48.64876],[-1.35933,48.63485],[-1.39934,48.64659]]],[[[-2.1375,49.54083],[-2.06444,49.68194],[-2.04889,49.80944],[-2.05861,50.15297],[-1.50139,50.15325],[-0.66636,50.12926],[0.09345,49.55417],[0.06564,49.51142],[0.10733,49.48042],[0.17519,49.47101],[0.10039,49.47866],[0.17405,49.45624],[0.11395,49.45687],[0.23654,49.44375],[0.2477,49.43],[0.13492,49.4051],[-0.00362,49.32444],[-0.08995,49.29498],[-0.22697,49.2837],[-0.22449,49.2708],[-0.24498,49.26448],[-0.22734,49.27668],[-0.24752,49.29093],[-0.39448,49.3333],[-0.81478,49.35606],[-0.94828,49.39618],[-1.07453,49.38956],[-1.11578,49.36091],[-1.1169,49.34462],[-1.13894,49.36709],[-1.17261,49.35785],[-1.15862,49.38374],[-1.16581,49.40612],[-1.30374,49.53746],[-1.2955,49.58332],[-1.26206,49.58499],[-1.25414,49.6122],[-1.22915,49.60627],[-1.23955,49.6545],[-1.27314,49.6791],[-1.26532,49.69731],[-1.47275,49.69703],[-1.48627,49.66845],[-1.6047,49.6564],[-1.61911,49.63919],[-1.62977,49.65977],[-1.82484,49.69044],[-1.85157,49.7178],[-1.88655,49.70585],[-1.9415,49.7268],[-1.94608,49.6738],[-1.87484,49.65821],[-1.84752,49.62578],[-1.84071,49.57391],[-1.8891,49.53339],[-1.85046,49.5082],[-1.80909,49.37189],[-1.77497,49.37694],[-1.78749,49.3735],[-1.72117,49.32534],[-1.70408,49.32843],[-1.70916,49.33986],[-1.69418,49.32963],[-1.70646,49.31742],[-1.6292,49.21245],[-1.61267,49.20848],[-1.6254,49.21734],[-1.61704,49.22664],[-1.58928,49.22272],[-1.61388,49.21705],[-1.59233,49.13553],[-1.61008,49.07693],[-1.58644,49.00796],[-1.57516,49.00031],[-1.55641,49.034],[-1.51295,49.02789],[-1.55741,49.02641],[-1.56305,48.94397],[-1.54374,48.93214],[-1.54859,48.91689],[-1.55153,48.93573],[-1.56198,48.9284],[-1.58393,48.8504],[-1.61489,48.83408],[-1.5732,48.81903],[-1.57115,48.74259],[-1.53286,48.72985],[-1.50538,48.68452],[-1.44666,48.65387],[-1.42041,48.65267],[-1.40539,48.67206],[-1.40982,48.64966],[-1.39934,48.64659],[-1.48356,48.63364],[-1.56971,48.63985],[-1.9222,48.98966],[-1.85917,49.06583],[-1.83333,49.25083],[-1.89167,49.31667],[-1.9925,49.36467],[-2.0975,49.46056],[-2.1375,49.54083]]]]}},{"id":"78","type":"Feature","properties":{"zone_id":"FR13_OFF","name":"France Offshore Node 13","parent_zone":"FR00_OFF","level":"PEOF","area_km2":11644.45},"geometry":{"type":"MultiPolygon","coordinates":[[[[0.23654,49.44375],[0.26556,49.44063],[0.24682,49.4358],[0.23654,49.44375]]],[[[-0.66636,50.12926],[-0.50136,50.12381],[-0.25969,50.21939],[0.03586,50.23578],[0.60197,50.32717],[0.77617,50.38856],[1.12256,50.64303],[1.26475,50.79636],[1.28142,50.89553],[1.35558,50.94914],[1.54669,51.03775],[1.72528,51.09944],[1.95364,51.23997],[2.03697,51.33556],[2.12031,51.50306],[2.23833,51.55778],[2.39028,51.26917],[2.54626,51.08931],[2.35547,51.05257],[2.36886,51.03664],[2.32708,51.05239],[2.26752,51.03211],[2.16245,51.04431],[2.194,51.03747],[2.1743,51.02305],[2.18998,51.02173],[2.18121,51.00101],[2.16987,51.02192],[2.15155,51.02164],[2.16221,51.03787],[2.12343,51.01485],[1.93878,51.00009],[1.84091,50.97298],[1.86745,50.96982],[1.84956,50.96192],[1.73176,50.93973],[1.6398,50.87737],[1.58115,50.87089],[1.60639,50.76782],[1.59391,50.7283],[1.56116,50.72553],[1.57317,50.71492],[1.55897,50.69859],[1.57684,50.56987],[1.62448,50.51992],[1.58297,50.53482],[1.55522,50.3986],[1.61711,50.36953],[1.55346,50.36221],[1.53819,50.27961],[1.54877,50.25746],[1.59025,50.25578],[1.58079,50.25106],[1.62092,50.2144],[1.65031,50.21632],[1.6134,50.20367],[1.66628,50.19004],[1.65648,50.18122],[1.58254,50.20076],[1.57063,50.21803],[1.52707,50.21007],[1.48289,50.17246],[1.44364,50.10063],[1.19406,49.96776],[1.02176,49.91579],[0.9604,49.91961],[0.78767,49.87514],[0.57248,49.85002],[0.33429,49.74609],[0.20654,49.71462],[0.16275,49.68629],[0.15728,49.66244],[0.12229,49.66944],[0.151,49.66331],[0.15298,49.64542],[0.09345,49.55417],[-0.66636,50.12926]]]]}},{"id":"79","type":"Feature","properties":{"zone_id":"GR01_OFF","name":"Greece Offshore Node 01","parent_zone":"GR00_OFF","level":"PEOF","area_km2":35544.77},"geometry":{"type":"MultiPolygon","coordinates":[[[[18.915,39.81667],[18.99524,40.08358],[19.26442,40.06675],[19.62225,40.01132],[19.75531,39.91681],[19.95112,39.83325],[19.97379,39.78061],[19.96,39.72709],[19.92856,39.68671],[19.98922,39.64039],[20.00615,39.69131],[20.01863,39.69121],[20.0236,39.67776],[20.06035,39.68281],[20.10133,39.65027],[20.11341,39.65943],[20.18669,39.62429],[20.17184,39.59388],[20.14206,39.59153],[20.17282,39.58177],[20.13742,39.52893],[20.16664,39.53614],[20.2003,39.51943],[20.15631,39.52315],[20.17357,39.51238],[20.26101,39.50867],[20.25709,39.48413],[20.21252,39.49136],[20.27379,39.44561],[20.20653,39.44914],[20.23905,39.40804],[20.23083,39.40114],[20.28147,39.37854],[20.28798,39.32383],[20.34039,39.28317],[20.47816,39.27497],[20.4737,39.21961],[20.70028,39.05484],[20.71563,39.01604],[20.69934,38.99763],[20.72666,38.94952],[20.75739,38.95042],[20.75812,38.98209],[20.83131,38.9598],[20.75536,39.00603],[20.76091,39.03387],[20.79743,39.06105],[20.8175,39.05792],[20.83071,39.03425],[20.89799,39.03067],[20.92258,39.00397],[20.95998,39.03655],[20.97689,39.01596],[21.00076,39.01644],[20.98996,39.00893],[21.01014,39.02062],[21.02379,39.01247],[21.03491,39.02138],[21.07097,39.00811],[21.04583,39.01832],[21.07617,39.01329],[21.04537,39.02274],[21.0617,39.03309],[21.05082,39.04928],[21.0757,39.02319],[21.0827,39.05392],[21.11408,39.04283],[21.15353,38.99189],[21.1393,38.9226],[21.16615,38.90522],[21.17437,38.86685],[21.09891,38.91317],[21.07928,38.86339],[21.01969,38.89715],[21.02487,38.92862],[20.99158,38.91579],[20.979,38.94484],[20.94375,38.93261],[20.91957,38.94824],[20.90754,38.92248],[20.88762,38.92109],[20.86424,38.93363],[20.87517,38.93615],[20.86308,38.95725],[20.83928,38.92069],[20.80088,38.9186],[20.7651,38.95753],[20.75393,38.90556],[20.80102,38.86816],[20.73939,38.85245],[20.7287,38.80396],[20.7193,38.79955],[20.71184,38.83542],[20.68259,38.83706],[20.72196,38.84724],[20.69012,38.85194],[20.67502,38.83249],[20.64452,38.83032],[20.60017,38.78151],[20.55526,38.68125],[20.53991,38.56123],[20.59509,38.63152],[20.64003,38.5782],[20.65424,38.60929],[20.67294,38.60142],[20.68617,38.607],[20.68243,38.62383],[20.69991,38.61797],[20.69629,38.63854],[20.72217,38.62545],[20.71188,38.67187],[20.72584,38.69469],[20.71484,38.70337],[20.73301,38.72919],[20.72239,38.75218],[20.72896,38.8008],[20.72957,38.79311],[20.7499,38.78922],[20.77308,38.75398],[20.80553,38.75958],[20.84847,38.79453],[20.87355,38.79327],[20.91448,38.67306],[20.98829,38.66899],[20.98921,38.64516],[21.02127,38.60755],[21.00859,38.53366],[21.02723,38.50241],[21.09478,38.53266],[21.08363,38.49286],[21.09817,38.48811],[21.07303,38.48336],[21.10429,38.47717],[21.09183,38.46626],[21.11773,38.43832],[21.11414,38.4193],[21.15503,38.4129],[21.12366,38.41544],[21.12527,38.38495],[21.10445,38.36916],[21.09733,38.38323],[21.08966,38.36558],[21.10757,38.35893],[21.10127,38.33502],[21.10903,38.34984],[21.1066,38.33629],[21.13277,38.33472],[21.15062,38.30059],[21.31868,38.30974],[21.21221,38.31342],[21.26771,38.3495],[21.28931,38.33934],[21.26888,38.36115],[21.34207,38.38506],[21.34863,38.43554],[21.30074,38.48185],[21.31818,38.49891],[21.36379,38.44741],[21.34955,38.41281],[21.37404,38.41602],[21.42122,38.38181],[21.41064,38.32751],[21.41853,38.3622],[21.46647,38.36683],[21.46667,38.35259],[21.48359,38.35309],[21.472,38.34188],[21.48508,38.30664],[21.50512,38.30093],[21.50366,38.29051],[21.58833,38.34368],[21.63899,38.35719],[21.76608,38.32704],[21.78708,38.37416],[21.8323,38.39249],[21.8545,38.38188],[21.85179,38.37471],[21.77598,38.32341],[21.03743,38.21463],[20.88423,37.98256],[18.46229,37.81652],[18.73167,38.5],[18.9,39.03333],[18.92667,39.28833],[18.915,39.81667]],[[20.98996,39.00893],[20.98666,39.00702],[20.98692,39.00682],[20.98996,39.00893]],[[20.98666,39.00702],[20.97022,39.02055],[20.98582,39.00653],[20.98666,39.00702]],[[21.02379,39.01247],[21.02088,39.01014],[21.03842,39.00373],[21.02379,39.01247]],[[21.48508,38.30664],[21.4762,38.30917],[21.48632,38.3033],[21.48508,38.30664]],[[21.4762,38.30917],[21.44559,38.32688],[21.45533,38.33561],[21.41722,38.32592],[21.4762,38.30917]],[[20.74139,38.66816],[20.73465,38.63959],[20.76721,38.61859],[20.76075,38.64213],[20.78803,38.64368],[20.80952,38.66814],[20.77891,38.67188],[20.76269,38.65939],[20.74139,38.66816]],[[20.76721,38.61859],[20.76828,38.61468],[20.81095,38.59034],[20.76721,38.61859]],[[21.10395,38.31254],[21.10166,38.29363],[21.12032,38.30512],[21.11876,38.31955],[21.10395,38.31254]],[[21.08285,38.4355],[21.08356,38.41051],[21.10403,38.39472],[21.10745,38.41747],[21.08285,38.4355]],[[21.00843,38.48157],[21.02848,38.47196],[21.02464,38.4881],[21.00843,38.48157]],[[20.89649,38.56495],[20.89593,38.54114],[20.90835,38.54099],[20.90072,38.55339],[20.93919,38.59676],[20.93091,38.60396],[20.89649,38.56495]],[[20.86751,38.59718],[20.87011,38.57822],[20.8813,38.58201],[20.88503,38.60097],[20.95584,38.63696],[20.95991,38.65112],[20.89415,38.63967],[20.86751,38.59718]],[[20.79557,38.48205],[20.82243,38.47847],[20.8153,38.5023],[20.79557,38.48205]],[[20.69911,38.54548],[20.71683,38.53865],[20.71108,38.56764],[20.69911,38.54548]],[[20.61488,38.47241],[20.69834,38.31142],[20.72311,38.29977],[20.76698,38.3196],[20.73977,38.33995],[20.74885,38.35326],[20.73795,38.36423],[20.75636,38.36428],[20.72261,38.38957],[20.70172,38.38485],[20.71963,38.36559],[20.67512,38.36548],[20.71013,38.43425],[20.69261,38.46079],[20.66386,38.45907],[20.67657,38.49218],[20.64837,38.50296],[20.64737,38.46906],[20.61488,38.47241]],[[20.33652,38.2004],[20.34108,38.17529],[20.38276,38.14842],[20.44009,38.16164],[20.43949,38.22678],[20.42153,38.26632],[20.43739,38.28157],[20.5092,38.16921],[20.46768,38.19072],[20.49548,38.13461],[20.48708,38.12059],[20.51325,38.09949],[20.56621,38.08847],[20.61983,38.11643],[20.70257,38.06831],[20.7865,38.05609],[20.81292,38.10331],[20.78818,38.14928],[20.71278,38.2242],[20.69687,38.26331],[20.67418,38.26061],[20.6745,38.28134],[20.63335,38.25226],[20.59858,38.30129],[20.62871,38.32319],[20.61195,38.40136],[20.59587,38.40447],[20.57382,38.47206],[20.53639,38.46987],[20.54866,38.38441],[20.52433,38.38515],[20.54433,38.37214],[20.53794,38.34525],[20.47838,38.30872],[20.46977,38.32609],[20.44508,38.32929],[20.44221,38.35683],[20.41002,38.33653],[20.40113,38.35767],[20.38707,38.2727],[20.35623,38.26216],[20.35753,38.22418],[20.33652,38.2004]],[[20.21916,39.15944],[20.21728,39.14637],[20.24422,39.13828],[20.21916,39.15944]],[[20.12591,39.22081],[20.14178,39.19846],[20.20024,39.17695],[20.21606,39.1794],[20.19053,39.20528],[20.13478,39.2364],[20.12591,39.22081]],[[19.62842,39.75249],[19.65534,39.73396],[19.65311,39.71015],[19.68167,39.71488],[19.67334,39.6795],[19.72832,39.6736],[19.7206,39.65414],[19.74065,39.62423],[19.83023,39.57327],[19.85011,39.54544],[19.8422,39.52894],[19.86809,39.45627],[20.08606,39.36401],[20.11168,39.35993],[20.1198,39.38201],[20.0714,39.46068],[20.01943,39.43347],[19.99823,39.45847],[19.93716,39.47295],[19.91533,39.58686],[19.90135,39.59914],[19.9278,39.59547],[19.92087,39.61424],[19.93293,39.62467],[19.84201,39.65894],[19.86253,39.66482],[19.84057,39.67729],[19.84375,39.7058],[19.93048,39.73393],[19.95519,39.77883],[19.84733,39.82241],[19.80008,39.79164],[19.67298,39.79983],[19.62842,39.75249]],[[19.5715,39.89525],[19.57701,39.87493],[19.59242,39.87596],[19.59163,39.89267],[19.5715,39.89525]],[[19.37283,39.85889],[19.37472,39.84161],[19.39519,39.8357],[19.43375,39.86272],[19.37283,39.85889]]],[[[20.7287,38.80396],[20.72943,38.8043],[20.72896,38.8008],[20.7287,38.80396]]],[[[20.71484,38.70337],[20.69869,38.6804],[20.71361,38.70434],[20.71484,38.70337]]]]}},{"id":"80","type":"Feature","properties":{"zone_id":"GR02_OFF","name":"Greece Offshore Node 02","parent_zone":"GR00_OFF","level":"PEOF","area_km2":299835.2},"geometry":{"type":"Polygon","coordinates":[[[18.28333,37.355],[18.46229,37.81652],[20.88423,37.98256],[21.03743,38.21463],[21.77598,38.32341],[21.85453,38.38187],[21.88342,38.36806],[21.93512,38.40682],[22.00418,38.38941],[22.05127,38.39459],[22.15788,38.34867],[22.18363,38.32031],[22.24957,38.3621],[22.28537,38.3381],[22.29799,38.3553],[22.35845,38.34834],[22.37775,38.33231],[22.39546,38.34786],[22.37945,38.34791],[22.3838,38.36372],[22.40272,38.36367],[22.37314,38.39124],[22.41668,38.41187],[22.39876,38.43198],[22.40386,38.44935],[22.41919,38.43131],[22.45568,38.42661],[22.53728,38.34387],[22.51821,38.32877],[22.55147,38.28167],[22.5837,38.27836],[22.58869,38.30471],[22.60815,38.31654],[22.58644,38.32526],[22.59457,38.35241],[22.62079,38.36351],[22.63644,38.3488],[22.64807,38.36622],[22.62801,38.37402],[22.65901,38.38553],[22.6849,38.36462],[22.68928,38.34858],[22.67346,38.34416],[22.69322,38.31673],[22.7971,38.27578],[22.76224,38.24546],[22.77831,38.2327],[22.88154,38.22191],[22.89183,38.2363],[22.90593,38.18265],[22.9133,38.19496],[22.96768,38.18866],[22.94411,38.20809],[22.92162,38.199],[22.92508,38.21716],[23.02348,38.21387],[23.05131,38.19517],[23.02843,38.17917],[23.06802,38.16988],[23.11201,38.20696],[23.14269,38.18261],[23.12396,38.16364],[23.22402,38.15359],[23.17485,38.1426],[23.17897,38.1258],[23.21711,38.11612],[23.21546,38.09949],[23.14304,38.06545],[23.02455,38.05444],[22.95681,38.07964],[22.88493,38.05317],[22.84874,38.02808],[22.91256,38.01609],[22.97647,37.97706],[22.95077,37.94327],[22.89799,37.93206],[22.79642,37.96735],[22.72537,38.03594],[22.49258,38.13566],[22.41574,38.13065],[22.35478,38.14955],[22.33515,38.1769],[22.21653,38.17995],[22.14844,38.21875],[22.11707,38.26132],[22.07743,38.25427],[22.02684,38.28557],[22.01881,38.3099],[21.96099,38.32626],[21.87825,38.32535],[21.84965,38.33921],[21.82512,38.31664],[21.77971,38.31325],[21.67173,38.16801],[21.60627,38.14321],[21.53309,38.15463],[21.45214,38.19849],[21.41011,38.19089],[21.39154,38.2156],[21.37143,38.21632],[21.36749,38.12526],[21.29969,38.02068],[21.30744,38.00318],[21.27806,37.99179],[21.28505,38.00829],[21.25576,37.96855],[21.19421,37.93194],[21.12661,37.93768],[21.10543,37.84834],[21.27288,37.78627],[21.30395,37.7576],[21.31947,37.70708],[21.30127,37.67884],[21.30936,37.63273],[21.33332,37.66345],[21.40363,37.64608],[21.56825,37.54037],[21.64861,37.44141],[21.6989,37.3106],[21.67091,37.25715],[21.57806,37.1948],[21.56569,37.16417],[21.5816,37.09141],[21.5735,37.05962],[21.64203,37.00332],[21.65707,36.95034],[21.71041,36.94259],[21.67934,36.88836],[21.7043,36.81101],[21.76047,36.78525],[21.76874,36.79841],[21.82183,36.80318],[21.87814,36.71767],[21.93379,36.75756],[21.93672,36.78095],[21.96839,36.79352],[21.93934,36.80719],[21.92176,36.86393],[21.93239,36.98402],[22.04987,37.02731],[22.13702,37.02142],[22.15502,36.99479],[22.14599,36.93768],[22.1254,36.91406],[22.16999,36.88945],[22.20186,36.9043],[22.22635,36.89295],[22.25729,36.83936],[22.29619,36.81379],[22.30057,36.77021],[22.3132,36.76965],[22.34878,36.69712],[22.38857,36.69378],[22.36041,36.66778],[22.38239,36.6459],[22.36227,36.63892],[22.37572,36.61789],[22.36286,36.60588],[22.38666,36.59193],[22.37105,36.57658],[22.38598,36.57469],[22.39088,36.54105],[22.36359,36.54626],[22.3472,36.51219],[22.36962,36.47646],[22.39249,36.46604],[22.39998,36.48115],[22.45809,36.45196],[22.482,36.38541],[22.5013,36.40152],[22.48206,36.43287],[22.50133,36.44135],[22.50438,36.48651],[22.47322,36.5272],[22.47677,36.6137],[22.49669,36.61922],[22.51019,36.60218],[22.52917,36.61638],[22.5,36.66071],[22.5274,36.6653],[22.53976,36.64732],[22.55471,36.65693],[22.52145,36.68181],[22.52273,36.70934],[22.57662,36.73337],[22.56513,36.77515],[22.62441,36.80545],[22.78282,36.79852],[22.82063,36.71301],[22.80568,36.67239],[22.82192,36.65446],[22.83169,36.68882],[22.87031,36.66419],[22.88416,36.63932],[22.86897,36.62888],[22.93708,36.58357],[22.93662,36.56082],[22.96843,36.51909],[23.02223,36.52843],[23.05641,36.51153],[23.08602,36.43919],[23.19869,36.43479],[23.19575,36.46033],[23.12981,36.49892],[23.15351,36.53581],[23.06751,36.5857],[23.03238,36.62584],[23.02701,36.66215],[23.03883,36.68536],[23.05956,36.68987],[23.03455,36.69041],[23.02584,36.72714],[23.05743,36.74506],[23.08654,36.72879],[23.08463,36.75936],[23.11086,36.77399],[23.0873,36.78415],[23.09018,36.81924],[23.03885,36.85817],[23.05161,36.86183],[23.0127,36.93786],[23.01186,36.97011],[22.99216,36.97297],[23.00726,36.98482],[23.0053,37.02402],[22.96445,37.07015],[22.98317,37.07082],[22.98452,37.08463],[22.9625,37.08942],[22.95506,37.11854],[22.91812,37.10813],[22.89725,37.11955],[22.9123,37.189],[22.85483,37.25591],[22.86277,37.27004],[22.83946,37.27841],[22.81706,37.33742],[22.75261,37.39383],[22.77189,37.42371],[22.72785,37.48591],[22.73971,37.51649],[22.71731,37.55851],[22.77695,37.59051],[22.82198,37.54443],[22.81996,37.5278],[22.85204,37.51244],[22.8961,37.53262],[22.9286,37.52319],[22.91666,37.53441],[22.92918,37.53495],[22.9371,37.51972],[22.98054,37.51383],[23.00193,37.45996],[23.0424,37.48096],[23.05626,37.45068],[23.12112,37.45079],[23.14313,37.41542],[23.11113,37.42227],[23.10122,37.39064],[23.06329,37.3921],[23.07218,37.34956],[23.1214,37.34384],[23.13855,37.32709],[23.11042,37.33317],[23.12705,37.31363],[23.15355,37.32534],[23.13623,37.30792],[23.17422,37.28494],[23.20016,37.29124],[23.18023,37.32217],[23.19053,37.33937],[23.27686,37.34628],[23.22471,37.37598],[23.26046,37.38371],[23.2477,37.38784],[23.2679,37.40582],[23.30951,37.39317],[23.33831,37.414],[23.4104,37.4038],[23.5244,37.43649],[23.4773,37.48588],[23.3916,37.50942],[23.41837,37.53059],[23.36559,37.55903],[23.38632,37.56017],[23.40721,37.59201],[23.41451,37.61848],[23.39776,37.63763],[23.34429,37.63653],[23.3075,37.6174],[23.36715,37.55317],[23.3325,37.53231],[23.15874,37.61719],[23.17038,37.65104],[23.15074,37.67478],[23.17781,37.71708],[23.11839,37.73107],[23.12918,37.73443],[23.11756,37.75572],[23.17909,37.77673],[23.17909,37.80346],[23.11419,37.84761],[23.00552,37.84838],[22.99213,37.87987],[23.01758,37.89944],[23.01279,37.92158],[23.13193,37.91939],[23.16689,37.94871],[23.24266,37.97558],[23.42051,37.96875],[23.38782,37.98001],[23.45061,38.02324],[23.52039,38.04365],[23.54181,38.03079],[23.56894,38.04681],[23.60267,38.02241],[23.5524,37.97979],[23.55496,37.95815],[23.60896,37.95896],[23.59742,37.94918],[23.62153,37.93854],[23.64147,37.94802],[23.62209,37.93471],[23.63147,37.92612],[23.68787,37.93785],[23.68103,37.92909],[23.75047,37.85772],[23.73947,37.84825],[23.76958,37.83469],[23.75599,37.81316],[23.77296,37.81017],[23.7708,37.79725],[23.77938,37.81298],[23.79743,37.79946],[23.81162,37.82024],[23.86851,37.8002],[23.90139,37.77327],[23.90995,37.71977],[23.94626,37.72088],[23.93771,37.6717],[24.03069,37.64819],[24.07326,37.68262],[24.0536,37.72977],[24.08225,37.74413],[24.08621,37.79366],[24.04647,37.82241],[24.06082,37.82772],[24.04441,37.87527],[24.02427,37.87028],[24.00912,37.88866],[24.04701,37.90151],[24.02966,37.92395],[24.00278,37.92564],[24.01807,37.94299],[24.01,37.98007],[24.03184,37.99205],[24.00029,38.03308],[24.00355,38.06667],[23.98064,38.10673],[24.03922,38.14195],[24.05756,38.12113],[24.0613,38.15873],[24.08074,38.16494],[24.05814,38.1821],[24.07345,38.19947],[23.95437,38.28526],[23.80698,38.32833],[23.78659,38.32159],[23.76815,38.33884],[23.7362,38.33207],[23.65884,38.35035],[23.63115,38.37761],[23.63234,38.41032],[23.59583,38.41617],[23.60017,38.4404],[23.56644,38.4512],[23.59269,38.4725],[23.55168,38.50681],[23.5378,38.5103],[23.51361,38.47996],[23.40473,38.50936],[23.3303,38.49891],[23.33157,38.5174],[23.37816,38.52629],[23.32875,38.53646],[23.31564,38.56975],[23.28591,38.56103],[23.34091,38.60462],[23.31307,38.64224],[23.25517,38.64339],[23.19544,38.68018],[23.16465,38.67447],[23.19013,38.64935],[23.14104,38.64626],[23.10624,38.6246],[23.0646,38.6795],[23.06424,38.72214],[23.03361,38.7554],[22.96889,38.74401],[22.89997,38.77615],[22.86457,38.75421],[22.82448,38.78993],[22.76537,38.78128],[22.69703,38.85145],[22.60466,38.82151],[22.60102,38.84203],[22.57915,38.82359],[22.57272,38.83982],[22.5533,38.83377],[22.55153,38.84989],[22.57859,38.86485],[22.5316,38.85721],[22.56028,38.87357],[22.54829,38.88086],[22.61312,38.91121],[22.66929,38.88102],[22.70913,38.88737],[22.75352,38.86883],[22.82809,38.88756],[22.85617,38.92631],[22.91806,38.91831],[22.94029,38.92827],[22.93718,38.94453],[22.99141,38.94446],[23.02668,39.01463],[23.05686,39.01532],[23.06759,39.03934],[23.04811,39.03938],[22.9584,39.00865],[22.96303,39.03319],[22.99689,39.0358],[22.98309,39.09842],[22.93548,39.13195],[22.94173,39.1133],[22.92258,39.11305],[22.89077,39.18878],[22.86996,39.18623],[22.88087,39.16942],[22.85059,39.15377],[22.82136,39.21136],[22.82193,39.27621],[22.94693,39.29867],[22.92588,39.32009],[22.94089,39.36108],[22.99281,39.35097],[23.02035,39.31547],[23.11944,39.3052],[23.16382,39.27247],[23.18945,39.20771],[23.2187,39.1865],[23.21364,39.14793],[23.18208,39.1602],[23.17728,39.12768],[23.14878,39.13168],[23.15633,39.11948],[23.10874,39.10047],[23.09403,39.09688],[23.12291,39.13581],[23.10958,39.16004],[23.0784,39.14645],[23.04976,39.10075],[23.07212,39.08518],[23.18861,39.104],[23.20303,39.09476],[23.22634,39.11105],[23.211,39.12637],[23.30631,39.14006],[23.35169,39.18636],[23.2837,39.27524],[23.26988,39.32301],[23.20799,39.36421],[23.09625,39.49983],[22.93536,39.57466],[22.86753,39.72656],[22.85332,39.79982],[22.73623,39.8685],[22.70957,39.95235],[22.59262,40.0149],[22.54816,40.15464],[22.5906,40.20903],[22.58247,40.22556],[22.60358,40.28215],[22.66111,40.36211],[22.62442,40.37697],[22.59085,40.46948],[22.61924,40.48152],[22.65586,40.46693],[22.64895,40.4794],[22.67021,40.48815],[22.65261,40.5087],[22.66164,40.52502],[22.69247,40.52718],[22.72062,40.49887],[22.72226,40.51644],[22.7342,40.50534],[22.73655,40.52287],[22.7522,40.5145],[22.73577,40.53572],[22.75336,40.53642],[22.74169,40.55792],[22.79939,40.56049],[22.85556,40.59159],[22.85784,40.61399],[22.83143,40.6312],[22.85881,40.62552],[22.88887,40.6448],[22.94175,40.63114],[22.95181,40.61827],[22.93571,40.57936],[22.98046,40.55236],[22.97633,40.53613],[22.90962,40.50522],[22.81671,40.50164],[22.81765,40.47542],[22.85414,40.46705],[22.86601,40.43198],[22.90309,40.39798],[22.89619,40.38498],[22.9106,40.39032],[22.88914,40.37428],[22.9512,40.37953],[23.01121,40.3472],[23.01999,40.32433],[23.30812,40.22725],[23.32672,40.17826],[23.30799,40.08769],[23.33832,40.06851],[23.38187,40.00113],[23.35662,39.95346],[23.46385,39.96956],[23.59281,39.92081],[23.71738,39.90765],[23.75098,39.91536],[23.74575,39.9342],[23.69632,39.93084],[23.66705,39.98155],[23.50002,40.03046],[23.41791,40.12591],[23.36146,40.14796],[23.33122,40.21172],[23.3995,40.27868],[23.49572,40.25924],[23.53059,40.23626],[23.66565,40.21662],[23.77262,40.11728],[23.81503,40.02281],[23.89151,39.99411],[23.90155,39.96001],[23.92593,39.96438],[23.92849,39.93596],[23.99261,39.94785],[23.96773,39.96411],[24.00148,39.97091],[23.98687,39.98533],[24.02133,40.00809],[24.01824,40.03692],[23.98591,40.04145],[24.00853,40.05317],[23.97923,40.0856],[23.99763,40.10717],[23.91526,40.15784],[23.76672,40.19872],[23.76115,40.2299],[23.73672,40.23007],[23.69402,40.28602],[23.69873,40.31963],[23.73464,40.3532],[23.78254,40.33646],[23.84965,40.36963],[23.92035,40.36445],[24.03967,40.29249],[24.16154,40.28088],[24.22179,40.21884],[24.22431,40.19302],[24.27998,40.16277],[24.30125,40.11554],[24.39961,40.14178],[24.38594,40.18127],[24.28871,40.24448],[24.24794,40.30978],[24.19492,40.31947],[24.19271,40.34208],[24.15491,40.35878],[24.066,40.36755],[24.00767,40.45161],[23.99345,40.44271],[24.01121,40.39201],[23.99965,40.38248],[23.9304,40.38064],[23.86471,40.4128],[23.8315,40.45061],[23.82381,40.50698],[23.92014,40.5334],[23.88321,40.55938],[23.83356,40.55715],[23.81967,40.58051],[23.78415,40.59238],[23.74171,40.65571],[23.69537,40.66744],[23.70576,40.71306],[23.74403,40.75694],[23.8477,40.78578],[23.96332,40.73999],[24.08943,40.72185],[24.34028,40.82528],[24.30597,40.82913],[24.30928,40.84651],[24.33145,40.84301],[24.33806,40.85889],[24.31632,40.87623],[24.37985,40.90941],[24.39515,40.93376],[24.51084,40.95932],[24.55568,40.95088],[24.62673,40.85783],[24.67169,40.87358],[24.71401,40.86814],[24.68916,40.85409],[24.76305,40.85963],[24.80337,40.84603],[24.79651,40.86555],[24.80588,40.84879],[24.88454,40.91181],[24.98974,40.93001],[24.99848,40.96025],[25.05628,40.99846],[25.14365,41.00987],[25.08897,41.02094],[25.07585,41.0467],[25.11362,41.09133],[25.13738,41.07367],[25.12176,41.04992],[25.15555,41.04266],[25.17841,41.00804],[25.12812,41.00346],[25.14162,40.98855],[25.16543,40.99855],[25.13047,40.97355],[25.12945,40.95602],[25.24862,40.93621],[25.2641,40.92104],[25.29376,40.94305],[25.3356,40.94768],[25.37984,40.90942],[25.56076,40.85681],[25.59078,40.86852],[25.73173,40.84471],[25.9498,40.84237],[26.0008,40.80965],[26.0132,40.81828],[26.00409,40.79463],[26.02109,40.79606],[26.03361,40.77675],[26.06926,40.78125],[26.03357,40.77276],[26.03457,40.74529],[26.04756,40.75403],[26.02574,40.73683],[26.03711,40.72984],[25.81111,40.64197],[25.95706,40.43816],[25.79772,40.332],[25.44176,40.22765],[25.68963,39.88003],[25.66697,39.83096],[25.6865,39.60238],[25.65553,39.5562],[25.98337,39.39325],[26.07056,39.3877],[26.17391,39.41864],[26.34694,39.43669],[26.466,39.42122],[26.49667,39.27763],[26.55698,39.22365],[26.63767,39.1879],[26.71139,39.08902],[26.67631,38.92365],[26.63841,38.86008],[26.5929,38.83152],[26.55738,38.81422],[26.3171,38.81791],[26.15185,38.79389],[26.21736,38.65318],[26.32356,38.53934],[26.34294,38.49777],[26.30271,38.46034],[26.23027,38.43606],[26.21198,38.38716],[26.22066,38.34562],[26.19101,38.31885],[26.17079,38.26253],[26.22016,38.1545],[26.2721,37.95067],[26.38427,37.92404],[26.68792,37.96234],[26.84238,37.91599],[26.92454,37.90782],[26.9732,37.92092],[27.1092,37.88023],[27.1648,37.78062],[27.09599,37.70439],[27.00081,37.69388],[26.94205,37.64063],[26.94854,37.57259],[27.06114,37.55067],[27.09287,37.49883],[27.10335,37.41539],[27.09273,37.39677],[27.22142,37.23557],[27.13197,37.17485],[27.15562,37.07156],[27.15052,37.03804],[27.11827,37.00837],[27.20383,36.96408],[27.2263,36.93695],[27.32098,36.9203],[27.39048,36.93214],[27.47043,36.86626],[27.39091,36.80327],[27.26177,36.74134],[27.27364,36.65672],[27.33622,36.58148],[27.57196,36.51788],[27.59102,36.54893],[27.69859,36.60631],[27.76444,36.69324],[27.87447,36.70463],[27.90736,36.69487],[27.92741,36.6418],[27.92901,36.53411],[27.96464,36.46272],[28.13545,36.50683],[28.28075,36.57283],[28.44266,36.56197],[28.53562,36.46958],[28.67461,36.24004],[28.6851,36.1117],[28.712,36.00225],[28.53877,35.6446],[27.1279,35.10236],[26.38781,35.55992],[23.86101,36.0103],[23.19019,35.71042],[22.46282,34.26239],[21.94162,34.47494],[21.33931,34.79641],[20.99199,34.85261],[20.52104,34.8647],[19.74528,34.94909],[19.23966,35.12667],[18.58621,35.32073],[18.30452,35.42515],[18.345,35.57],[18.26167,36.15],[18.3,36.44167],[18.32,36.90667],[18.28333,37.355]],[[27.82887,36.6541],[27.84194,36.64568],[27.86691,36.65348],[27.85286,36.66453],[27.82887,36.6541]],[[27.8548,36.5289],[27.85475,36.51717],[27.87137,36.52588],[27.8548,36.5289]],[[27.68523,36.15603],[27.70661,36.14796],[27.71071,36.11257],[27.76029,36.09024],[27.75449,36.00881],[27.7178,35.94021],[27.7813,35.88645],[27.84035,35.91557],[27.89311,35.95913],[27.95333,36.04506],[28.02155,36.07678],[28.08695,36.05375],[28.07485,36.07288],[28.10048,36.10427],[28.06821,36.10648],[28.07673,36.14454],[28.10421,36.18036],[28.13634,36.1841],[28.14832,36.22772],[28.17597,36.25144],[28.17827,36.28671],[28.21408,36.32165],[28.20501,36.34703],[28.24744,36.38634],[28.2284,36.40347],[28.23886,36.44753],[28.2211,36.45835],[28.18805,36.42145],[28.11816,36.4193],[27.89761,36.33303],[27.84603,36.28354],[27.80531,36.27032],[27.76787,36.1885],[27.68523,36.15603]],[[27.68484,36.26763],[27.70866,36.26911],[27.69631,36.25439],[27.70346,36.24373],[27.72331,36.26921],[27.72438,36.28213],[27.70665,36.28342],[27.68484,36.26763]],[[27.76901,36.60976],[27.76652,36.58341],[27.81341,36.58955],[27.7953,36.56627],[27.84368,36.56376],[27.84654,36.54865],[27.82803,36.5409],[27.84672,36.53686],[27.87647,36.54856],[27.86283,36.56664],[27.87816,36.57752],[27.85963,36.58246],[27.87827,36.58801],[27.87936,36.61743],[27.85616,36.61382],[27.87221,36.63163],[27.83913,36.61608],[27.81584,36.62259],[27.83754,36.64384],[27.79433,36.62735],[27.78414,36.60229],[27.76901,36.60976]],[[27.51989,36.23837],[27.52641,36.21094],[27.61555,36.21419],[27.61867,36.24351],[27.51989,36.23837]],[[27.18535,35.85906],[27.23959,35.82956],[27.23245,35.87569],[27.2414,35.90135],[27.22692,35.90617],[27.18535,35.85906]],[[27.06108,35.59797],[27.11281,35.54483],[27.105,35.51192],[27.11921,35.48483],[27.07935,35.44382],[27.14003,35.4173],[27.13243,35.40082],[27.14377,35.39834],[27.17323,35.42466],[27.15174,35.42501],[27.17415,35.46147],[27.19374,35.46188],[27.20249,35.48045],[27.23094,35.47314],[27.24313,35.49503],[27.2011,35.51491],[27.21967,35.547],[27.15121,35.61519],[27.16365,35.62283],[27.16182,35.65476],[27.22008,35.73001],[27.21052,35.76856],[27.23251,35.80017],[27.23041,35.83021],[27.16278,35.80337],[27.16217,35.72616],[27.12391,35.6843],[27.12072,35.64388],[27.06108,35.59797]],[[27.29785,36.46892],[27.29223,36.42485],[27.31938,36.40633],[27.35388,36.43231],[27.36225,36.3916],[27.37277,36.40201],[27.3813,36.37815],[27.4516,36.40597],[27.3891,36.41266],[27.40057,36.44153],[27.38765,36.4375],[27.36013,36.48142],[27.3468,36.4798],[27.32921,36.45722],[27.29785,36.46892]],[[26.85205,35.37302],[26.84724,35.34719],[26.88227,35.33882],[26.98269,35.39649],[27.0138,35.43356],[26.90839,35.42296],[26.85205,35.37302]],[[26.84066,35.43607],[26.86054,35.42924],[26.87553,35.43143],[26.87184,35.4435],[26.84066,35.43607]],[[27.10714,36.95496],[27.1331,36.92182],[27.17084,36.92039],[27.15102,36.93527],[27.17235,36.95265],[27.13046,36.95929],[27.10714,36.95496]],[[27.08025,37.28048],[27.1021,37.27796],[27.09016,37.30754],[27.08025,37.28048]],[[27.12807,36.60862],[27.12262,36.57301],[27.16094,36.55932],[27.19335,36.55663],[27.21438,36.58197],[27.19065,36.61828],[27.12807,36.60862]],[[27.10366,36.66532],[27.11352,36.6447],[27.12478,36.66747],[27.14475,36.66921],[27.13654,36.6817],[27.10366,36.66532]],[[26.92182,36.76434],[26.92366,36.70463],[26.96944,36.67108],[26.97054,36.70804],[26.98432,36.71468],[26.9707,36.73701],[26.9838,36.75196],[27.03854,36.76815],[27.11223,36.75769],[27.17766,36.81063],[27.35601,36.85821],[27.33865,36.89131],[27.30863,36.88632],[27.27249,36.91147],[27.07641,36.85258],[26.99114,36.76985],[26.92182,36.76434]],[[26.88403,37.01179],[26.91621,36.99456],[26.92512,37.00739],[26.90921,37.01793],[26.88403,37.01179]],[[26.65406,36.35571],[26.67358,36.32869],[26.6983,36.33987],[26.68051,36.36059],[26.65406,36.35571]],[[26.88299,37.07679],[26.91937,37.0524],[26.91242,37.03763],[26.9404,37.04304],[26.96719,37.01592],[26.9376,37.01806],[26.92471,36.98192],[26.93414,36.96977],[26.90952,36.95162],[26.94055,36.92549],[26.98589,36.92494],[26.9835,36.94811],[27.05436,36.94576],[27.03172,36.95836],[27.04635,36.97094],[27.03046,36.97398],[27.05134,36.99939],[27.03358,37.01555],[27.00619,37.00376],[26.97193,37.04119],[26.99382,37.0412],[26.95496,37.06368],[26.88299,37.07679]],[[26.98489,37.47505],[26.99585,37.47455],[27.00701,37.47824],[26.99541,37.47821],[26.98489,37.47505]],[[26.92513,37.47509],[26.94584,37.4469],[27.00798,37.45573],[26.97203,37.47764],[26.92513,37.47509]],[[26.76473,37.17277],[26.79825,37.15069],[26.82961,37.15184],[26.80706,37.1345],[26.824,37.11157],[26.86,37.12998],[26.83821,37.11401],[26.84869,37.0959],[26.87644,37.0972],[26.87173,37.10913],[26.88722,37.09716],[26.89082,37.11848],[26.86043,37.14426],[26.87407,37.15772],[26.83597,37.16176],[26.85698,37.18827],[26.81658,37.18811],[26.8083,37.20307],[26.79446,37.20081],[26.80275,37.18665],[26.77859,37.19457],[26.76473,37.17277]],[[26.72113,37.32814],[26.71627,37.30184],[26.76298,37.2971],[26.76345,37.27914],[26.78518,37.2771],[26.78728,37.308],[26.75793,37.30563],[26.72113,37.32814]],[[26.71025,37.40053],[26.74002,37.36722],[26.75963,37.37439],[26.71717,37.41269],[26.71025,37.40053]],[[26.41879,36.9927],[26.44989,36.9928],[26.46271,37.00448],[26.49793,36.9984],[26.4546,37.0163],[26.42816,37.01245],[26.4415,36.99832],[26.41879,36.9927]],[[26.5332,37.37853],[26.54472,37.33469],[26.53094,37.32892],[26.52603,37.2935],[26.55525,37.29124],[26.54366,37.28242],[26.5727,37.26954],[26.56005,37.2924],[26.57269,37.3069],[26.54382,37.32873],[26.5607,37.32613],[26.56751,37.35146],[26.61183,37.33618],[26.57743,37.37666],[26.54671,37.36642],[26.5332,37.37853]],[[26.46034,36.54293],[26.46118,36.52707],[26.47377,36.53003],[26.46034,36.54293]],[[26.25901,36.59288],[26.27323,36.5625],[26.26169,36.55553],[26.28929,36.51569],[26.3684,36.5084],[26.34094,36.53926],[26.35903,36.54301],[26.36618,36.57811],[26.40585,36.56872],[26.44846,36.58989],[26.4527,36.57675],[26.47529,36.57992],[26.40025,36.64171],[26.37101,36.63681],[26.38238,36.61248],[26.41363,36.62136],[26.38951,36.61023],[26.40192,36.58429],[26.38168,36.59513],[26.3429,36.57009],[26.3068,36.59571],[26.25901,36.59288]],[[26.53993,37.59065],[26.56691,37.59668],[26.5626,37.60989],[26.53993,37.59065]],[[26.5663,37.72989],[26.59139,37.67452],[26.62363,37.68023],[26.64212,37.70249],[26.72049,37.71003],[26.75118,37.69734],[26.79422,37.64266],[26.85946,37.63569],[26.87952,37.6401],[26.89923,37.67816],[26.95068,37.68885],[26.98023,37.70627],[27.06774,37.71132],[27.06736,37.72679],[27.03653,37.72811],[27.04386,37.74233],[27.02491,37.75214],[27.06796,37.77842],[26.99924,37.77684],[26.99036,37.796],[26.98137,37.77875],[26.95287,37.78721],[26.97586,37.75444],[26.96607,37.7479],[26.84827,37.80566],[26.72673,37.80856],[26.59535,37.76172],[26.5663,37.72989]],[[26.26989,36.98756],[26.27727,36.97147],[26.30891,36.98897],[26.26989,36.98756]],[[26.46202,37.58151],[26.46574,37.5677],[26.50948,37.52649],[26.51553,37.55197],[26.49624,37.57594],[26.53008,37.59422],[26.53901,37.62515],[26.52988,37.61969],[26.53449,37.64249],[26.50845,37.65483],[26.49632,37.62599],[26.51546,37.62205],[26.51815,37.59772],[26.49553,37.58263],[26.47388,37.60293],[26.4792,37.57688],[26.46202,37.58151]],[[26.39589,37.5776],[26.43303,37.57714],[26.44869,37.5633],[26.4592,37.57786],[26.43657,37.59881],[26.39589,37.5776]],[[25.87739,36.27241],[25.88739,36.26679],[25.88819,36.27365],[25.87739,36.27241]],[[25.72601,36.36619],[25.73566,36.35316],[25.76953,36.3415],[25.85749,36.35763],[25.83063,36.36058],[25.76685,36.40604],[25.72601,36.36619]],[[25.74747,36.79384],[25.75743,36.77362],[25.78837,36.76677],[25.86564,36.78658],[25.98382,36.88328],[26.08432,36.8943],[26.00692,36.93803],[25.97147,36.92715],[25.95486,36.90918],[25.97684,36.9064],[25.96881,36.89651],[25.84377,36.85174],[25.8387,36.83536],[25.86556,36.82948],[25.84617,36.82824],[25.84496,36.81141],[25.78413,36.8147],[25.74747,36.79384]],[[25.97425,37.52029],[25.98997,37.50781],[26.07908,37.52654],[26.11781,37.55633],[26.21586,37.56746],[26.32312,37.63108],[26.36137,37.69147],[26.29625,37.67928],[26.19702,37.62619],[26.14614,37.63836],[26.05913,37.62357],[25.97425,37.52029]],[[26.27594,38.51359],[26.27863,38.49534],[26.29332,38.49629],[26.27594,38.51359]],[[25.77715,37.12206],[25.79847,37.09056],[25.83557,37.09516],[25.84177,37.10996],[25.81943,37.12449],[25.83044,37.13619],[25.79198,37.11734],[25.77715,37.12206]],[[26.18295,38.54443],[26.20555,38.51397],[26.25298,38.51236],[26.24936,38.50144],[26.27069,38.52229],[26.18295,38.54443]],[[25.68128,37.08415],[25.69306,37.08131],[25.69008,37.09192],[25.68128,37.08415]],[[25.65853,36.84586],[25.66584,36.83725],[25.67083,36.84212],[25.65853,36.84586]],[[25.60586,36.88863],[25.65079,36.8734],[25.68277,36.88028],[25.64934,36.90932],[25.60586,36.88863]],[[25.5877,36.94011],[25.60912,36.92898],[25.62792,36.94597],[25.60977,36.9534],[25.5877,36.94011]],[[25.55221,36.90363],[25.57508,36.89748],[25.59839,36.91798],[25.58401,36.91977],[25.55221,36.90363]],[[25.48281,37.45553],[25.49031,37.4435],[25.49202,37.46057],[25.48281,37.45553]],[[25.83031,38.54564],[25.86336,38.49104],[25.93928,38.46234],[25.95915,38.404],[25.99185,38.39029],[25.99563,38.34247],[25.97301,38.32879],[25.9649,38.29533],[25.9313,38.30075],[25.92986,38.28714],[25.91825,38.29976],[25.87625,38.27387],[25.8642,38.2478],[25.88709,38.24147],[25.88779,38.21682],[25.9143,38.22124],[25.92703,38.19222],[25.95225,38.19418],[26.0129,38.14697],[26.04115,38.20043],[26.09875,38.20821],[26.11631,38.23258],[26.10413,38.27225],[26.15763,38.30668],[26.16178,38.32927],[26.14337,38.33898],[26.13411,38.4076],[26.15488,38.45794],[26.13645,38.46186],[26.14428,38.47676],[26.12374,38.47684],[26.15397,38.49609],[26.16034,38.55103],[26.13288,38.56665],[26.13083,38.54272],[26.11655,38.5552],[26.11357,38.54066],[26.10608,38.55633],[26.08446,38.55656],[26.06339,38.59358],[26.00616,38.60464],[25.85749,38.58061],[25.83031,38.54564]],[[25.50191,36.86755],[25.53794,36.85207],[25.5464,36.86831],[25.53393,36.86564],[25.52363,36.89459],[25.50191,36.86755]],[[25.38747,36.41104],[25.39602,36.39375],[25.41056,36.40409],[25.40175,36.41248],[25.38747,36.41104]],[[25.36922,36.46013],[25.41923,36.45161],[25.42774,36.38634],[25.41262,36.36183],[25.35419,36.35774],[25.44437,36.33177],[25.48531,36.36011],[25.48751,36.40728],[25.42255,36.47455],[25.3826,36.48192],[25.36922,36.46013]],[[25.32375,36.41918],[25.35057,36.41589],[25.3559,36.45046],[25.33565,36.45519],[25.32375,36.41918]],[[25.41635,36.82747],[25.45137,36.81812],[25.48104,36.84077],[25.47407,36.87174],[25.41635,36.82747]],[[25.20447,36.25938],[25.19985,36.24317],[25.21214,36.24876],[25.20447,36.25938]],[[25.24618,36.7222],[25.29355,36.71429],[25.3568,36.64171],[25.37012,36.66016],[25.38786,36.64723],[25.38289,36.66951],[25.39483,36.67108],[25.38063,36.6954],[25.40329,36.71527],[25.36316,36.73788],[25.36668,36.75033],[25.33047,36.75283],[25.3297,36.77501],[25.30292,36.79166],[25.2734,36.7879],[25.24618,36.7222]],[[25.3341,37.07625],[25.37387,37.04758],[25.36366,37.02496],[25.39311,36.99343],[25.38412,36.97506],[25.42424,36.96735],[25.43183,36.92446],[25.44951,36.91586],[25.49949,36.95057],[25.55089,36.95799],[25.58504,37.07436],[25.60643,37.0846],[25.59184,37.08845],[25.59997,37.11568],[25.5863,37.14863],[25.53583,37.20334],[25.3341,37.07625]],[[25.30775,37.48405],[25.32948,37.44914],[25.32327,37.42648],[25.30032,37.43171],[25.31281,37.41835],[25.30446,37.40263],[25.32301,37.42149],[25.34867,37.40279],[25.38709,37.4225],[25.3996,37.41342],[25.40547,37.43369],[25.45944,37.44603],[25.46144,37.47498],[25.42882,37.47131],[25.43033,37.48262],[25.38692,37.49643],[25.37529,37.46125],[25.36027,37.49645],[25.34476,37.49991],[25.30775,37.48405]],[[25.83146,39.18833],[25.84297,39.17437],[25.93387,39.13306],[25.95569,39.10421],[25.993,39.10858],[26.06732,39.08685],[26.09716,39.11165],[26.11245,39.10478],[26.16859,39.19705],[26.24338,39.207],[26.28411,39.19496],[26.29541,39.17816],[26.28124,39.15525],[26.18783,39.12558],[26.13472,39.0871],[26.10537,39.09427],[26.08361,39.07432],[26.11079,39.06795],[26.16843,39.00479],[26.23438,39.01588],[26.39874,38.962],[26.51469,38.98011],[26.51817,38.96965],[26.54665,39.00432],[26.44195,39.10261],[26.4833,39.11917],[26.52843,39.08217],[26.51133,39.04926],[26.52958,39.04616],[26.52087,39.03771],[26.53943,39.0112],[26.61337,39.01452],[26.61154,39.04603],[26.5579,39.09618],[26.56858,39.11146],[26.52995,39.14159],[26.54047,39.16736],[26.50263,39.17856],[26.47513,39.22443],[26.37996,39.27143],[26.42458,39.33441],[26.36872,39.34062],[26.35023,39.35432],[26.36719,39.37779],[26.33448,39.38377],[26.31582,39.37312],[26.18373,39.37908],[26.16573,39.36956],[26.17846,39.33021],[26.12753,39.30761],[26.10118,39.31544],[26.07187,39.29567],[25.95227,39.27441],[25.9092,39.29682],[25.85565,39.25452],[25.86283,39.24114],[25.84557,39.22827],[25.85619,39.19187],[25.83146,39.18833]],[[25.53004,38.59272],[25.56579,38.56349],[25.56224,38.53271],[25.57471,38.53951],[25.60939,38.53413],[25.62357,38.57456],[25.59191,38.60835],[25.53004,38.59272]],[[25.49573,38.53365],[25.52263,38.53024],[25.5289,38.55058],[25.51042,38.55283],[25.49573,38.53365]],[[25.05977,36.63798],[25.11603,36.65154],[25.18501,36.71275],[25.13205,36.71046],[25.09411,36.69212],[25.05977,36.63798]],[[25.01005,36.62232],[25.03089,36.63324],[25.0207,36.63735],[25.01005,36.62232]],[[25.10665,37.05915],[25.09785,37.01736],[25.11716,36.99206],[25.18024,36.97503],[25.22015,36.98889],[25.27907,37.04952],[25.25582,37.0797],[25.29284,37.12422],[25.27747,37.13187],[25.2951,37.14321],[25.26381,37.15238],[25.26432,37.12372],[25.21473,37.12305],[25.23787,37.14498],[25.22502,37.15572],[25.15802,37.12131],[25.13004,37.09451],[25.15609,37.08984],[25.10665,37.05915]],[[25.19793,37.43231],[25.21522,37.3994],[25.23335,37.39759],[25.22043,37.36778],[25.24048,37.3866],[25.25196,37.37592],[25.25703,37.39191],[25.23263,37.39986],[25.24013,37.42031],[25.22376,37.43917],[25.21863,37.42515],[25.19793,37.43231]],[[25.02137,37.01102],[25.02512,36.98537],[25.01405,36.98395],[25.07281,36.93915],[25.06012,36.97221],[25.09184,37.0474],[25.06315,37.04123],[25.02137,37.01102]],[[24.98365,36.9767],[24.98057,36.95737],[25.02125,36.95511],[25.03448,36.96365],[24.98365,36.9767]],[[24.83662,36.65889],[24.85896,36.63178],[24.89409,36.63042],[24.91095,36.59875],[24.94896,36.59311],[24.96017,36.60424],[24.95002,36.62274],[24.84739,36.66203],[24.83662,36.65889]],[[24.97241,37.65771],[25.10232,37.57915],[25.11383,37.5495],[25.14383,37.55104],[25.16397,37.52936],[25.2307,37.53529],[25.24952,37.57832],[25.25371,37.61066],[25.1895,37.6397],[25.14922,37.64198],[25.14111,37.62989],[25.11359,37.65341],[25.07977,37.64],[25.0491,37.65331],[25.06355,37.66244],[25.0524,37.67552],[25.00647,37.67743],[24.99819,37.66461],[24.98194,37.67798],[24.97241,37.65771]],[[25.44359,40.47608],[25.55941,40.39537],[25.59037,40.39308],[25.69502,40.42073],[25.70029,40.46476],[25.65657,40.49388],[25.55318,40.50788],[25.50101,40.49757],[25.46807,40.4725],[25.44359,40.47608]],[[24.87618,37.51065],[24.9013,37.48902],[24.88745,37.46115],[24.90015,37.44576],[24.86337,37.42893],[24.87781,37.42127],[24.85604,37.40662],[24.8552,37.39515],[24.88188,37.39672],[24.87706,37.36193],[24.9467,37.38119],[24.97382,37.40088],[24.93874,37.43086],[24.95068,37.47585],[24.91896,37.50408],[24.87618,37.51065]],[[24.60482,36.77459],[24.61673,36.7524],[24.64781,36.74402],[24.66673,36.75331],[24.66573,36.76962],[24.63811,36.78688],[24.61531,36.79034],[24.60482,36.77459]],[[24.63508,37.02736],[24.65507,37.0231],[24.6546,36.9976],[24.67991,36.99085],[24.65487,36.97952],[24.68029,36.95549],[24.69883,36.90304],[24.71016,36.90534],[24.76384,36.95549],[24.70867,37.01999],[24.64442,37.04098],[24.63508,37.02736]],[[24.51993,36.82211],[24.52079,36.80377],[24.53958,36.77146],[24.57273,36.77622],[24.60171,36.82264],[24.55862,36.84856],[24.51993,36.82211]],[[24.59238,37.25133],[24.61255,37.25129],[24.59748,37.26045],[24.59238,37.25133]],[[24.65641,37.61065],[24.6593,37.60034],[24.74662,37.59103],[24.73556,37.60232],[24.74377,37.63377],[24.7071,37.63093],[24.68773,37.61043],[24.65641,37.61065]],[[24.6794,37.92508],[24.7119,37.89581],[24.70972,37.87091],[24.73285,37.88777],[24.76667,37.87493],[24.79891,37.83437],[24.79562,37.81588],[24.81988,37.8186],[24.84818,37.7753],[24.88737,37.76493],[24.92479,37.70013],[24.95766,37.68951],[24.95254,37.70346],[25.00154,37.7708],[24.95222,37.77041],[24.98092,37.8126],[24.93522,37.84155],[24.95759,37.87091],[24.95735,37.89862],[24.83988,37.9095],[24.83242,37.95888],[24.7933,37.96971],[24.78781,37.99892],[24.69291,37.96622],[24.69499,37.93239],[24.6794,37.92508]],[[24.33881,36.74301],[24.31696,36.66219],[24.32326,36.64485],[24.44519,36.66986],[24.47291,36.65743],[24.53538,36.67764],[24.54855,36.706],[24.53091,36.74105],[24.54846,36.75586],[24.52378,36.76906],[24.47721,36.74114],[24.44448,36.74897],[24.42713,36.77394],[24.4048,36.75163],[24.42807,36.72381],[24.45214,36.72572],[24.46971,36.70797],[24.4463,36.68924],[24.39553,36.70498],[24.39545,36.73608],[24.33881,36.74301]],[[24.41081,37.12389],[24.46075,37.13751],[24.45955,37.1222],[24.48583,37.1255],[24.48257,37.10914],[24.49739,37.10952],[24.51842,37.12205],[24.51681,37.14611],[24.5353,37.1316],[24.52301,37.1664],[24.53355,37.19361],[24.49052,37.21017],[24.45795,37.19803],[24.41081,37.12389]],[[24.97003,39.50901],[24.9903,39.46781],[25.05759,39.53004],[25.0,39.56189],[24.97003,39.50901]],[[25.03629,39.9893],[25.04935,39.97671],[25.04722,39.93192],[25.07322,39.91838],[25.04881,39.86642],[25.0662,39.8532],[25.04414,39.8293],[25.11871,39.85181],[25.13736,39.8334],[25.15739,39.85161],[25.17233,39.84572],[25.13787,39.80248],[25.22711,39.79611],[25.20658,39.8219],[25.21075,39.83982],[25.1798,39.8462],[25.20355,39.87695],[25.23192,39.87887],[25.18897,39.87995],[25.23308,39.9107],[25.2623,39.91024],[25.2783,39.8956],[25.2689,39.86638],[25.23509,39.84945],[25.29507,39.82136],[25.30003,39.79497],[25.35743,39.78374],[25.35029,39.79969],[25.37229,39.81278],[25.34425,39.83855],[25.35632,39.85714],[25.34088,39.87746],[25.37192,39.89017],[25.35669,39.8905],[25.35783,39.90928],[25.38852,39.91023],[25.38828,39.94409],[25.44363,39.98017],[25.44081,40.03494],[25.40218,40.00547],[25.36743,40.01794],[25.37208,40.00262],[25.33708,39.97754],[25.3471,39.96601],[25.3252,39.9567],[25.33176,39.96952],[25.31812,39.96763],[25.29089,39.93948],[25.27449,39.94763],[25.28913,39.95485],[25.26466,39.96322],[25.27264,39.99101],[25.24748,39.98924],[25.23568,40.00548],[25.1543,39.98857],[25.14054,40.00752],[25.03629,39.9893]],[[24.59373,38.75301],[24.61349,38.75016],[24.6277,38.75823],[24.60938,38.76339],[24.59373,38.75301]],[[24.47793,38.80871],[24.48902,38.79793],[24.49925,38.8372],[24.47793,38.80871]],[[24.44793,38.94518],[24.46734,38.91559],[24.42993,38.87671],[24.47708,38.87343],[24.48085,38.85249],[24.5107,38.85626],[24.50425,38.84035],[24.56516,38.84038],[24.56895,38.80842],[24.5305,38.79604],[24.55818,38.76707],[24.57151,38.7598],[24.56616,38.7825],[24.59319,38.78925],[24.61684,38.76342],[24.63903,38.77482],[24.65265,38.76468],[24.68385,38.77321],[24.68651,38.79422],[24.65063,38.83617],[24.56825,38.87528],[24.58494,38.92504],[24.50925,38.96184],[24.48561,38.98573],[24.45509,38.96456],[24.44793,38.94518]],[[24.343,38.83096],[24.3613,38.83007],[24.37273,38.84079],[24.34963,38.84766],[24.343,38.83096]],[[24.31174,39.3369],[24.32976,39.3411],[24.33193,39.36944],[24.31856,39.35761],[24.31174,39.3369]],[[24.09979,39.09279],[24.11374,39.06716],[24.09981,39.05376],[24.12762,39.06567],[24.11948,39.09781],[24.09979,39.09279]],[[24.51118,40.66333],[24.51212,40.63799],[24.52897,40.61958],[24.58962,40.62129],[24.60901,40.60547],[24.60305,40.59375],[24.63907,40.58323],[24.64413,40.56737],[24.76178,40.61833],[24.77505,40.60547],[24.78476,40.62481],[24.76298,40.67433],[24.78295,40.68536],[24.78308,40.70576],[24.75643,40.71951],[24.78435,40.73399],[24.7378,40.75673],[24.71664,40.78577],[24.68656,40.77854],[24.65085,40.80073],[24.58369,40.75895],[24.56261,40.76113],[24.51118,40.66333]],[[24.1345,39.37002],[24.16099,39.36054],[24.18957,39.3967],[24.17493,39.42812],[24.15733,39.38442],[24.1345,39.37002]],[[24.03959,39.32304],[24.06475,39.31665],[24.04767,39.30359],[24.06935,39.29276],[24.09484,39.30727],[24.09938,39.34978],[24.07494,39.35149],[24.077,39.36964],[24.05907,39.3581],[24.03959,39.32304]],[[23.93929,39.18309],[23.94328,39.17178],[23.98403,39.16449],[23.99305,39.21322],[23.98223,39.20897],[23.97756,39.23708],[23.9614,39.2196],[23.97241,39.19986],[23.93929,39.18309]],[[23.82759,39.14846],[23.85081,39.13091],[23.90574,39.16081],[23.98465,39.26524],[23.94457,39.27156],[23.95432,39.29408],[23.8662,39.20218],[23.8791,39.17663],[23.82759,39.14846]],[[23.88855,40.33256],[23.92304,40.31991],[23.91618,40.34165],[23.88855,40.33256]],[[23.92304,40.31991],[23.92346,40.31856],[23.94849,40.31057],[23.92304,40.31991]],[[23.76963,40.22405],[23.77123,40.2063],[23.78945,40.20072],[23.78141,40.22219],[23.76963,40.22405]],[[23.58828,39.20389],[23.66256,39.11148],[23.65211,39.08525],[23.69782,39.08894],[23.72217,39.06966],[23.76675,39.08757],[23.79317,39.12299],[23.74516,39.13051],[23.7326,39.11917],[23.72152,39.1478],[23.63764,39.18252],[23.61043,39.21136],[23.58828,39.20389]],[[23.38623,39.15655],[23.39029,39.1405],[23.44498,39.1411],[23.46086,39.127],[23.47535,39.15968],[23.50192,39.16904],[23.50627,39.15719],[23.51584,39.17901],[23.48307,39.20606],[23.45657,39.20462],[23.441,39.19777],[23.44324,39.18145],[23.38623,39.15655]],[[23.06625,39.15006],[23.09126,39.1589],[23.09492,39.16829],[23.07863,39.16479],[23.06625,39.15006]],[[24.22041,36.80119],[24.22204,36.78082],[24.24801,36.77028],[24.25419,36.80121],[24.22041,36.80119]],[[24.36298,37.4206],[24.39728,37.41218],[24.39653,37.36666],[24.36897,37.33296],[24.37326,37.31093],[24.3609,37.31074],[24.36334,37.2995],[24.39368,37.30432],[24.4432,37.34446],[24.45789,37.39553],[24.47032,37.39391],[24.485,37.40723],[24.42664,37.44153],[24.43919,37.4821],[24.42643,37.48049],[24.36298,37.4206]],[[24.26352,37.59137],[24.28061,37.57625],[24.27479,37.52237],[24.29363,37.52237],[24.39719,37.61957],[24.40678,37.66277],[24.36325,37.68503],[24.34876,37.67507],[24.35175,37.68822],[24.32541,37.68191],[24.313,37.6674],[24.32752,37.66493],[24.29289,37.65694],[24.26352,37.59137]],[[24.28191,38.03009],[24.29386,38.00925],[24.2967,38.03413],[24.28191,38.03009]],[[24.22882,37.98429],[24.24844,37.97454],[24.2828,37.98584],[24.26955,38.01596],[24.24316,38.01917],[24.22882,37.98429]],[[24.12558,37.73912],[24.10473,37.64404],[24.15278,37.7221],[24.14267,37.75765],[24.12558,37.73912]],[[24.14955,38.18155],[24.16561,38.15562],[24.17632,38.18251],[24.14955,38.18155]],[[24.09566,38.21419],[24.1112,38.21821],[24.1071,38.23571],[24.09566,38.21419]],[[23.08726,38.66565],[23.09842,38.66804],[23.09642,38.68287],[23.08726,38.66565]],[[22.82994,38.82606],[22.99263,38.85031],[22.97968,38.87335],[22.9493,38.87513],[22.96397,38.89029],[23.03213,38.88217],[23.04385,38.85298],[23.08214,38.83861],[23.13379,38.85215],[23.19583,38.83463],[23.28313,38.76729],[23.32412,38.76114],[23.38735,38.69701],[23.42846,38.68403],[23.44968,38.64875],[23.49139,38.63421],[23.51238,38.58573],[23.59886,38.57163],[23.6359,38.51073],[23.62361,38.47529],[23.60392,38.47674],[23.58794,38.44764],[23.61284,38.453],[23.6466,38.39976],[23.69021,38.41266],[23.79061,38.38759],[23.82464,38.40533],[23.89332,38.38357],[23.96325,38.38622],[23.99664,38.40532],[24.01558,38.39053],[24.04842,38.39495],[24.05993,38.34158],[24.02271,38.3283],[24.09372,38.32262],[24.11637,38.30075],[24.09538,38.28017],[24.11188,38.25006],[24.1398,38.28096],[24.15953,38.26802],[24.11682,38.21831],[24.12748,38.20605],[24.13422,38.21801],[24.15102,38.21152],[24.13944,38.22519],[24.16433,38.22653],[24.20703,38.17892],[24.20549,38.15113],[24.17826,38.12947],[24.21417,38.12095],[24.20184,38.08431],[24.24852,38.09534],[24.28352,38.08334],[24.2856,38.06634],[24.3082,38.06777],[24.3213,38.047],[24.30623,38.02246],[24.38696,37.95716],[24.40329,37.97752],[24.38707,37.99485],[24.41414,38.01225],[24.46193,37.99597],[24.47064,37.9592],[24.49322,37.94871],[24.56229,37.98163],[24.58523,38.02298],[24.57513,38.10625],[24.59143,38.15717],[24.55717,38.14141],[24.4569,38.14098],[24.39621,38.16688],[24.34979,38.15546],[24.32677,38.18753],[24.27225,38.19836],[24.24828,38.23073],[24.25781,38.28488],[24.20637,38.33781],[24.21333,38.37993],[24.1822,38.39437],[24.20907,38.40596],[24.18164,38.43456],[24.1882,38.48409],[24.23319,38.52458],[24.12241,38.59845],[24.1224,38.62805],[24.1551,38.65243],[24.04724,38.68718],[24.0115,38.6733],[23.98166,38.68202],[23.95602,38.66108],[23.89578,38.67963],[23.86088,38.67187],[23.75875,38.7059],[23.70488,38.7691],[23.66919,38.75096],[23.5902,38.76395],[23.59008,38.78429],[23.57427,38.77878],[23.47025,38.83624],[23.42676,38.9034],[23.42989,38.95431],[23.38489,38.96222],[23.37106,38.982],[23.37722,39.00719],[23.33783,39.01621],[23.31641,39.03928],[23.27867,39.03873],[23.20395,39.00422],[23.13017,39.008],[23.09072,38.98107],[23.08153,38.94058],[23.04804,38.94248],[23.0069,38.90833],[22.85093,38.87064],[22.82994,38.82606]],[[23.90607,37.4896],[23.93869,37.46011],[23.93459,37.4776],[23.90607,37.4896]],[[23.94093,37.65642],[23.94023,37.6449],[23.96286,37.64391],[23.94093,37.65642]],[[23.26897,35.90026],[23.28832,35.85309],[23.32553,35.82504],[23.31737,35.88045],[23.26897,35.90026]],[[23.75673,37.77516],[23.76314,37.76342],[23.76936,37.77447],[23.75673,37.77516]],[[23.42465,37.52719],[23.46446,37.49422],[23.46004,37.50639],[23.4978,37.50155],[23.52421,37.52105],[23.48358,37.53132],[23.47421,37.55769],[23.4754,37.53356],[23.42465,37.52719]],[[23.43263,37.69402],[23.43196,37.68549],[23.44375,37.69272],[23.43263,37.69402]],[[23.42585,37.76752],[23.4347,37.72841],[23.46275,37.71167],[23.46812,37.69798],[23.44989,37.68779],[23.50178,37.67914],[23.5258,37.69266],[23.53647,37.74222],[23.5615,37.75951],[23.56361,37.76995],[23.50605,37.77478],[23.42585,37.76752]],[[23.41679,37.98188],[23.45162,37.97247],[23.42381,37.9511],[23.49713,37.96115],[23.46945,37.92457],[23.4055,37.92953],[23.40204,37.89432],[23.45422,37.87736],[23.48996,37.90038],[23.5157,37.89583],[23.51185,37.91309],[23.54634,37.9251],[23.53963,37.94038],[23.57842,37.94625],[23.53823,37.94847],[23.5508,37.95298],[23.52744,37.9583],[23.53973,37.98137],[23.52121,37.99654],[23.48638,38.00328],[23.46749,37.99596],[23.47349,37.98093],[23.41679,37.98188]],[[23.32087,37.68529],[23.34201,37.67304],[23.37436,37.69386],[23.3505,37.71107],[23.32087,37.68529]],[[23.25195,37.70527],[23.25973,37.69806],[23.26698,37.70949],[23.25195,37.70527]],[[23.23723,37.81544],[23.25202,37.80199],[23.25669,37.81375],[23.23723,37.81544]],[[23.36344,37.29924],[23.39882,37.29304],[23.4475,37.31642],[23.50416,37.31826],[23.50286,37.34191],[23.57903,37.36394],[23.54828,37.3709],[23.38346,37.31576],[23.36344,37.29924]],[[23.27662,37.27216],[23.27433,37.25894],[23.28825,37.26497],[23.27662,37.27216]],[[23.28342,37.34021],[23.3088,37.32017],[23.3566,37.33054],[23.36204,37.34169],[23.28342,37.34021]],[[23.09303,37.27589],[23.12843,37.23605],[23.15643,37.23596],[23.16907,37.26264],[23.14371,37.27518],[23.09303,37.27589]],[[22.97442,37.43117],[22.99797,37.43507],[22.98404,37.44155],[22.97442,37.43117]],[[22.89104,36.31936],[22.91724,36.30123],[22.92444,36.24921],[22.90197,36.23707],[22.9083,36.19903],[22.94139,36.15757],[22.98978,36.1326],[22.9987,36.14529],[23.04655,36.12973],[23.054,36.21663],[23.09212,36.21944],[23.10131,36.24986],[22.98606,36.32165],[22.95141,36.38575],[22.92118,36.37599],[22.89104,36.31936]],[[22.92641,36.47968],[22.93238,36.46148],[22.95892,36.4768],[22.98965,36.46341],[22.97952,36.51043],[22.92641,36.47968]],[[21.75552,36.74989],[21.74921,36.71394],[21.77816,36.70501],[21.78767,36.74334],[21.75552,36.74989]],[[21.69364,36.78324],[21.69641,36.73489],[21.727,36.78468],[21.69364,36.78324]],[[21.53824,37.0552],[21.54954,37.03351],[21.55854,37.06612],[21.53824,37.0552]],[[21.00164,37.24596],[21.01044,37.24016],[21.01758,37.25186],[21.00164,37.24596]],[[22.99235,38.18197],[23.00286,38.17752],[23.0155,38.17876],[23.00573,38.18337],[22.99235,38.18197]],[[22.06503,38.37643],[22.06705,38.36098],[22.08898,38.35595],[22.06503,38.37643]],[[20.61919,37.86186],[20.62626,37.82008],[20.64746,37.79583],[20.67839,37.78978],[20.6728,37.76665],[20.69716,37.75964],[20.69184,37.7435],[20.71157,37.72508],[20.7582,37.70746],[20.80496,37.65365],[20.83614,37.64572],[20.85983,37.65647],[20.8363,37.68562],[20.87181,37.72681],[20.91864,37.73669],[20.98499,37.69674],[20.99363,37.72781],[20.89862,37.77834],[20.90565,37.80515],[20.82279,37.83902],[20.7699,37.84186],[20.725,37.8816],[20.70637,37.9307],[20.68178,37.92623],[20.61919,37.86186]]]}},{"id":"81","type":"Feature","properties":{"zone_id":"GR03_OFF","name":"Greece Offshore Node 03","parent_zone":"GR00_OFF","level":"PEOF","area_km2":147292.07},"geometry":{"type":"Polygon","coordinates":[[[22.46282,34.26239],[23.19019,35.71042],[23.86101,36.0103],[26.38781,35.55992],[27.1279,35.10236],[28.53877,35.6446],[28.712,36.00225],[28.77149,35.83806],[28.86993,35.30848],[29.37726,36.11753],[29.48683,36.18556],[29.54527,36.16009],[29.61368,36.17376],[29.62341,36.13337],[29.67213,36.11029],[29.69849,36.06566],[30.10359,34.20923],[29.84648,33.82085],[29.23413,33.75381],[28.80439,33.50559],[28.3168,33.44636],[27.84184,33.42979],[27.35434,33.34317],[26.97609,33.30148],[26.19226,33.28116],[25.16421,33.46843],[24.81849,33.48231],[24.55334,33.44405],[24.46253,33.44798],[23.3515,33.81653],[23.10838,33.93477],[22.7193,34.15658],[22.46282,34.26239]],[[29.57165,36.15189],[29.56253,36.12101],[29.6051,36.14214],[29.59088,36.15065],[29.59871,36.16615],[29.57165,36.15189]],[[29.48591,36.15259],[29.49843,36.1504],[29.51729,36.15692],[29.50151,36.15783],[29.48591,36.15259]],[[26.15929,35.3339],[26.18114,35.33934],[26.18597,35.3551],[26.16902,35.34951],[26.15929,35.3339]],[[26.15459,35.32784],[26.17368,35.32329],[26.18726,35.32563],[26.17866,35.3323],[26.15459,35.32784]],[[25.18477,35.44115],[25.24114,35.42397],[25.24966,35.45104],[25.21655,35.46685],[25.18477,35.44115]],[[25.73671,35.2809],[25.73677,35.25575],[25.75887,35.25008],[25.75159,35.29238],[25.73671,35.2809]],[[26.13086,34.95039],[26.13341,34.92059],[26.16012,34.94234],[26.13086,34.95039]],[[25.68223,34.8683],[25.72368,34.87157],[25.73176,34.87987],[25.69313,34.88028],[25.68223,34.8683]],[[24.57309,35.00671],[24.58894,35.00369],[24.59919,35.01006],[24.57309,35.00671]],[[24.03572,34.85552],[24.08214,34.82101],[24.13295,34.80583],[24.11217,34.83122],[24.12562,34.85352],[24.10886,34.86421],[24.06539,34.87249],[24.06002,34.85689],[24.03572,34.85552]],[[23.59355,35.62567],[23.56396,35.51006],[23.5801,35.48909],[23.55301,35.46449],[23.567,35.42349],[23.5301,35.38126],[23.52815,35.33831],[23.54864,35.32338],[23.51382,35.3054],[23.54085,35.27102],[23.57866,35.26114],[23.57371,35.24182],[23.58779,35.23106],[23.66356,35.23797],[23.67518,35.22242],[23.70833,35.23865],[23.76682,35.22824],[23.82691,35.24882],[23.92244,35.22108],[23.9905,35.22869],[24.03578,35.19398],[24.20103,35.20025],[24.23037,35.17984],[24.28581,35.17417],[24.38513,35.19371],[24.40148,35.18377],[24.39346,35.17219],[24.52006,35.143],[24.56045,35.10254],[24.74003,35.08277],[24.7602,35.01003],[24.743,34.9901],[24.75386,34.94995],[24.73098,34.92224],[24.83881,34.9402],[24.96473,34.92391],[25.04518,34.94235],[25.09588,34.93135],[25.1476,34.95456],[25.1954,34.9458],[25.25661,34.9608],[25.28165,34.98376],[25.37507,34.99825],[25.50542,34.98134],[25.68651,35.0142],[25.79534,34.99784],[25.9768,35.03906],[26.02599,35.01359],[26.08628,35.0184],[26.09402,34.99706],[26.11559,34.99288],[26.20908,35.02144],[26.27168,35.08756],[26.28096,35.16718],[26.31793,35.17896],[26.31746,35.19756],[26.30125,35.18689],[26.26701,35.21057],[26.27758,35.22302],[26.26351,35.26584],[26.30736,35.29336],[26.31314,35.31662],[26.28265,35.31073],[26.30062,35.30147],[26.27354,35.29544],[26.28804,35.285],[26.23225,35.27674],[26.22592,35.25083],[26.16262,35.19878],[26.11166,35.20376],[26.11256,35.22796],[26.08336,35.21856],[26.0613,35.2365],[26.0268,35.22988],[25.99829,35.19893],[25.96313,35.20043],[25.95415,35.18319],[25.89688,35.18731],[25.87988,35.1597],[25.84723,35.157],[25.81112,35.10949],[25.72856,35.12905],[25.71121,35.16617],[25.72279,35.18924],[25.71429,35.21962],[25.74039,35.23177],[25.72198,35.26689],[25.72734,35.30287],[25.77021,35.3355],[25.65979,35.34794],[25.44267,35.29175],[25.38142,35.33842],[25.05609,35.34083],[25.03997,35.3596],[25.04459,35.40517],[25.02698,35.39939],[25.01841,35.42028],[24.98955,35.41396],[24.97341,35.43226],[24.95511,35.40209],[24.88583,35.42204],[24.87322,35.40962],[24.78851,35.40712],[24.78311,35.42101],[24.6995,35.42711],[24.64835,35.41997],[24.55235,35.37547],[24.28392,35.35444],[24.2575,35.37665],[24.27114,35.41962],[24.25418,35.43039],[24.24339,35.47502],[24.18751,35.44928],[24.06135,35.49293],[24.08087,35.50868],[24.15771,35.49421],[24.18272,35.5036],[24.20245,35.53829],[24.17576,35.58673],[24.12539,35.60202],[24.07792,35.5926],[24.06897,35.58329],[24.0864,35.55404],[24.05774,35.55568],[24.04711,35.52389],[23.99425,35.5115],[23.80588,35.53602],[23.7792,35.54774],[23.76277,35.64838],[23.77443,35.66806],[23.73777,35.69583],[23.70217,35.63495],[23.72868,35.5459],[23.7179,35.50739],[23.65739,35.49852],[23.63842,35.51978],[23.61221,35.52117],[23.61063,35.60305],[23.59355,35.62567]]]}},{"id":"82","type":"Feature","properties":{"zone_id":"HR01_OFF","name":"Croatia Offshore Node 01","parent_zone":"HR00_OFF","level":"PEOF","area_km2":55691.65},"geometry":{"type":"MultiPolygon","coordinates":[[[[17.63068,43.05122],[17.69563,43.05587],[17.7016,43.08473],[17.70867,43.06641],[17.69597,43.05361],[17.63068,43.05122]]],[[[17.61915,43.0441],[17.63018,43.05121],[17.63068,43.05122],[17.61915,43.0441]]],[[[15.94259,43.69285],[15.95754,43.68509],[15.94359,43.67816],[15.94259,43.69285]]],[[[15.93127,43.67202],[15.94359,43.67816],[15.94391,43.67353],[15.93127,43.67202]]],[[[15.8928,43.80904],[15.94841,43.82023],[15.89418,43.80832],[15.8928,43.80904]]],[[[15.859,43.72399],[15.86133,43.72385],[15.85922,43.72322],[15.859,43.72399]]],[[[15.85109,43.78817],[15.85146,43.78881],[15.85456,43.78892],[15.85109,43.78817]]],[[[15.82655,43.78289],[15.85109,43.78817],[15.84317,43.77458],[15.90306,43.72145],[15.86133,43.72385],[15.87936,43.72928],[15.82655,43.78289]]],[[[15.83308,43.84003],[15.8928,43.80904],[15.88396,43.80726],[15.8971,43.79035],[15.85456,43.78892],[15.86163,43.79044],[15.83308,43.84003]]],[[[15.60564,44.16471],[15.63057,44.14515],[15.61253,44.1316],[15.60564,44.16471]]],[[[15.59979,44.1693],[15.60535,44.16614],[15.60564,44.16471],[15.59979,44.1693]]],[[[15.52577,44.23727],[15.53281,44.22526],[15.5291,44.22645],[15.52577,44.23727]]],[[[15.4722,44.20313],[15.53629,44.21934],[15.53281,44.22526],[15.58951,44.20716],[15.59965,44.16982],[15.56842,44.18996],[15.52429,44.17619],[15.4722,44.20313]]],[[[13.00833,45.185],[13.10167,45.335],[13.19,45.43167],[13.31606,45.52143],[13.47651,45.58117],[13.5499,45.5065],[13.60654,45.46557],[13.51091,45.5055],[13.48994,45.48621],[13.51015,45.47346],[13.50797,45.441],[13.52386,45.43764],[13.51536,45.41642],[13.55497,45.35858],[13.53797,45.35253],[13.5397,45.32778],[13.61378,45.31306],[13.56835,45.29794],[13.60078,45.28479],[13.57288,45.26432],[13.59993,45.24296],[13.58827,45.22804],[13.59785,45.20437],[13.5795,45.19789],[13.60341,45.17981],[13.58825,45.17486],[13.60878,45.15918],[13.59654,45.14063],[13.73344,45.1316],[13.62185,45.12766],[13.60681,45.11581],[13.64058,45.09563],[13.62895,45.06306],[13.68827,45.05053],[13.69003,45.02324],[13.71436,45.02131],[13.73518,44.98549],[13.76106,44.98565],[13.81317,44.90785],[13.79453,44.88953],[13.81755,44.87532],[13.84821,44.8832],[13.8344,44.86419],[13.79479,44.87594],[13.79694,44.86258],[13.82595,44.85723],[13.83157,44.83325],[13.84149,44.84314],[13.86054,44.83282],[13.84607,44.82542],[13.8737,44.82063],[13.86166,44.81211],[13.87326,44.80449],[13.9012,44.80771],[13.90784,44.76834],[13.92742,44.76881],[13.91342,44.77527],[13.92452,44.80346],[13.88482,44.82395],[13.9238,44.82524],[13.92983,44.80285],[13.93283,44.81329],[14.00398,44.80514],[13.97663,44.81934],[14.00358,44.88155],[13.98126,44.90198],[13.99698,44.89187],[14.02391,44.90195],[14.02676,44.92506],[14.03832,44.91682],[14.05019,44.93701],[14.03275,44.95264],[14.0533,44.94743],[14.07654,44.97829],[14.03764,45.0],[14.03946,45.03064],[14.09873,44.9723],[14.07239,44.96905],[14.06464,44.94478],[14.10857,44.97064],[14.14811,44.95668],[14.16984,44.97888],[14.16071,45.03311],[14.14307,45.05208],[14.16282,45.04115],[14.15245,45.07839],[14.16626,45.07241],[14.19777,45.10593],[14.17842,45.13266],[14.20796,45.11614],[14.22487,45.13731],[14.28141,45.30517],[14.32632,45.35557],[14.46052,45.32022],[14.54155,45.27764],[14.5605,45.28456],[14.54326,45.30539],[14.57949,45.28462],[14.56319,45.26484],[14.61166,45.23249],[14.61107,45.21822],[14.74175,45.1376],[14.84589,45.11409],[14.84642,45.08753],[14.92703,44.95189],[14.88408,44.85792],[14.87906,44.79087],[14.89843,44.73897],[14.88873,44.71723],[14.98562,44.57668],[15.09968,44.51135],[15.28425,44.3614],[15.40781,44.31686],[15.47911,44.26851],[15.52632,44.26879],[15.53783,44.2593],[15.52241,44.24815],[15.52577,44.23727],[15.52119,44.24507],[15.40094,44.2584],[15.27645,44.33257],[15.26137,44.31877],[15.30749,44.28557],[15.2816,44.27929],[15.29652,44.24655],[15.19287,44.2988],[15.21565,44.28444],[15.19108,44.28229],[15.21345,44.25696],[15.20304,44.24704],[15.17802,44.24276],[15.14195,44.27999],[15.11287,44.26344],[15.16611,44.22669],[15.14287,44.19439],[15.21055,44.14541],[15.2042,44.12988],[15.27616,44.08441],[15.2831,44.06084],[15.3104,44.05116],[15.29889,44.04368],[15.34252,44.03093],[15.45563,43.92235],[15.52541,43.89816],[15.55952,43.85926],[15.57483,43.86654],[15.58839,43.84826],[15.67686,43.8146],[15.68037,43.79775],[15.61573,43.8235],[15.63988,43.79997],[15.62812,43.79438],[15.59716,43.83526],[15.5883,43.82224],[15.56527,43.83329],[15.62153,43.77495],[15.6672,43.76439],[15.64347,43.79781],[15.65824,43.79936],[15.69462,43.76432],[15.78199,43.7571],[15.85071,43.72065],[15.85922,43.72322],[15.86372,43.70677],[15.93127,43.67202],[15.94998,43.64059],[15.92744,43.65483],[15.90245,43.64783],[15.97315,43.63056],[15.91182,43.62795],[15.92604,43.61203],[15.91971,43.58433],[15.93166,43.58581],[15.91777,43.57012],[15.94249,43.57013],[15.92697,43.55092],[15.95934,43.53929],[15.96114,43.52178],[15.98928,43.5385],[15.98222,43.51398],[15.95105,43.5168],[15.9702,43.49391],[15.98495,43.50489],[16.00153,43.48657],[16.01682,43.50026],[16.01435,43.48495],[16.04406,43.48844],[16.03669,43.47798],[16.11411,43.47079],[16.12895,43.47776],[16.11232,43.48785],[16.17753,43.49198],[16.11857,43.51743],[16.1829,43.50676],[16.22494,43.51742],[16.26016,43.49717],[16.20309,43.49662],[16.24628,43.47841],[16.27418,43.49227],[16.38308,43.48387],[16.25313,43.51597],[16.35746,43.55137],[16.47612,43.5344],[16.38761,43.50742],[16.53172,43.50371],[16.63942,43.43703],[16.68821,43.44353],[16.75072,43.40733],[16.88788,43.39999],[17.05348,43.26959],[17.07769,43.23341],[17.10682,43.22678],[17.11243,43.20753],[17.33593,43.1115],[17.40834,43.03981],[17.42387,43.06248],[17.43557,43.0522],[17.4237,43.03069],[17.47311,43.04817],[17.4259,43.0291],[17.45833,43.03683],[17.4454,43.02038],[17.51841,43.04545],[17.57717,43.01814],[17.61915,43.0441],[17.57717,43.01702],[17.51805,43.04433],[17.44565,43.01901],[17.46054,43.024],[17.46536,43.00191],[17.47895,43.00132],[17.47257,42.98808],[17.51611,42.95213],[17.58044,42.93836],[17.5496,42.93777],[17.54983,42.92258],[17.6949,42.86715],[17.70892,42.88274],[17.71702,42.87632],[17.69564,42.8598],[17.74396,42.8338],[17.52604,42.92421],[17.53182,42.90367],[17.46986,42.91533],[17.44421,42.952],[17.27416,43.01039],[17.07688,43.02012],[17.00607,43.04821],[17.03481,43.02506],[17.00697,43.00632],[17.1351,42.97464],[17.21771,42.98078],[17.36348,42.91289],[17.41945,42.9106],[17.45393,42.89188],[17.43083,42.87513],[17.446,42.86773],[17.74309,42.79612],[17.76098,42.76076],[17.77117,42.77561],[17.74783,42.80284],[17.69505,42.836],[17.78038,42.7874],[17.79591,42.80682],[17.8434,42.80374],[17.86505,42.77632],[17.8875,42.78703],[17.87845,42.76136],[17.96819,42.71223],[18.04497,42.68427],[18.04474,42.701],[18.07032,42.66983],[18.12246,42.67147],[18.08016,42.66723],[18.08713,42.65479],[18.06134,42.66431],[18.06114,42.64888],[18.18067,42.61444],[18.20781,42.62106],[18.22923,42.59971],[18.20864,42.58166],[18.27614,42.53029],[18.41992,42.46425],[18.42532,42.45529],[18.40919,42.45836],[18.43025,42.44083],[18.43014,42.45191],[18.45622,42.44807],[18.51363,42.39875],[18.53395,42.3925],[18.51298,42.40488],[18.51458,42.42046],[18.54346,42.40177],[18.54925,42.36947],[18.5329,42.32371],[18.26665,41.90698],[18.0183,41.6297],[17.61667,41.83667],[17.31167,41.91333],[17.21667,41.99167],[16.61833,42.26667],[16.57306,42.27972],[16.49861,42.21806],[16.38806,42.1825],[16.155,42.20444],[16.07028,42.24167],[16.00917,42.29889],[15.98056,42.36194],[15.98306,42.43472],[15.74667,42.49167],[15.36333,42.61333],[15.15833,42.79833],[15.01167,42.98667],[14.90833,43.06333],[14.79833,43.17667],[14.58167,43.42],[14.35667,43.71667],[14.17167,43.9],[14.015,44.00833],[13.66667,44.18],[13.135,44.5],[13.07833,44.975],[13.00833,45.185]],[[13.73378,44.92474],[13.75537,44.91615],[13.74676,44.89001],[13.76237,44.90541],[13.78116,44.90436],[13.77762,44.91904],[13.73378,44.92474]],[[14.27232,45.11973],[14.30622,45.06871],[14.35482,45.04649],[14.35124,45.00268],[14.41361,44.95468],[14.38498,44.94523],[14.40143,44.91712],[14.3913,44.90284],[14.34586,44.914],[14.31608,44.951],[14.30169,44.93374],[14.29845,44.90566],[14.32102,44.88518],[14.33005,44.82632],[14.36024,44.81406],[14.37375,44.75039],[14.39701,44.7434],[14.39866,44.71068],[14.3853,44.69339],[14.33807,44.70956],[14.35132,44.64519],[14.39245,44.60247],[14.36792,44.56264],[14.39196,44.55334],[14.4059,44.57355],[14.4323,44.56544],[14.46707,44.53296],[14.43039,44.55754],[14.42716,44.54433],[14.52899,44.47508],[14.54262,44.48811],[14.52454,44.51213],[14.44509,44.55717],[14.39579,44.61951],[14.39185,44.69045],[14.48344,44.60755],[14.4984,44.60188],[14.50848,44.60865],[14.49561,44.62174],[14.51718,44.60864],[14.51815,44.62313],[14.53822,44.62672],[14.53096,44.64351],[14.50376,44.6405],[14.51441,44.66279],[14.47885,44.69399],[14.46511,44.72283],[14.47767,44.75372],[14.44894,44.78578],[14.4705,44.79037],[14.44631,44.87437],[14.46213,44.95035],[14.4866,44.95521],[14.46865,44.98255],[14.43634,44.97739],[14.397,45.01623],[14.3602,45.08863],[14.35668,45.12997],[14.37199,45.14395],[14.36143,45.16406],[14.31089,45.17186],[14.27232,45.11973]],[[14.23788,44.65918],[14.24699,44.63463],[14.23547,44.61898],[14.28209,44.60404],[14.25266,44.64709],[14.26617,44.63965],[14.26215,44.66517],[14.28588,44.6588],[14.2783,44.68327],[14.23788,44.65918]],[[14.28919,44.52151],[14.30597,44.49703],[14.32704,44.51011],[14.28919,44.52151]],[[14.52962,44.45577],[14.55091,44.44059],[14.57951,44.44104],[14.55883,44.4571],[14.52962,44.45577]],[[14.43345,45.09127],[14.43622,45.06667],[14.49815,45.02167],[14.56116,45.01248],[14.5781,45.02678],[14.62135,45.01388],[14.60779,45.02805],[14.62543,45.03983],[14.617,44.97899],[14.73467,44.93436],[14.76275,44.93985],[14.75372,44.9691],[14.80798,44.96316],[14.80204,44.98404],[14.82108,44.97078],[14.74169,45.03643],[14.73617,45.06921],[14.67337,45.07858],[14.6592,45.1211],[14.68023,45.13404],[14.66994,45.15675],[14.668,45.14638],[14.63475,45.16153],[14.59757,45.15112],[14.60777,45.17057],[14.63331,45.16559],[14.58259,45.22961],[14.60473,45.22384],[14.59138,45.23898],[14.53603,45.23577],[14.55008,45.20663],[14.5268,45.225],[14.54453,45.20203],[14.5337,45.2014],[14.54199,45.17381],[14.52198,45.15061],[14.5223,45.12004],[14.47534,45.12811],[14.46863,45.09856],[14.43345,45.09127]],[[14.48669,44.98264],[14.5039,44.97018],[14.5548,44.95796],[14.52158,44.98773],[14.48669,44.98264]],[[14.65465,44.79002],[14.7004,44.75484],[14.75451,44.75121],[14.73505,44.76635],[14.7515,44.76234],[14.83809,44.70121],[14.86995,44.70493],[14.86525,44.72269],[14.73977,44.81766],[14.76359,44.83871],[14.75203,44.85043],[14.72215,44.84695],[14.72261,44.83292],[14.67814,44.84478],[14.72724,44.80048],[14.69245,44.81359],[14.70761,44.78557],[14.66691,44.80083],[14.65465,44.79002]],[[14.58206,44.35124],[14.59412,44.33609],[14.65922,44.31228],[14.59213,44.35673],[14.58206,44.35124]],[[14.58626,44.33835],[14.59871,44.32929],[14.59869,44.3304],[14.58626,44.33835]],[[14.73519,44.70396],[14.78765,44.62933],[14.88362,44.55456],[14.87029,44.54791],[14.92054,44.49986],[14.8992,44.49669],[14.90645,44.48432],[14.98226,44.45489],[15.03786,44.4083],[15.03809,44.39306],[15.08284,44.39747],[15.11636,44.37794],[15.08829,44.36015],[15.11262,44.31771],[15.17665,44.28921],[15.13498,44.33143],[15.2237,44.30381],[15.21179,44.32003],[15.23624,44.31863],[15.18247,44.35854],[15.25557,44.32188],[15.25902,44.33213],[15.21399,44.36882],[15.0533,44.47667],[15.04413,44.44199],[14.91467,44.54091],[14.9522,44.53698],[15.07038,44.47637],[15.05009,44.51378],[14.98562,44.53606],[14.90926,44.61247],[14.87029,44.60651],[14.88379,44.57264],[14.73519,44.70396]],[[14.66064,44.39484],[14.68405,44.38769],[14.69612,44.3577],[14.72956,44.35064],[14.70337,44.37255],[14.70623,44.39928],[14.68155,44.41282],[14.66064,44.39484]],[[14.68533,44.28786],[14.71457,44.2705],[14.72275,44.28344],[14.69829,44.29101],[14.68533,44.28786]],[[14.74368,44.3685],[14.81721,44.34101],[14.82199,44.35391],[14.79456,44.38361],[14.809,44.40454],[14.78478,44.42209],[14.76562,44.41071],[14.77613,44.37869],[14.74368,44.3685]],[[14.73549,44.28016],[14.76083,44.25615],[14.76465,44.27176],[14.80011,44.2689],[14.75697,44.29439],[14.76006,44.27726],[14.73549,44.28016]],[[14.78709,44.25683],[14.82828,44.20073],[14.84161,44.20331],[14.81556,44.23444],[14.89671,44.20042],[14.91139,44.21149],[14.90034,44.22376],[14.87948,44.21865],[14.79971,44.26291],[14.78709,44.25683]],[[14.82348,44.14644],[14.88821,44.12718],[14.99084,44.0547],[15.10067,43.92928],[15.20151,43.86712],[15.13024,43.92095],[15.21643,43.88927],[15.20792,43.87556],[15.22578,43.87529],[15.22327,43.90531],[15.17685,43.92512],[15.11965,43.97962],[15.05175,44.00763],[15.02413,44.0634],[15.0023,44.07354],[15.00928,44.08279],[14.94769,44.10224],[14.94583,44.1181],[14.85761,44.17704],[14.87978,44.13889],[14.83436,44.14611],[14.83295,44.16456],[14.82348,44.14644]],[[15.22116,43.86817],[15.28501,43.81525],[15.45956,43.73328],[15.23712,43.8826],[15.22116,43.86817]],[[15.22821,43.83554],[15.25125,43.81447],[15.26477,43.82268],[15.22821,43.83554]],[[15.32226,43.7704],[15.36289,43.7603],[15.37266,43.74254],[15.38339,43.75694],[15.32226,43.7704]],[[15.4089,43.7292],[15.4259,43.72503],[15.41728,43.73272],[15.4089,43.7292]],[[14.89026,44.17085],[14.92713,44.15008],[14.9482,44.14592],[14.912,44.16999],[14.89026,44.17085]],[[14.88078,44.45322],[14.94326,44.40738],[14.96864,44.40518],[14.90993,44.44805],[14.88078,44.45322]],[[14.94383,44.19806],[14.97169,44.15806],[15.02424,44.12525],[15.02642,44.14638],[14.94383,44.19806]],[[15.01791,44.32383],[15.02568,44.30317],[15.05008,44.28443],[15.13508,44.29141],[15.02977,44.32866],[15.01791,44.32383]],[[15.02401,44.17002],[15.04195,44.14405],[15.0561,44.15071],[15.02401,44.17002]],[[15.06092,44.15535],[15.0649,44.13152],[15.11548,44.10619],[15.19018,44.03752],[15.21836,44.03376],[15.21289,44.04854],[15.22889,44.03806],[15.30755,43.95443],[15.35898,43.92901],[15.36227,43.90996],[15.456,43.8967],[15.3944,43.93393],[15.37724,43.96691],[15.28916,44.01208],[15.25145,44.01516],[15.25371,44.03665],[15.18675,44.09233],[15.06092,44.15535]],[[15.05591,44.0392],[15.05429,44.02299],[15.08602,44.0109],[15.05591,44.0392]],[[15.07036,44.08269],[15.07707,44.05236],[15.16202,43.99809],[15.15478,44.02276],[15.07036,44.08269]],[[15.2521,43.88442],[15.32166,43.84979],[15.37361,43.81984],[15.32566,43.87597],[15.26655,43.89402],[15.2521,43.88442]],[[14.73479,44.87312],[14.77577,44.85383],[14.7593,44.87836],[14.73479,44.87312]],[[14.76974,44.93479],[14.7822,44.90443],[14.83821,44.88311],[14.82837,44.90705],[14.76974,44.93479]],[[14.80083,44.85094],[14.82948,44.83204],[14.83953,44.84587],[14.80083,44.85094]],[[15.48566,43.85881],[15.50707,43.8453],[15.51761,43.8509],[15.5011,43.8607],[15.48566,43.85881]],[[15.50572,43.83203],[15.51602,43.8279],[15.51956,43.83311],[15.50572,43.83203]],[[15.60116,43.67894],[15.64717,43.64556],[15.72694,43.62797],[15.68402,43.64787],[15.60116,43.67894]],[[15.65055,43.69995],[15.67669,43.67865],[15.69038,43.68545],[15.65055,43.69995]],[[15.67162,43.71705],[15.71117,43.6851],[15.69619,43.68142],[15.72304,43.66938],[15.72933,43.68725],[15.67162,43.71705]],[[15.74248,43.7078],[15.74426,43.68925],[15.77313,43.67978],[15.74248,43.7078]],[[15.75034,43.72571],[15.77141,43.71365],[15.75781,43.73314],[15.75034,43.72571]],[[15.78016,43.73774],[15.79691,43.71825],[15.8069,43.7246],[15.78016,43.73774]],[[15.82031,43.69615],[15.86994,43.6606],[15.86724,43.68422],[15.83465,43.70751],[15.82031,43.69615]],[[15.7253,43.02371],[15.74241,43.01728],[15.76921,43.03083],[15.7466,43.03117],[15.7253,43.02371]],[[16.01733,43.47478],[16.03114,43.47111],[16.03198,43.47631],[16.01733,43.47478]],[[16.05642,43.44547],[16.09107,43.44352],[16.08915,43.45528],[16.05642,43.44547]],[[16.10857,43.42925],[16.16921,43.43196],[16.17531,43.44739],[16.13425,43.45854],[16.14458,43.44983],[16.12524,43.45131],[16.10857,43.42925]],[[15.9948,42.95372],[16.0229,42.96612],[16.00818,42.99328],[15.9948,42.95372]],[[16.04931,43.05333],[16.09331,43.03585],[16.06718,43.0056],[16.21526,43.01678],[16.25756,43.06488],[16.23937,43.07649],[16.19317,43.05751],[16.18785,43.07868],[16.10367,43.07554],[16.04931,43.05333]],[[16.20239,43.41261],[16.20991,43.38242],[16.2839,43.37109],[16.36213,43.33462],[16.40024,43.33163],[16.32984,43.39536],[16.31324,43.38285],[16.3186,43.39579],[16.27656,43.41093],[16.20239,43.41261]],[[16.33106,43.16759],[16.36601,43.15396],[16.40338,43.15557],[16.40218,43.16707],[16.33106,43.16759]],[[16.36703,43.19599],[16.44315,43.16303],[16.66361,43.1209],[17.11479,43.11308],[17.18904,43.13053],[16.88521,43.14834],[16.87797,43.1618],[16.72414,43.15663],[16.67749,43.17898],[16.69998,43.17918],[16.66435,43.19777],[16.66732,43.21233],[16.60557,43.22032],[16.58157,43.20559],[16.56035,43.23502],[16.51929,43.22503],[16.53898,43.21045],[16.55638,43.21877],[16.59169,43.18493],[16.58018,43.18066],[16.47449,43.20962],[16.41771,43.18871],[16.36703,43.19599]],[[16.41127,43.15668],[16.42632,43.15568],[16.42157,43.16422],[16.41127,43.15668]],[[16.25204,42.39177],[16.26649,42.3899],[16.25571,42.39472],[16.25204,42.39177]],[[16.49479,42.74923],[16.53547,42.76343],[16.50926,42.77371],[16.49479,42.74923]],[[16.62731,42.98444],[16.71707,42.96272],[16.66145,42.95365],[16.66899,42.94315],[16.63868,42.93727],[16.6404,42.92402],[16.77518,42.9032],[16.85252,42.90755],[16.85804,42.89341],[16.9061,42.90027],[16.97506,42.92656],[17.18959,42.9113],[17.20259,42.91772],[17.16066,42.92773],[17.13583,42.963],[17.04774,42.98048],[16.85387,42.95766],[16.69289,42.99417],[16.62731,42.98444]],[[16.78169,42.77264],[16.79602,42.76148],[16.79187,42.77776],[16.78169,42.77264]],[[16.79771,42.76545],[16.81281,42.75329],[16.82292,42.7648],[16.82648,42.74924],[16.81215,42.74373],[16.84214,42.7227],[16.86775,42.73661],[16.90433,42.72642],[16.94216,42.75712],[16.9238,42.77335],[16.79771,42.76545]],[[16.66607,43.08501],[16.73052,43.08596],[16.68385,43.09747],[16.66607,43.08501]],[[16.40865,43.33328],[16.409,43.31738],[16.46577,43.30632],[16.52975,43.26949],[16.78292,43.26149],[16.88341,43.28422],[16.89746,43.31602],[16.84031,43.34247],[16.79761,43.33871],[16.81258,43.35177],[16.74381,43.3618],[16.73316,43.34762],[16.73578,43.36203],[16.54895,43.38853],[16.43514,43.39255],[16.43478,43.37531],[16.46016,43.35168],[16.43395,43.34582],[16.44072,43.32732],[16.40865,43.33328]],[[17.3181,42.78664],[17.34284,42.76899],[17.69949,42.69548],[17.74084,42.69964],[17.74849,42.68613],[17.74679,42.70841],[17.66823,42.7365],[17.59892,42.73781],[17.60607,42.74733],[17.44079,42.78659],[17.37752,42.78658],[17.39658,42.8008],[17.36693,42.80515],[17.33234,42.77995],[17.3181,42.78664]],[[17.82877,42.75507],[17.89767,42.70218],[17.91985,42.71415],[17.82877,42.75507]],[[17.92347,42.68912],[17.95641,42.67497],[17.97529,42.67828],[17.94067,42.69519],[17.92347,42.68912]],[[17.9864,42.67507],[18.01635,42.66461],[18.00615,42.68012],[17.9864,42.67507]]]]}},{"id":"83","type":"Feature","properties":{"zone_id":"ITCN_OFF","name":"Italy Centre-North Offshore Node CN","parent_zone":"ITCN_OFF","level":"PEOF","area_km2":29312.84},"geometry":{"type":"MultiPolygon","coordinates":[[[[12.7509,43.9693],[13.28591,44.40977],[13.66667,44.18],[14.015,44.00833],[14.17167,43.9],[14.35667,43.71667],[14.58167,43.42],[14.75152,43.22944],[13.90486,42.90567],[13.87998,42.96557],[13.84445,43.09933],[13.62368,43.50072],[13.62834,43.54867],[13.57364,43.57008],[13.55381,43.60226],[13.50783,43.63017],[13.48081,43.60712],[13.45239,43.61125],[13.28365,43.68006],[12.90737,43.92529],[12.7509,43.9693]]],[[[9.35507,43.38093],[10.00347,44.04509],[10.06996,44.02533],[10.17129,43.95386],[10.24047,43.87183],[10.26399,43.80653],[10.2834,43.68977],[10.26815,43.6771],[10.29589,43.58667],[10.34841,43.59876],[10.2995,43.58067],[10.29049,43.5573],[10.30407,43.58143],[10.31143,43.57002],[10.29789,43.53518],[10.33119,43.47295],[10.38146,43.4461],[10.40413,43.40106],[10.42494,43.39882],[10.45871,43.32327],[10.5028,43.28998],[10.52698,43.23926],[10.53806,43.08837],[10.51562,42.99691],[10.48305,42.98736],[10.49512,42.93168],[10.54322,42.92023],[10.56029,42.95057],[10.64787,42.95307],[10.77308,42.90968],[10.78618,42.88825],[10.76918,42.86881],[10.77288,42.83056],[10.72964,42.80094],[10.96371,42.7308],[11.01422,42.65691],[11.08557,42.62774],[11.0813,42.61417],[11.12273,42.55653],[11.15799,42.56156],[11.18473,42.5289],[11.19143,42.49019],[11.17758,42.45104],[11.15789,42.43425],[11.10361,42.44718],[11.08737,42.43013],[11.09618,42.39262],[11.15339,42.36068],[11.19106,42.36304],[11.21358,42.38779],[11.20939,42.40878],[11.27446,42.41846],[11.41464,42.38403],[10.21833,41.70751],[10.14333,41.7775],[10.055,41.95222],[9.95167,42.06417],[9.83861,42.23056],[9.80306,42.3375],[9.78306,42.62583],[9.74583,42.7725],[9.55833,42.955],[9.61417,43.06556],[9.57056,43.27528],[9.35507,43.38093]],[[11.095,42.25488],[11.10201,42.23883],[11.11243,42.24001],[11.10383,42.25054],[11.11747,42.2524],[11.11081,42.26301],[11.095,42.25488]],[[10.86411,42.36349],[10.87578,42.35113],[10.92039,42.3159],[10.92769,42.3565],[10.88541,42.38945],[10.88149,42.36742],[10.86411,42.36349]],[[10.28874,42.32703],[10.30961,42.3133],[10.33191,42.32396],[10.3283,42.34205],[10.30665,42.3494],[10.28874,42.32703]],[[10.10237,42.76646],[10.13721,42.73142],[10.23824,42.72584],[10.2396,42.74885],[10.28617,42.73418],[10.30393,42.7594],[10.31996,42.73563],[10.31885,42.7597],[10.34092,42.76371],[10.38405,42.71363],[10.43336,42.71484],[10.43396,42.73488],[10.38672,42.75824],[10.43479,42.77637],[10.4289,42.81555],[10.44427,42.84669],[10.41425,42.87262],[10.35685,42.79883],[10.31756,42.80289],[10.33263,42.81794],[10.26324,42.83034],[10.27485,42.81767],[10.26673,42.80048],[10.24283,42.78746],[10.18543,42.81203],[10.10974,42.79489],[10.10237,42.76646]],[[10.04571,42.58585],[10.05007,42.57481],[10.10238,42.57488],[10.08974,42.61521],[10.07902,42.61905],[10.07515,42.59342],[10.04571,42.58585]],[[9.88871,43.42312],[9.90189,43.42121],[9.90877,43.43495],[9.89496,43.43575],[9.88871,43.42312]],[[9.79138,43.02398],[9.81193,43.00313],[9.8485,43.04411],[9.82334,43.07126],[9.79138,43.02398]]]]}},{"id":"84","type":"Feature","properties":{"zone_id":"ITCS_OFF","name":"Italy Centre-South Offshore Node CS","parent_zone":"ITCS_OFF","level":"PEOF","area_km2":100821.17},"geometry":{"type":"MultiPolygon","coordinates":[[[[13.90486,42.90567],[14.75152,43.22944],[14.90833,43.06333],[15.01167,42.98667],[15.15833,42.79833],[15.34962,42.62575],[14.77514,42.07133],[14.74033,42.08569],[14.71802,42.10597],[14.7119,42.18025],[14.6179,42.19981],[14.51142,42.25003],[14.50241,42.27244],[14.42654,42.32552],[14.41115,42.34806],[14.42134,42.35431],[14.18981,42.49044],[14.07364,42.603],[13.96484,42.76077],[13.90486,42.90567]]],[[[10.16433,41.54081],[10.21833,41.55361],[10.21833,41.70751],[11.41464,42.38403],[11.48204,42.36741],[11.62926,42.29738],[11.69412,42.23725],[11.73962,42.17217],[11.73336,42.15679],[11.78917,42.09307],[11.76809,42.10237],[11.80689,42.0799],[11.83266,42.03056],[11.91571,42.03885],[12.13415,41.92104],[12.20805,41.82657],[12.22325,41.74348],[12.35103,41.69864],[12.43756,41.64103],[12.55119,41.53599],[12.62286,41.44415],[12.66807,41.45682],[12.76494,41.40743],[12.84695,41.41344],[12.92388,41.37948],[12.99427,41.31968],[13.04627,41.22603],[13.09431,41.22406],[13.16656,41.2735],[13.28357,41.29733],[13.3769,41.28074],[13.56951,41.20345],[13.59088,41.20865],[13.5719,41.21633],[13.57327,41.23891],[13.61965,41.2601],[13.72809,41.24439],[13.83869,41.16063],[13.90045,41.08409],[13.92138,41.02506],[13.93376,41.02855],[14.01433,40.93238],[14.04474,40.86815],[14.04691,40.78963],[14.09108,40.7776],[14.07218,40.81847],[14.10103,40.83132],[14.16189,40.81545],[14.17346,40.80068],[14.16073,40.793],[14.18715,40.79082],[14.22452,40.82978],[14.24956,40.82553],[14.26837,40.84441],[14.32883,40.81626],[14.39511,40.75904],[14.46254,40.74144],[14.48105,40.69681],[14.40794,40.65977],[14.40001,40.63783],[14.33901,40.62747],[14.32431,40.56879],[14.48626,40.62673],[14.52779,40.60636],[14.5726,40.61062],[14.62743,40.64838],[14.69207,40.63304],[14.74447,40.67524],[14.79058,40.66442],[14.88373,40.57995],[15.00065,40.38879],[14.99746,40.35697],[14.94443,40.3353],[14.94393,40.27616],[14.90775,40.24344],[14.99257,40.21762],[15.04302,40.16909],[15.1326,40.17138],[15.1804,40.12409],[15.20502,40.12342],[15.27247,40.07299],[15.28513,40.03442],[15.27188,40.0222],[15.31686,40.03118],[15.35379,39.99948],[15.41937,39.99],[15.50399,40.06384],[15.57127,40.07812],[15.62837,40.07285],[15.63274,40.05014],[15.64302,40.04538],[15.12948,39.63628],[15.16462,38.91574],[14.35798,39.10668],[11.71837,39.01914],[11.57382,38.95849],[11.64588,39.52895],[10.41943,41.42908],[10.16433,41.54081]],[[14.19593,40.54139],[14.26395,40.55334],[14.20174,40.56137],[14.19593,40.54139]],[[13.99033,40.74353],[14.0149,40.7392],[14.03787,40.76442],[14.01288,40.76927],[13.99033,40.74353]],[[13.85037,40.71113],[13.86268,40.70212],[13.95486,40.70044],[13.96543,40.71234],[13.95571,40.73943],[13.87055,40.76172],[13.85037,40.71113]],[[13.04445,40.96832],[13.05472,40.96484],[13.05414,40.9738],[13.04445,40.96832]],[[12.94239,40.90026],[12.96105,40.88209],[12.97456,40.89458],[12.96004,40.89575],[12.96567,40.91709],[12.9945,40.93457],[12.9487,40.91895],[12.94239,40.90026]],[[12.85007,40.92613],[12.86242,40.92851],[12.85494,40.94587],[12.85007,40.92613]]]]}},{"id":"85","type":"Feature","properties":{"zone_id":"ITN1_OFF","name":"Italy North Offshore Node N1","parent_zone":"ITN1_OFF","level":"PEOF","area_km2":26802.91},"geometry":{"type":"MultiPolygon","coordinates":[[[[12.14551,45.38527],[12.19057,45.36789],[12.17565,45.38572],[12.20435,45.3891],[12.20232,45.4147],[12.2172,45.4178],[12.22039,45.40152],[12.22859,45.40429],[12.2276,45.38664],[12.20327,45.38116],[12.21799,45.366],[12.25382,45.35727],[12.26046,45.40458],[12.23162,45.40531],[12.25913,45.41459],[12.25641,45.43372],[12.21695,45.4371],[12.25814,45.43475],[12.23346,45.45723],[12.25629,45.44929],[12.2521,45.46544],[12.27513,45.45146],[12.28453,45.47393],[12.33393,45.49756],[12.33292,45.48513],[12.34581,45.4886],[12.36375,45.51153],[12.41987,45.48318],[12.38439,45.50828],[12.39621,45.53139],[12.40956,45.52734],[12.40599,45.51187],[12.43252,45.51927],[12.4385,45.4982],[12.44049,45.53236],[12.4825,45.54692],[12.48623,45.56217],[12.47368,45.56129],[12.49317,45.56639],[12.53883,45.57455],[12.54774,45.55251],[12.56246,45.56345],[12.58891,45.54562],[12.54115,45.50967],[12.60514,45.53828],[12.63304,45.52786],[12.62542,45.51369],[12.60078,45.52089],[12.57422,45.50359],[12.57071,45.51948],[12.57378,45.49335],[12.48566,45.46529],[12.49483,45.47276],[12.47775,45.47626],[12.53175,45.48698],[12.49207,45.48159],[12.51618,45.49395],[12.48645,45.49879],[12.46855,45.48412],[12.45775,45.49506],[12.45683,45.48736],[12.4437,45.48625],[12.41951,45.49183],[12.44134,45.4754],[12.45669,45.48621],[12.45549,45.47614],[12.4617,45.4785],[12.42391,45.44748],[12.43711,45.42227],[12.47722,45.44884],[12.73962,45.53239],[12.91102,45.61524],[12.89401,45.62634],[12.9189,45.64077],[12.91041,45.66066],[12.87424,45.67972],[12.91265,45.6597],[12.92086,45.6407],[12.89664,45.62576],[12.91491,45.61321],[12.97231,45.62679],[12.97844,45.65209],[12.99503,45.6363],[12.98155,45.62594],[13.09878,45.63548],[13.08162,45.65896],[13.1024,45.64579],[13.15302,45.69801],[13.10717,45.68614],[13.07781,45.6915],[13.07016,45.71275],[13.09352,45.73195],[13.1223,45.728],[13.10876,45.74382],[13.11723,45.75969],[13.14046,45.74499],[13.15567,45.75268],[13.14984,45.74079],[13.18344,45.77258],[13.21935,45.77201],[13.23931,45.75253],[13.24711,45.77764],[13.22539,45.80891],[13.24787,45.77886],[13.24045,45.75272],[13.38052,45.72749],[13.36524,45.70921],[13.3819,45.70866],[13.38591,45.68289],[13.3737,45.68057],[13.38669,45.67414],[13.4341,45.67496],[13.47097,45.70345],[13.46013,45.70685],[13.47301,45.70371],[13.55178,45.72386],[13.47348,45.76841],[13.55646,45.72774],[13.49819,45.76216],[13.52228,45.7529],[13.54473,45.79525],[13.56047,45.77779],[13.62991,45.7705],[13.74397,45.68842],[13.76855,45.65291],[13.74416,45.63888],[13.80635,45.61075],[13.78528,45.59892],[13.7357,45.61072],[13.7206,45.59416],[13.62386,45.59623],[13.55394,45.61244],[13.34511,45.53734],[13.21167,45.45333],[13.10167,45.335],[13.00833,45.185],[13.07833,44.975],[13.135,44.5],[13.28591,44.40977],[12.7509,43.9693],[12.68597,43.98748],[12.57486,44.07847],[12.55509,44.06795],[12.56191,44.07552],[12.38346,44.22446],[12.289,44.46114],[12.2791,44.61761],[12.23966,44.69545],[12.24934,44.76441],[12.28615,44.81675],[12.26129,44.8024],[12.27678,44.81712],[12.2596,44.81488],[12.29269,44.8471],[12.38893,44.78758],[12.33319,44.78743],[12.38367,44.78358],[12.40771,44.79699],[12.31419,44.90327],[12.32248,44.93352],[12.25988,44.96366],[12.2307,45.00639],[12.17064,45.02644],[12.12897,45.02247],[12.17388,45.02825],[12.24208,45.00891],[12.26271,44.96911],[12.28922,44.95539],[12.44206,44.95483],[12.49144,44.96632],[12.50293,44.98874],[12.4945,44.97298],[12.47027,44.97904],[12.44275,45.00605],[12.43615,44.98738],[12.42564,45.00361],[12.44309,45.01078],[12.41901,45.01341],[12.41219,45.02991],[12.4313,45.01625],[12.41963,45.01413],[12.43736,45.01381],[12.42378,45.02646],[12.44429,45.01182],[12.41055,45.03665],[12.39555,45.01973],[12.41256,45.00908],[12.37511,45.01259],[12.35969,45.02213],[12.38712,45.02695],[12.38899,45.04309],[12.36374,45.05028],[12.34966,45.0824],[12.3274,45.08919],[12.34522,45.06239],[12.33043,45.06123],[12.26145,45.09436],[12.26979,45.11381],[12.30157,45.12067],[12.29487,45.13929],[12.31254,45.13629],[12.33307,45.09195],[12.32968,45.15398],[12.32017,45.14939],[12.32987,45.16754],[12.312,45.18282],[12.29635,45.22191],[12.31392,45.22863],[12.28939,45.22977],[12.2833,45.20272],[12.26127,45.21085],[12.26975,45.19227],[12.2603,45.18812],[12.21974,45.19226],[12.2324,45.20702],[12.21766,45.21877],[12.22703,45.22521],[12.21029,45.22525],[12.22101,45.24598],[12.231,45.23756],[12.21814,45.27301],[12.20275,45.2776],[12.20283,45.25995],[12.18454,45.25456],[12.15567,45.25908],[12.15498,45.28726],[12.13265,45.29726],[12.15741,45.30071],[12.16274,45.316],[12.1836,45.30778],[12.17866,45.31966],[12.20015,45.33612],[12.18616,45.35028],[12.19595,45.36401],[12.15105,45.36484],[12.16042,45.37149],[12.14551,45.38527]],[[12.97231,45.62679],[12.97224,45.62651],[12.98304,45.62933],[12.97231,45.62679]],[[12.30867,45.34236],[12.33164,45.33653],[12.32748,45.34686],[12.39324,45.42686],[12.36708,45.41702],[12.30867,45.34236]],[[12.39324,45.42686],[12.39669,45.42816],[12.39482,45.42878],[12.39324,45.42686]],[[12.39669,45.42816],[12.42783,45.41783],[12.40094,45.42976],[12.39669,45.42816]],[[12.18987,45.29789],[12.22206,45.30596],[12.22442,45.32548],[12.2077,45.31968],[12.21099,45.30704],[12.18987,45.29789]],[[12.49346,44.96481],[12.54032,44.97131],[12.50428,44.98764],[12.49346,44.96481]],[[12.40899,44.8104],[12.40855,44.79783],[12.41923,44.80743],[12.40899,44.8104]],[[13.25337,45.71072],[13.30421,45.69899],[13.33477,45.69206],[13.31996,45.70187],[13.32397,45.7214],[13.3077,45.72476],[13.31444,45.7376],[13.28387,45.73539],[13.25883,45.72012],[13.28627,45.72034],[13.25337,45.71072]],[[13.18218,45.71339],[13.21331,45.71309],[13.24463,45.71549],[13.22084,45.71727],[13.18218,45.71339]],[[13.15429,45.70689],[13.17121,45.70313],[13.17701,45.71395],[13.15429,45.70689]],[[12.46807,45.49812],[12.47854,45.49365],[12.472,45.50456],[12.46807,45.49812]],[[12.41523,45.50107],[12.41786,45.49205],[12.43104,45.49916],[12.41523,45.50107]],[[12.37103,45.4572],[12.3924,45.44424],[12.42212,45.4589],[12.42727,45.47312],[12.40652,45.45752],[12.39281,45.46541],[12.37103,45.4572]],[[12.28863,45.238],[12.30228,45.23493],[12.29843,45.25429],[12.28863,45.238]],[[12.30444,45.43569],[12.33096,45.42808],[12.36648,45.42454],[12.36498,45.4394],[12.3373,45.44498],[12.30444,45.43569]],[[12.46652,44.88157],[12.48226,44.87337],[12.49929,44.90529],[12.50399,44.92109],[12.48859,44.89715],[12.47851,44.93081],[12.49128,44.92752],[12.4951,44.94859],[12.51405,44.93221],[12.51422,44.96233],[12.55124,44.96288],[12.53334,44.96645],[12.43548,44.95045],[12.43514,44.93512],[12.4244,44.95343],[12.30357,44.95206],[12.32572,44.93035],[12.31496,44.90319],[12.3913,44.81783],[12.42153,44.81176],[12.39338,44.83071],[12.40519,44.85148],[12.38781,44.86942],[12.40368,44.89314],[12.44161,44.89439],[12.43269,44.85169],[12.45506,44.8377],[12.47927,44.86454],[12.46778,44.86033],[12.46652,44.88157]]],[[[12.22859,45.40429],[12.22866,45.40538],[12.23162,45.40531],[12.22859,45.40429]]],[[[12.46855,45.48412],[12.47071,45.48193],[12.4617,45.4785],[12.46855,45.48412]]],[[[12.312,45.18282],[12.27304,45.18142],[12.24924,45.18325],[12.2603,45.18812],[12.312,45.18282]]],[[[7.52861,43.77444],[7.57161,43.79214],[7.67342,43.77594],[7.70125,43.79838],[7.73886,43.79485],[7.80626,43.82286],[7.83349,43.81588],[8.07423,43.89096],[8.14265,43.94748],[8.17406,43.95371],[8.16037,43.98588],[8.22567,44.04271],[8.23185,44.09188],[8.26931,44.13873],[8.42324,44.19227],[8.4168,44.22366],[8.45684,44.25872],[8.44145,44.27572],[8.50432,44.31365],[8.49018,44.31177],[8.50275,44.32612],[8.74405,44.42668],[8.83382,44.42369],[8.84545,44.4167],[8.82147,44.41449],[8.91502,44.39846],[8.91793,44.41304],[8.93384,44.39398],[9.14121,44.3602],[9.15454,44.34756],[9.14506,44.32205],[9.21784,44.29808],[9.21423,44.33412],[9.23098,44.34796],[9.38993,44.28148],[9.38475,44.26793],[9.4038,44.25122],[9.41839,44.2597],[9.44359,44.23785],[9.48842,44.23878],[9.60633,44.17145],[9.63464,44.13347],[9.67675,44.13854],[9.8321,44.04751],[9.85164,44.06686],[9.8377,44.06535],[9.82135,44.09424],[9.84897,44.10916],[9.97772,44.03507],[9.98642,44.04648],[9.95667,44.09559],[9.98903,44.04938],[10.00347,44.04509],[9.35507,43.38093],[8.99944,43.55361],[8.73722,43.46139],[8.45972,43.25333],[8.09707,43.1292],[8.04885,43.12392],[7.84028,43.12389],[7.67222,43.42528],[7.61222,43.64528],[7.52861,43.77444]],[[9.8381,44.04823],[9.84797,44.03467],[9.85569,44.05085],[9.8381,44.04823]]],[[[12.06539,45.01426],[12.07529,45.01554],[12.08097,45.0],[12.06539,45.01426]]],[[[12.07465,45.01728],[12.12897,45.02247],[12.07529,45.01554],[12.07465,45.01728]]],[[[12.96652,45.66343],[12.97989,45.65809],[12.97844,45.65209],[12.96652,45.66343]]],[[[13.3865,45.72475],[13.4226,45.71598],[13.40822,45.69809],[13.42965,45.71093],[13.43173,45.69302],[13.38842,45.68204],[13.3865,45.72475]]],[[[13.41704,45.72034],[13.46013,45.70685],[13.4226,45.71598],[13.41704,45.72034]]],[[[12.46607,44.88234],[12.46652,44.88157],[12.46606,44.88181],[12.46607,44.88234]]],[[[12.45683,45.48736],[12.45853,45.48751],[12.45669,45.48621],[12.45683,45.48736]]],[[[12.44648,44.91578],[12.46624,44.9051],[12.46607,44.88234],[12.44648,44.91578]]],[[[12.43514,44.93512],[12.44648,44.91578],[12.43486,44.92206],[12.43514,44.93512]]]]}},{"id":"86","type":"Feature","properties":{"zone_id":"ITSA_OFF","name":"Italy Sardinia Offshore Node SA","parent_zone":"ITSA_OFF","level":"PEOF","area_km2":128025.91},"geometry":{"type":"MultiPolygon","coordinates":[[[[5.88972,41.24333],[6.93028,41.81583],[7.68917,41.655],[8.30472,41.4875],[8.65972,41.26472],[8.775,41.25],[9.13472,41.31806],[9.27,41.29194],[9.31667,41.33611],[9.45,41.40639],[9.71694,41.43361],[10.16395,41.54072],[10.42002,41.42881],[11.64588,39.52888],[11.5718,38.95582],[10.40031,38.44208],[10.36535,38.34065],[9.90333,38.24167],[9.67333,38.225],[9.56333,38.25],[8.81333,38.21833],[8.54167,38.175],[7.81355,38.00945],[7.40897,38.15513],[6.82199,38.39309],[6.06655,38.80087],[6.3,39.625],[6.3,40.02833],[5.96,41.10833],[5.88972,41.24333]],[[9.37404,41.22775],[9.38114,41.21021],[9.43795,41.21458],[9.42915,41.26351],[9.41513,41.26851],[9.4136,41.25005],[9.39854,41.25885],[9.40172,41.24459],[9.37404,41.22775]],[[9.43815,41.2281],[9.44844,41.23323],[9.43817,41.22943],[9.43815,41.2281]],[[9.71107,40.86788],[9.73446,40.85932],[9.74292,40.87018],[9.72717,40.87622],[9.71107,40.86788]],[[9.67402,40.89162],[9.69322,40.88791],[9.74275,40.91183],[9.72712,40.91876],[9.67402,40.89162]],[[9.46793,41.1838],[9.47361,41.17584],[9.48161,41.1858],[9.46793,41.1838]],[[9.43849,41.18471],[9.46214,41.18182],[9.48809,41.21631],[9.46926,41.24567],[9.43849,41.18471]],[[9.3971,41.19016],[9.42149,41.19103],[9.42046,41.20756],[9.4031,41.19957],[9.3971,41.19016]],[[9.365,41.2892],[9.38524,41.29822],[9.37313,41.3114],[9.365,41.2892]],[[9.34485,41.2855],[9.35318,41.27645],[9.3601,41.28568],[9.34485,41.2855]],[[9.34034,41.29869],[9.35845,41.29698],[9.34289,41.30859],[9.34034,41.29869]],[[9.33347,41.24747],[9.34114,41.22878],[9.35893,41.23676],[9.35161,41.25189],[9.33347,41.24747]],[[8.21265,40.98076],[8.21627,40.9677],[8.22381,40.97778],[8.21265,40.98076]],[[8.20963,40.98821],[8.25546,40.98747],[8.26469,41.00334],[8.24878,41.02711],[8.23589,41.02361],[8.26101,41.05191],[8.28165,41.06497],[8.3319,41.04943],[8.33927,41.05951],[8.33594,41.07937],[8.35029,41.08935],[8.32214,41.10577],[8.31911,41.12082],[8.27507,41.1041],[8.28518,41.07557],[8.22069,41.04077],[8.21783,41.02462],[8.23037,41.02344],[8.20963,40.98821]],[[8.34962,39.07886],[8.41464,38.95491],[8.4452,38.96852],[8.46851,39.05065],[8.45567,39.085],[8.42654,39.10866],[8.40392,39.10371],[8.36645,39.11317],[8.34962,39.07886]],[[8.21978,39.14551],[8.24873,39.13323],[8.25449,39.10326],[8.2951,39.0952],[8.31674,39.14429],[8.30984,39.18774],[8.24557,39.16866],[8.21978,39.14551]],[[8.13158,40.73222],[8.20666,40.68483],[8.18492,40.63729],[8.14416,40.62344],[8.14945,40.58269],[8.16533,40.55978],[8.16891,40.59364],[8.19785,40.6189],[8.21965,40.60152],[8.20366,40.59378],[8.20273,40.56788],[8.24433,40.56869],[8.24669,40.58259],[8.29453,40.5932],[8.31827,40.57113],[8.30671,40.5608],[8.33655,40.49957],[8.37418,40.4901],[8.40164,40.40959],[8.38235,40.3386],[8.45954,40.31888],[8.48303,40.28621],[8.45577,40.17608],[8.49268,40.08766],[8.45257,40.04988],[8.4076,40.0417],[8.40369,40.05439],[8.37652,40.03606],[8.4145,40.01642],[8.39285,39.97479],[8.39944,39.90138],[8.43802,39.88093],[8.43663,39.85772],[8.47083,39.90165],[8.44824,39.89009],[8.44173,39.905],[8.48594,39.91417],[8.4618,39.90308],[8.48718,39.90337],[8.50771,39.92641],[8.47161,39.92407],[8.46041,39.94263],[8.51659,39.99138],[8.49759,39.94489],[8.52574,39.92685],[8.48985,39.90234],[8.52711,39.90234],[8.5405,39.86823],[8.5696,39.86454],[8.53691,39.8651],[8.55486,39.8561],[8.5542,39.82654],[8.52079,39.76034],[8.54208,39.7718],[8.50427,39.72892],[8.5338,39.69765],[8.54653,39.71003],[8.56355,39.69439],[8.52037,39.69336],[8.48995,39.71512],[8.49774,39.72208],[8.46096,39.76776],[8.44374,39.75806],[8.45515,39.71003],[8.44301,39.68406],[8.45917,39.6683],[8.44873,39.63408],[8.47105,39.60068],[8.44513,39.53694],[8.38502,39.47138],[8.37922,39.45603],[8.41267,39.43959],[8.41217,39.42468],[8.37266,39.375],[8.39522,39.33843],[8.41994,39.33225],[8.4375,39.28795],[8.3677,39.21556],[8.40027,39.19409],[8.41206,39.15616],[8.4126,39.17352],[8.4375,39.15597],[8.43879,39.11418],[8.4737,39.11149],[8.48801,39.08632],[8.46913,39.05359],[8.53966,39.0678],[8.53484,39.05299],[8.5713,39.04114],[8.57261,38.9781],[8.62332,38.93916],[8.60712,38.89256],[8.64541,38.89483],[8.64645,38.86708],[8.65946,38.86894],[8.64861,38.88906],[8.67078,38.89709],[8.6649,38.91233],[8.71837,38.92282],[8.71987,38.94046],[8.78087,38.91248],[8.80106,38.88382],[8.80465,38.90404],[8.83494,38.87504],[8.86045,38.87709],[8.99996,38.98778],[9.02484,38.98459],[9.01352,38.9895],[9.04614,39.05621],[9.01633,39.08741],[9.00926,39.12289],[9.03193,39.16486],[9.04828,39.15667],[9.03411,39.16773],[9.08025,39.2019],[9.0563,39.21883],[9.09217,39.21252],[9.0799,39.23155],[9.03702,39.23609],[9.01216,39.26612],[9.03592,39.26692],[9.06182,39.23847],[9.08165,39.24631],[9.09873,39.21013],[9.14737,39.18252],[9.16478,39.18216],[9.16467,39.20449],[9.20907,39.22677],[9.29829,39.21285],[9.43814,39.12127],[9.50349,39.1305],[9.50215,39.1083],[9.52366,39.09435],[9.51218,39.11702],[9.55841,39.13181],[9.57951,39.17599],[9.56257,39.19922],[9.5836,39.27143],[9.63458,39.29899],[9.59787,39.33662],[9.59449,39.3223],[9.58371,39.35992],[9.59736,39.34212],[9.61415,39.41043],[9.64268,39.43955],[9.6455,39.48892],[9.63133,39.50011],[9.65707,39.56896],[9.64746,39.6517],[9.67729,39.71114],[9.66819,39.7777],[9.69721,39.85408],[9.68234,39.86962],[9.6828,39.90833],[9.71642,39.92841],[9.68734,39.94452],[9.68708,39.98399],[9.7365,40.07813],[9.65452,40.14358],[9.62957,40.19117],[9.62388,40.24743],[9.67338,40.33138],[9.72881,40.37449],[9.71533,40.3783],[9.76701,40.39225],[9.82858,40.5286],[9.79332,40.54079],[9.7905,40.57155],[9.75202,40.59667],[9.73758,40.65023],[9.75296,40.67299],[9.71042,40.71242],[9.71795,40.75072],[9.67103,40.78413],[9.67655,40.80801],[9.69179,40.81039],[9.68229,40.83403],[9.72713,40.84392],[9.64952,40.85575],[9.65929,40.87532],[9.6146,40.89189],[9.64457,40.91965],[9.61867,40.92286],[9.58751,40.89514],[9.57118,40.89577],[9.57969,40.91476],[9.56217,40.91992],[9.49418,40.91667],[9.52426,40.92107],[9.5026,40.92736],[9.52108,40.93354],[9.57455,40.92749],[9.57507,40.95797],[9.59358,40.96608],[9.58337,40.98671],[9.60832,41.00159],[9.6488,40.98389],[9.66404,40.99749],[9.59628,41.02232],[9.55501,41.00345],[9.56093,41.03763],[9.50632,41.00904],[9.52292,41.05305],[9.54082,41.06046],[9.53379,41.08114],[9.54484,41.08953],[9.55295,41.07786],[9.57231,41.09952],[9.56744,41.11541],[9.54063,41.1143],[9.54647,41.13281],[9.52774,41.13353],[9.53883,41.13852],[9.51994,41.15682],[9.51144,41.14015],[9.46581,41.14147],[9.47164,41.12507],[9.44476,41.09474],[9.44588,41.13421],[9.42947,41.15614],[9.40333,41.15803],[9.42092,41.16818],[9.42014,41.17896],[9.37015,41.18337],[9.36494,41.20712],[9.33879,41.20457],[9.33378,41.18558],[9.28969,41.19298],[9.30135,41.20191],[9.28755,41.21906],[9.28521,41.18457],[9.26951,41.19657],[9.28025,41.22821],[9.23509,41.25874],[9.1957,41.23912],[9.18414,41.25193],[9.16426,41.23579],[9.14512,41.24732],[9.14185,41.23166],[9.16796,41.22893],[9.15376,41.19764],[9.1732,41.17579],[9.1531,41.15498],[9.12098,41.15538],[9.11261,41.13564],[9.0847,41.12824],[9.04491,41.13831],[9.01181,41.12465],[8.92084,41.03446],[8.87995,41.02862],[8.88868,41.01465],[8.8708,41.01496],[8.87348,40.99502],[8.81766,40.93537],[8.77081,40.91593],[8.6999,40.91467],[8.6491,40.8935],[8.59202,40.84238],[8.53714,40.82481],[8.46091,40.81901],[8.39937,40.84848],[8.35856,40.83688],[8.36006,40.85253],[8.34509,40.83988],[8.28257,40.86156],[8.28412,40.84883],[8.23236,40.90694],[8.2378,40.95281],[8.20102,40.97233],[8.17627,40.93794],[8.22299,40.88628],[8.18761,40.81214],[8.16042,40.79311],[8.16656,40.7658],[8.13158,40.73222]]],[[[9.65739,40.80502],[9.67623,40.80796],[9.65874,40.787],[9.65739,40.80502]]],[[[9.67623,40.80796],[9.67666,40.80848],[9.67655,40.80801],[9.67623,40.80796]]]]}},{"id":"87","type":"Feature","properties":{"zone_id":"ITSI_OFF","name":"Italy Sicily Offshore Node SI","parent_zone":"ITSI_OFF","level":"PEOF","area_km2":148812.56},"geometry":{"type":"Polygon","coordinates":[[[10.36536,38.34065],[10.40031,38.44184],[11.71867,39.01914],[14.35539,39.10905],[15.6276,38.8032],[15.58947,38.28616],[15.54363,38.30139],[15.39905,38.23023],[15.29155,38.20619],[15.24457,38.21438],[15.25195,38.25295],[15.22451,38.26988],[15.24202,38.24236],[15.21576,38.18842],[15.17194,38.15132],[15.09367,38.12034],[15.0582,38.12959],[15.0457,38.15184],[14.9687,38.15297],[14.91538,38.1923],[14.88787,38.17106],[14.79205,38.15234],[14.74723,38.16526],[14.64153,38.07617],[14.52376,38.0422],[14.42578,38.04039],[14.37492,38.01653],[14.28892,38.00706],[14.1465,38.03039],[14.12583,38.01723],[14.06493,38.01903],[14.02196,38.04177],[13.95014,38.03137],[13.79958,37.9752],[13.7541,37.97108],[13.75172,37.9902],[13.74727,37.97022],[13.56672,38.03855],[13.53679,38.06654],[13.5381,38.11231],[13.50689,38.11988],[13.49054,38.10175],[13.44588,38.0949],[13.382,38.10979],[13.36385,38.13259],[13.37671,38.15157],[13.36595,38.18248],[13.32841,38.20008],[13.31759,38.22478],[13.2751,38.19836],[13.24162,38.20377],[13.23287,38.18198],[13.1937,38.16958],[13.10498,38.19138],[13.07691,38.17229],[13.07196,38.14239],[13.05208,38.13853],[13.0772,38.08757],[12.99276,38.04542],[12.90278,38.02403],[12.81214,38.08008],[12.76846,38.17983],[12.73769,38.17572],[12.73167,38.1897],[12.71557,38.17727],[12.73716,38.13971],[12.71062,38.1097],[12.66118,38.11242],[12.64407,38.07777],[12.56798,38.06834],[12.52157,38.02355],[12.49037,38.01796],[12.53772,37.99267],[12.5097,37.99596],[12.52438,37.98575],[12.49376,37.98116],[12.50428,37.94745],[12.49317,37.95296],[12.45793,37.90735],[12.48573,37.87703],[12.48409,37.85831],[12.4652,37.84808],[12.46389,37.81686],[12.42389,37.80204],[12.47058,37.74636],[12.47106,37.70494],[12.49882,37.67588],[12.61099,37.63831],[12.6733,37.5594],[12.72779,37.5697],[12.91768,37.57724],[12.96445,37.56126],[13.01974,37.49511],[13.07726,37.50554],[13.16493,37.49339],[13.2178,37.45893],[13.27269,37.38891],[13.40273,37.33247],[13.44803,37.29278],[13.51128,37.2921],[13.52719,37.27458],[13.52496,37.28623],[13.5575,37.2845],[13.57772,37.25877],[13.63915,37.22975],[13.66132,37.19347],[13.75068,37.14916],[13.82338,37.14452],[13.87621,37.10113],[13.92893,37.09792],[13.93973,37.08428],[13.93279,37.09555],[13.9776,37.1087],[14.07059,37.11018],[14.25149,37.06222],[14.26724,37.05191],[14.25208,37.03181],[14.27732,37.04717],[14.37935,36.96089],[14.437,36.88341],[14.45887,36.81541],[14.49286,36.78647],[14.63109,36.76488],[14.68868,36.72132],[14.74631,36.72035],[14.78232,36.70317],[14.81802,36.7176],[14.83985,36.7074],[14.83575,36.7229],[14.86619,36.73103],[14.90787,36.72539],[14.95632,36.69333],[15.0121,36.70365],[15.07776,36.64372],[15.1122,36.67296],[15.13714,36.6741],[15.09431,36.79814],[15.15315,36.91418],[15.20994,36.96432],[15.26169,36.97453],[15.27557,37.00666],[15.30221,37.01502],[15.33647,37.00206],[15.31558,37.03709],[15.28187,37.0338],[15.26909,37.05461],[15.28041,37.06501],[15.29755,37.05253],[15.29676,37.10536],[15.22146,37.12826],[15.22194,37.14864],[15.24412,37.14634],[15.23193,37.15933],[15.20543,37.15321],[15.20673,37.18802],[15.18515,37.19543],[15.18246,37.2084],[15.19472,37.20708],[15.18375,37.21605],[15.19859,37.21723],[15.19033,37.23485],[15.21485,37.24577],[15.23302,37.19791],[15.2265,37.24504],[15.24618,37.23181],[15.25713,37.24368],[15.20706,37.29292],[15.19069,37.28188],[15.09925,37.31682],[15.08457,37.48248],[15.09657,37.50076],[15.1013,37.48954],[15.1165,37.53148],[15.1767,37.57574],[15.17499,37.63212],[15.19885,37.65384],[15.21959,37.71077],[15.20459,37.73955],[15.21231,37.75542],[15.34517,37.9149],[15.49218,38.07322],[15.57313,38.18989],[15.55788,38.19549],[15.58661,38.24707],[15.57402,38.07457],[15.64301,38.01775],[15.63665,38.0076],[15.67753,37.95403],[15.72794,37.9278],[15.7626,37.91894],[16.03654,37.69114],[18.31485,36.96995],[18.32,36.90667],[18.3,36.44167],[18.26167,36.15],[18.345,35.57],[18.30452,35.42515],[17.93744,35.24762],[17.49726,35.06441],[15.55106,35.947],[14.55833,36.36866],[14.38664,36.43079],[14.14724,36.48737],[13.77487,36.5113],[13.41697,36.46754],[13.60417,35.61068],[13.61888,35.47642],[13.61,35.25],[13.19167,35.66],[13.09583,35.72583],[12.98111,35.65139],[12.84861,35.63333],[12.88944,35.55167],[12.89472,35.4825],[12.86917,35.40472],[12.81861,35.34417],[12.70667,35.28472],[12.57806,35.27389],[12.42639,35.31139],[12.35222,35.35222],[12.25417,35.35583],[12.17306,35.38611],[12.09083,35.46722],[12.07083,35.575],[12.11944,35.67222],[12.23028,35.73833],[12.305,35.75028],[12.42583,35.72833],[12.62556,35.73861],[12.58139,35.81833],[12.57694,35.90528],[12.61528,35.99056],[12.695,36.05917],[12.54,36.25333],[12.50333,36.36167],[12.29583,36.66278],[12.26472,36.61333],[12.19722,36.56056],[12.04361,36.51333],[11.87722,36.53556],[11.80528,36.57222],[11.74528,36.62583],[11.65528,36.77],[11.65583,36.83444],[11.68611,36.90583],[11.74472,36.96944],[11.81694,37.01194],[11.92333,37.03917],[12.02278,37.03667],[12.02278,37.05028],[11.80333,37.34333],[11.17167,37.79],[10.87833,38.05833],[10.695,38.41],[10.36536,38.34065]],[[11.92754,36.8264],[11.92666,36.80152],[11.99189,36.73752],[12.03006,36.73648],[12.05502,36.76148],[12.05165,36.79971],[12.01359,36.82541],[11.94324,36.83563],[11.92754,36.8264]],[[12.52107,35.51702],[12.60805,35.49454],[12.63366,35.49329],[12.62764,35.5207],[12.53605,35.52968],[12.52107,35.51702]],[[12.84879,35.87019],[12.86046,35.85491],[12.88371,35.85594],[12.87269,35.87588],[12.84879,35.87019]],[[15.18868,38.78627],[15.22276,38.77659],[15.24256,38.80507],[15.20655,38.80421],[15.18868,38.78627]],[[15.05379,38.62928],[15.06506,38.62697],[15.07895,38.6363],[15.06989,38.64776],[15.05379,38.62928]],[[14.9422,38.39716],[14.99185,38.36608],[15.00696,38.37504],[14.98246,38.41029],[14.9614,38.41281],[14.9587,38.43225],[14.9422,38.39716]],[[14.90559,38.51317],[14.89894,38.47817],[14.95952,38.44294],[14.95431,38.47197],[14.98031,38.48462],[14.96345,38.49016],[14.96141,38.52336],[14.90559,38.51317]],[[14.79678,38.55992],[14.85729,38.53383],[14.87204,38.53709],[14.87345,38.58157],[14.81399,38.58349],[14.79678,38.55992]],[[14.54427,38.58567],[14.55477,38.55835],[14.59416,38.55776],[14.57764,38.58055],[14.54427,38.58567]],[[14.34149,38.54958],[14.34312,38.53256],[14.3619,38.53316],[14.36494,38.55302],[14.34149,38.54958]],[[13.15176,38.6994],[13.17457,38.6918],[13.20137,38.71024],[13.18159,38.72052],[13.15176,38.6994]],[[12.44474,37.86225],[12.44605,37.845],[12.44932,37.86054],[12.44474,37.86225]],[[12.43308,37.8883],[12.44001,37.87189],[12.45184,37.87179],[12.44826,37.88652],[12.43308,37.8883]],[[12.32203,38.00842],[12.32821,37.98823],[12.35191,37.98781],[12.334,38.02096],[12.32203,38.00842]],[[12.27841,37.94247],[12.28656,37.91478],[12.33701,37.91874],[12.35666,37.90468],[12.36728,37.92521],[12.34623,37.93749],[12.32499,37.92957],[12.30831,37.95582],[12.27841,37.94247]],[[12.02842,37.98968],[12.04384,37.95911],[12.08702,37.94566],[12.0653,37.99211],[12.02842,37.98968]]]}},{"id":"88","type":"Feature","properties":{"zone_id":"ME00_OFF","name":"Montenegro Offshore Node 00","parent_zone":"ME00_OFF","level":"PEOF","area_km2":6375.39},"geometry":{"type":"MultiPolygon","coordinates":[[[[19.34339,41.90427],[19.34555,41.90853],[19.37996,41.88508],[19.34339,41.90427]]],[[[19.34109,41.91157],[19.37109,41.92296],[19.36494,41.93288],[19.37159,41.92275],[19.34109,41.91157]]],[[[19.35051,41.95485],[19.35121,41.95504],[19.36494,41.93288],[19.35051,41.95485]]],[[[19.35015,41.95675],[19.38733,41.96558],[19.38155,41.99554],[19.38792,41.9653],[19.35015,41.95675]]],[[[18.0183,41.6297],[18.26665,41.90698],[18.5329,42.32371],[18.5441,42.40094],[18.50601,42.45217],[18.56129,42.45385],[18.59957,42.43252],[18.65288,42.44653],[18.68791,42.4792],[18.65232,42.49465],[18.68836,42.5168],[18.69946,42.48469],[18.76401,42.4888],[18.77101,42.42261],[18.7352,42.4653],[18.69075,42.47788],[18.68083,42.45535],[18.71199,42.4167],[18.7016,42.4056],[18.71156,42.39193],[18.57739,42.432],[18.54699,42.41364],[18.60885,42.36397],[18.65438,42.36276],[18.65365,42.38236],[18.68391,42.38503],[18.70698,42.3223],[18.77638,42.26789],[18.81068,42.28454],[18.88821,42.2748],[18.90543,42.22004],[18.96646,42.1925],[18.96431,42.17479],[19.00191,42.15904],[19.0116,42.13335],[19.05937,42.13471],[19.09153,42.09814],[19.07251,42.08461],[19.1422,42.04245],[19.15238,41.98254],[19.13831,41.97539],[19.16534,41.95295],[19.14817,41.95316],[19.15633,41.94406],[19.30821,41.88892],[19.36816,41.84805],[19.38156,41.88423],[19.32217,41.70409],[19.13062,41.67048],[18.78632,41.55917],[18.32149,41.44175],[18.0183,41.6297]]]]}},{"id":"89","type":"Feature","properties":{"zone_id":"MT00_OFF","name":"Malta Offshore Node 00","parent_zone":"MT00_OFF","level":"PEOF","area_km2":52795.23},"geometry":{"type":"Polygon","coordinates":[[[17.49726,35.06441],[16.87724,34.72995],[16.49747,34.56194],[15.81705,34.33721],[15.4531,34.25467],[15.18455,34.21329],[15.17098,34.21414],[15.16667,34.49806],[14.39833,34.56861],[14.07083,34.61972],[13.7531,34.69647],[13.64633,35.12974],[13.68389,35.15361],[13.61,35.25],[13.61888,35.47642],[13.60417,35.61068],[13.41697,36.46754],[13.69301,36.50654],[13.93094,36.51094],[14.14724,36.48737],[14.38664,36.43079],[14.6094,36.3487],[15.55947,35.94326],[17.49726,35.06441]],[[14.54255,35.81096],[14.53102,35.83203],[14.54948,35.83842],[14.56053,35.81845],[14.57094,35.87267],[14.52343,35.89952],[14.52667,35.88855],[14.50071,35.88279],[14.51987,35.90305],[14.49846,35.89433],[14.49831,35.90678],[14.51553,35.90645],[14.49259,35.92938],[14.43698,35.95443],[14.42184,35.94448],[14.43019,35.96049],[14.38359,35.9469],[14.39779,35.96785],[14.35216,35.96746],[14.3768,35.98758],[14.36754,35.99872],[14.32802,35.98984],[14.31885,35.97059],[14.34099,35.95367],[14.32841,35.94154],[14.34429,35.93369],[14.34033,35.90652],[14.32763,35.9062],[14.34186,35.87318],[14.41939,35.82704],[14.54255,35.81096]],[[14.33939,36.02018],[14.32285,36.01881],[14.32724,36.00355],[14.34963,36.00612],[14.33939,36.02018]],[[14.26153,36.0106],[14.33731,36.03218],[14.3114,36.0588],[14.25168,36.07798],[14.18397,36.07486],[14.18603,36.03745],[14.26153,36.0106]]]}},{"id":"90","type":"Feature","properties":{"zone_id":"RO03_OFF","name":"Romania Offshore Node 03","parent_zone":"RO00_OFF","level":"PEOF","area_km2":29586.87},"geometry":{"type":"MultiPolygon","coordinates":[[[[28.63401,44.32528],[28.67242,44.3318],[28.66672,44.34566],[28.69492,44.32088],[28.69085,44.34729],[28.70931,44.37426],[28.84727,44.49911],[28.96148,44.64844],[29.09477,44.75384],[29.25052,44.7971],[29.60286,44.83979],[29.61731,44.87658],[29.54918,44.92549],[29.62041,44.88369],[29.65368,45.09814],[29.69024,45.15326],[29.71976,45.1642],[29.67721,45.15243],[29.6369,45.1612],[29.6966,45.16462],[29.64674,45.16481],[29.62993,45.20578],[29.63937,45.21284],[29.68883,45.20331],[29.69028,45.18399],[29.99232,45.19123],[30.04083,45.08917],[30.97703,44.77742],[31.17436,44.73706],[31.40972,44.04806],[31.33082,43.43989],[30.90975,43.44885],[30.42882,43.63741],[29.62574,43.67642],[29.12955,43.67726],[28.58161,43.73629],[28.58006,43.78863],[28.59415,43.79873],[28.52782,43.80652],[28.6018,43.79808],[28.58649,43.81062],[28.59138,43.83818],[28.6098,43.85114],[28.63436,43.94599],[28.66827,43.98651],[28.63901,44.0763],[28.67238,44.08956],[28.66429,44.1085],[28.6495,44.09358],[28.6234,44.1005],[28.64507,44.10306],[28.63919,44.11687],[28.65288,44.12781],[28.65145,44.11111],[28.65674,44.12953],[28.65576,44.11072],[28.67765,44.10658],[28.66533,44.1413],[28.64907,44.13759],[28.66756,44.15007],[28.6437,44.14828],[28.65833,44.16803],[28.65089,44.21981],[28.63249,44.22466],[28.62125,44.25882],[28.63831,44.32324],[28.69028,44.32353],[28.63401,44.32528]],[[28.67238,44.08956],[28.67258,44.0891],[28.69595,44.09891],[28.67238,44.08956]],[[28.65833,44.16803],[28.65919,44.16203],[28.70793,44.10767],[28.65833,44.16803]]],[[[29.55051,45.17995],[29.6369,45.1612],[29.61437,45.15991],[29.55051,45.17995]]],[[[29.51146,45.17578],[29.53437,45.185],[29.55051,45.17995],[29.53767,45.18273],[29.51146,45.17578]]]]}},{"id":"91","type":"Feature","properties":{"zone_id":"SI00_OFF","name":"Slovenia Offshore Node 00","parent_zone":"SI00_OFF","level":"PEOF","area_km2":151.43},"geometry":{"type":"Polygon","coordinates":[[[13.60723,45.60173],[13.7023,45.60446],[13.74668,45.55877],[13.71934,45.5431],[13.56274,45.5295],[13.61873,45.48719],[13.60654,45.46557],[13.47651,45.58117],[13.55394,45.61244],[13.60723,45.60173]]]}},{"id":"92","type":"Feature","properties":{"zone_id":"TR11_OFF","name":"Turkey Offshore Node 11","parent_zone":"TR00_OFF","level":"PEOF","area_km2":48549.5},"geometry":{"type":"MultiPolygon","coordinates":[[[[35.56206,36.58263],[35.59037,36.61041],[35.56492,36.57368],[35.56206,36.58263]]],[[[35.52739,36.67265],[35.56613,36.65718],[35.59287,36.61286],[35.56338,36.65774],[35.52747,36.67159],[35.5239,36.65192],[35.52739,36.67265]]],[[[28.94234,41.04746],[28.97744,41.0234],[28.97377,41.02167],[28.94234,41.04746]]],[[[28.93563,41.05206],[28.94674,41.06349],[28.94234,41.04746],[28.93563,41.05206]]],[[[26.59888,39.3862],[26.59947,39.38623],[26.59939,39.38602],[26.59888,39.3862]]],[[[37.16925,41.14852],[37.18496,43.02966],[38.53611,42.42444],[39.00361,42.3375],[39.82694,42.13917],[40.43333,42.03111],[40.6925,41.95],[41.27583,41.59472],[41.54703,41.52049],[41.41065,41.38656],[41.26644,41.3421],[41.04444,41.21087],[40.93037,41.17663],[40.87468,41.18271],[40.80371,41.16238],[40.69098,41.0771],[40.54529,41.02767],[40.49828,41.04093],[40.3822,41.02505],[40.28062,40.95342],[40.18552,40.91453],[40.09458,40.91714],[40.03565,40.95939],[39.87031,40.95485],[39.82999,40.98518],[39.72017,41.01195],[39.64679,40.99672],[39.56655,41.02577],[39.48684,41.09167],[39.41942,41.10727],[39.28451,41.04974],[39.25225,41.04718],[39.16275,41.0791],[39.05693,41.03761],[38.93408,41.04349],[38.87182,41.01137],[38.81651,41.01123],[38.71488,40.95066],[38.6747,40.94913],[38.62438,40.97333],[38.52993,40.91666],[38.43001,40.91134],[38.38997,40.92404],[38.35665,40.90907],[38.28148,40.9451],[38.18891,40.93869],[38.00049,40.98042],[37.88354,40.98536],[37.86619,41.01485],[37.80918,41.02527],[37.78378,41.05259],[37.77222,41.07047],[37.78704,41.11642],[37.7049,41.11387],[37.68288,41.13664],[37.59346,41.03746],[37.53754,41.0209],[37.5077,41.02821],[37.47993,41.06209],[37.42201,41.07956],[37.3969,41.10323],[37.29422,41.12365],[37.29289,41.14553],[37.16925,41.14852]]]]}},{"id":"238","type":"Feature","properties":{"zone_id":"MA05_OFF","name":"Morocco Offshore Node 05","parent_zone":"MA00_OFF","level":"PEOF","area_km2":65544.4},"geometry":{"type":"Polygon","coordinates":[[[-11.77166,28.2072],[-12.17404,29.22173],[-12.06634,29.45788],[-11.81335,30.30716],[-11.81269,30.34358],[-12.22794,31.16447],[-13.03974,32.2891],[-9.82425,30.95333],[-9.80786,30.89148],[-9.82681,30.84708],[-9.80574,30.81435],[-9.87307,30.70023],[-9.89066,30.63968],[-9.88104,30.62447],[-9.83013,30.62718],[-9.78273,30.6088],[-9.74008,30.55036],[-9.70159,30.54052],[-9.64827,30.42255],[-9.61108,30.42241],[-9.59836,30.39968],[-9.6074,30.37628],[-9.5885,30.36122],[-9.60676,30.35894],[-9.66999,30.08088],[-9.65507,30.05443],[-9.67275,30.07586],[-9.69627,30.04872],[-9.83199,29.80571],[-9.98284,29.6755],[-10.05093,29.58184],[-10.07693,29.50288],[-10.18163,29.37742],[-10.21548,29.31335],[-10.33006,29.23626],[-10.44035,29.09454],[-10.54807,29.00281],[-11.07482,28.74129],[-11.11336,28.68727],[-11.3582,28.48349],[-11.35013,28.47136],[-11.46296,28.33741],[-11.52404,28.30176],[-11.51918,28.28086],[-11.54351,28.29418],[-11.62988,28.25282],[-11.70347,28.24284],[-11.77166,28.2072]]]}},{"id":"239","type":"Feature","properties":{"zone_id":"MA02_OFF","name":"Morocco Offshore Node 02","parent_zone":"MA00_OFF","level":"PEOF","area_km2":9315.29},"geometry":{"type":"Polygon","coordinates":[[[-3.80654,35.20418],[-3.80547,35.9115],[-3.53892,35.73117],[-3.4169,35.66859],[-3.01144,35.6884],[-2.37556,35.75323],[-2.12171,35.88889],[-2.06975,35.75272],[-2.05752,35.64274],[-2.18175,35.29386],[-2.20888,35.08505],[-2.42191,35.14807],[-2.52048,35.08915],[-2.63002,35.08732],[-2.74713,35.1243],[-2.84382,35.19385],[-2.74752,35.10645],[-2.81131,35.10253],[-2.87328,35.12783],[-2.92388,35.18328],[-2.92525,35.1974],[-2.89859,35.21191],[-2.92373,35.22401],[-2.92918,35.25048],[-2.84471,35.19576],[-2.91796,35.2586],[-2.91649,35.28293],[-2.92946,35.27092],[-2.88091,35.32011],[-2.89817,35.3499],[-2.95221,35.32013],[-2.96126,35.33088],[-2.97106,35.36423],[-2.94967,35.42787],[-2.96265,35.43968],[-2.99364,35.43535],[-3.02728,35.35191],[-3.0829,35.28086],[-3.10996,35.27178],[-3.13415,35.28507],[-3.19342,35.2232],[-3.23859,35.22308],[-3.333,35.18629],[-3.45144,35.20598],[-3.49002,35.199],[-3.57582,35.22175],[-3.68961,35.28537],[-3.75017,35.27478],[-3.77273,35.22108],[-3.80654,35.20418]],[[-2.52456,35.17554],[-2.47441,35.1555],[-2.38372,35.16795],[-2.44128,35.18337],[-2.52456,35.17554]]]}},{"id":"240","type":"Feature","properties":{"zone_id":"MA01_OFF","name":"Morocco Offshore Node 01","parent_zone":"MA00_OFF","level":"PEOF","area_km2":19229.33},"geometry":{"type":"MultiPolygon","coordinates":[[[[-3.80547,35.9115],[-3.80654,35.20418],[-3.89032,35.2109],[-3.85117,35.26499],[-3.89888,35.23539],[-3.90505,35.21564],[-3.9287,35.26195],[-3.98,35.23639],[-4.04521,35.2367],[-4.11415,35.20485],[-4.29444,35.17089],[-4.31911,35.19882],[-4.29863,35.16972],[-4.35545,35.14743],[-4.61243,35.18892],[-4.6495,35.21425],[-4.68181,35.20464],[-4.78252,35.23802],[-4.86731,35.30138],[-4.92801,35.31853],[-5.01664,35.4032],[-5.0624,35.40719],[-5.10568,35.47642],[-5.17337,35.53169],[-5.2427,35.55235],[-5.28417,35.66242],[-5.27344,35.68499],[-5.32017,35.68359],[-5.33494,35.71425],[-5.35376,35.82834],[-5.34432,35.87046],[-5.23013,35.79153],[-4.68216,35.80588],[-4.60408,35.87732],[-4.5283,35.89747],[-4.42257,35.87706],[-4.34178,35.87923],[-4.02631,35.96873],[-3.91354,35.98461],[-3.80547,35.9115]]],[[[-3.90501,35.21558],[-3.89399,35.21134],[-3.90343,35.21247],[-3.90501,35.21558]]],[[[-3.89399,35.21134],[-3.89032,35.2109],[-3.89087,35.21014],[-3.89399,35.21134]]],[[[-6.25142,34.99401],[-7.75914,35.61901],[-7.54199,35.75649],[-7.02212,35.80935],[-6.10303,35.96254],[-5.62891,35.93516],[-5.37215,36.0051],[-5.38213,35.9127],[-5.40154,35.92247],[-5.44239,35.90421],[-5.48331,35.90848],[-5.5398,35.85397],[-5.58396,35.83448],[-5.71897,35.83144],[-5.75043,35.81787],[-5.75129,35.79848],[-5.78118,35.77657],[-5.84678,35.80104],[-5.93019,35.78784],[-5.99568,35.57738],[-5.96371,35.59673],[-5.99997,35.56442],[-6.02868,35.47274],[-6.08148,35.39551],[-6.15027,35.20387],[-6.11966,35.21301],[-6.1695,35.19379],[-6.25142,34.99401]]]]}},{"id":"242","type":"Feature","properties":{"zone_id":"MA04_OFF","name":"Morocco Offshore Node 04","parent_zone":"MA00_OFF","level":"PEOF","area_km2":172866.13},"geometry":{"type":"Polygon","coordinates":[[[-7.75914,35.61901],[-6.25142,34.99401],[-6.2965,34.88407],[-6.24967,34.85916],[-6.24822,34.83912],[-6.26825,34.81964],[-6.29611,34.84089],[-6.2821,34.86685],[-6.30286,34.8689],[-6.52407,34.47113],[-6.68391,34.26751],[-6.65121,34.27045],[-6.59779,34.31166],[-6.58089,34.30765],[-6.5994,34.30996],[-6.64671,34.27115],[-6.68591,34.26273],[-6.7175,34.17621],[-6.83828,34.04067],[-6.81424,34.02699],[-6.8403,34.03743],[-6.98047,33.90961],[-7.12036,33.82933],[-7.22802,33.80381],[-7.36133,33.71024],[-7.39478,33.70856],[-7.38758,33.73381],[-7.52136,33.62512],[-7.60022,33.60203],[-7.61846,33.60508],[-7.59202,33.62056],[-7.64304,33.60356],[-7.65279,33.61412],[-7.80081,33.52857],[-7.82353,33.53774],[-7.8967,33.49468],[-8.29766,33.36658],[-8.33473,33.32342],[-8.33039,33.26532],[-8.33982,33.31744],[-8.46016,33.24592],[-8.48907,33.2442],[-8.51036,33.26727],[-8.54626,33.24598],[-8.62577,33.17148],[-8.61325,33.14031],[-8.64488,33.12395],[-8.6219,33.13511],[-8.6372,33.1251],[-8.63106,33.11324],[-8.75959,32.97854],[-8.73819,32.99091],[-8.74575,32.97663],[-9.12159,32.66155],[-9.28604,32.54257],[-9.23198,32.47628],[-9.24904,32.41623],[-9.29106,32.36354],[-9.28111,32.329],[-9.25249,32.31945],[-9.24497,32.29998],[-9.26638,32.25115],[-9.25129,32.21746],[-9.26188,32.17505],[-9.32215,32.1134],[-9.34384,32.03203],[-9.6785,31.69978],[-9.68658,31.604],[-9.78019,31.50879],[-9.76503,31.50608],[-9.76867,31.48446],[-9.84138,31.39001],[-9.81011,31.37874],[-9.79389,31.32724],[-9.84209,31.10605],[-9.81686,31.09143],[-9.82521,31.05818],[-9.80801,31.00678],[-9.82702,30.96382],[-9.82425,30.95333],[-13.03974,32.2891],[-12.88567,32.73229],[-12.7369,33.23778],[-12.59045,34.41549],[-12.40443,34.63157],[-12.14817,34.87786],[-9.6905,35.0771],[-8.91018,35.16728],[-8.42239,35.2597],[-8.34637,35.29067],[-7.98778,35.47425],[-7.75914,35.61901]]]}},{"id":"243","type":"Feature","properties":{"zone_id":"TN01_OFF","name":"Tunisia Offshore Node 01","parent_zone":"TN00_OFF","level":"PEOF","area_km2":24314.42},"geometry":{"type":"Polygon","coordinates":[[[10.69497,38.40999],[10.5285,37.19887],[10.46833,36.9051],[10.45179,36.86886],[10.4187,36.83026],[10.38167,36.80662],[10.34858,36.79638],[10.31706,36.79402],[10.30554,36.80407],[10.35376,36.87319],[10.32228,36.89297],[10.31842,36.91699],[10.24844,36.9428],[10.20111,36.98428],[10.16992,37.05466],[10.21841,37.1101],[10.13623,37.14229],[10.15358,37.16546],[10.22179,37.16845],[10.22242,37.15435],[10.22544,37.16847],[10.24885,37.16953],[10.23168,37.15024],[10.28149,37.18023],[10.21864,37.18521],[10.15397,37.22695],[10.08779,37.23998],[10.07039,37.27055],[9.9775,37.247],[9.88869,37.2719],[9.82101,37.22576],[9.9311,37.22456],[9.92684,37.17665],[9.86536,37.13553],[9.81552,37.14079],[9.78208,37.1817],[9.78623,37.20895],[9.77419,37.20166],[9.75965,37.22196],[9.79926,37.21804],[9.80978,37.23391],[9.78338,37.22068],[9.78305,37.23661],[9.82438,37.2374],[9.88191,37.2725],[9.86575,37.332],[9.78645,37.32732],[9.73835,37.34598],[9.667,37.33845],[9.59148,37.2983],[9.55971,37.3056],[9.45735,37.2637],[9.3891,37.26502],[9.33811,37.23388],[9.2569,37.21558],[9.22392,37.21827],[9.21524,37.24023],[9.12364,37.16222],[9.05213,37.14952],[8.97784,37.1048],[8.95318,37.0604],[8.83468,36.97453],[8.78158,36.95214],[8.71208,36.96766],[8.64205,36.94102],[8.42095,37.80114],[7.81667,38.01],[8.54167,38.175],[8.81333,38.21833],[9.56333,38.25],[9.67333,38.225],[9.90333,38.24167],[10.69497,38.40999]],[[8.89882,37.52121],[8.95134,37.51569],[8.94885,37.54064],[8.89882,37.52121]],[[10.20415,37.13719],[10.21423,37.1188],[10.2109,37.14216],[10.20415,37.13719]]]}},{"id":"244","type":"Feature","properties":{"zone_id":"TN02_OFF","name":"Tunisia Offshore Node 02","parent_zone":"TN00_OFF","level":"PEOF","area_km2":15746.4},"geometry":{"type":"Polygon","coordinates":[[[11.75245,36.61943],[11.29774,36.33421],[11.17357,36.28986],[11.03609,36.26768],[10.78773,36.25881],[10.67686,36.28542],[10.53974,36.36187],[10.54802,36.37765],[10.5758,36.39852],[10.61656,36.39226],[10.69732,36.4319],[10.80985,36.45817],[10.87912,36.60268],[10.96164,36.70992],[10.95365,36.71792],[11.05461,36.81245],[11.12821,36.84866],[11.13604,36.87437],[11.10911,36.89856],[11.0979,36.95719],[11.05872,37.00916],[11.05894,37.03443],[11.07818,37.04744],[11.06005,37.07133],[11.03472,37.08856],[11.01717,37.06702],[10.96138,37.05539],[10.90714,37.05431],[10.91114,37.00684],[10.89568,37.01035],[10.87075,36.9775],[10.74239,36.89432],[10.69976,36.87898],[10.60795,36.88308],[10.56945,36.84248],[10.54872,36.76916],[10.4788,36.73908],[10.50859,36.72693],[10.47265,36.7367],[10.41186,36.71457],[10.36599,36.72146],[10.29252,36.76462],[10.28201,36.79315],[10.30554,36.80407],[10.31706,36.79402],[10.38167,36.80662],[10.4187,36.83026],[10.45179,36.86886],[10.46833,36.9051],[10.5285,37.19887],[10.69497,38.40999],[10.87833,38.05833],[11.17167,37.79],[11.80333,37.34333],[12.02278,37.05028],[12.02278,37.03667],[11.92333,37.03917],[11.81694,37.01194],[11.74472,36.96944],[11.68611,36.90583],[11.65583,36.83444],[11.65528,36.77],[11.75245,36.61943]],[[10.78917,37.12737],[10.79707,37.11593],[10.8202,37.11907],[10.80613,37.14258],[10.78917,37.12737]]]}},{"id":"245","type":"Feature","properties":{"zone_id":"TN04_OFF","name":"Tunisia Offshore Node 04","parent_zone":"TN00_OFF","level":"PEOF","area_km2":19987.04},"geometry":{"type":"Polygon","coordinates":[[[12.10228,35.45764],[11.69651,35.21653],[11.39638,35.07299],[11.21774,35.0095],[11.17916,35.01673],[11.09234,35.08908],[11.06702,35.10234],[11.02441,35.10631],[11.05004,35.15021],[11.06112,35.14603],[11.05194,35.15426],[11.08877,35.1609],[11.11925,35.22365],[11.15662,35.22839],[11.15958,35.2146],[11.16691,35.2303],[11.10006,35.267],[11.03482,35.34384],[11.03323,35.3807],[11.05006,35.39094],[11.04317,35.44323],[11.05992,35.49485],[11.08248,35.50838],[11.05782,35.50934],[11.03352,35.5384],[11.05025,35.62358],[10.8321,35.69795],[10.81792,35.71687],[10.84395,35.76804],[10.83429,35.78958],[10.7402,35.76514],[10.65181,35.81011],[10.64204,35.82521],[10.65212,35.82676],[10.52969,35.97893],[10.51729,36.02853],[10.48369,36.05308],[10.46697,36.12822],[10.48192,36.25169],[10.53974,36.36187],[10.67686,36.28542],[10.78773,36.25881],[11.03609,36.26768],[11.17357,36.28986],[11.29774,36.33421],[11.75245,36.61943],[11.80528,36.57222],[11.87722,36.53556],[12.04361,36.51333],[12.19722,36.56056],[12.26472,36.61333],[12.29583,36.66278],[12.50333,36.36167],[12.54,36.25333],[12.695,36.05917],[12.61528,35.99056],[12.57694,35.90528],[12.58139,35.81833],[12.62556,35.73861],[12.42583,35.72833],[12.305,35.75028],[12.17083,35.71278],[12.10667,35.65722],[12.07194,35.58222],[12.075,35.50556],[12.10228,35.45764]]]}},{"id":"246","type":"Feature","properties":{"zone_id":"TN06_OFF","name":"Tunisia Offshore Node 06","parent_zone":"TN00_OFF","level":"PEOF","area_km2":14492.2},"geometry":{"type":"Polygon","coordinates":[[[12.73558,35.29952],[12.63368,35.17963],[12.37609,34.98501],[12.0956,34.80184],[11.42514,34.41746],[10.90496,34.25803],[10.51572,34.16645],[10.4413,34.04624],[10.43515,33.91277],[10.49342,33.74338],[10.49071,33.72034],[10.4547,33.66123],[10.40618,33.67112],[10.33164,33.70922],[10.18437,33.82348],[10.11185,33.89435],[10.10943,33.92213],[10.09547,33.92484],[10.113,33.92523],[10.08478,33.93213],[10.03495,34.03872],[10.01585,34.16812],[10.03719,34.17334],[10.04309,34.20716],[10.12226,34.31693],[10.14035,34.32218],[10.15425,34.30339],[10.15832,34.3288],[10.16989,34.32349],[10.18978,34.35818],[10.22107,34.34147],[10.2381,34.36438],[10.28446,34.38114],[10.29249,34.40401],[10.32197,34.39209],[10.34976,34.40274],[10.34546,34.42741],[10.37299,34.41934],[10.47011,34.5115],[10.59224,34.53769],[10.60544,34.58583],[10.64474,34.62998],[10.70233,34.65881],[10.72293,34.65181],[10.73953,34.67142],[10.7362,34.69858],[10.75076,34.69385],[10.73788,34.70922],[10.7481,34.72502],[10.76249,34.71044],[10.76966,34.73124],[10.7809,34.72219],[10.78048,34.75337],[10.87213,34.79854],[10.86606,34.82416],[10.90873,34.87025],[10.9197,34.86545],[10.92613,34.96606],[11.00662,35.01433],[11.02451,35.04382],[11.02441,35.10631],[11.06702,35.10234],[11.17916,35.01673],[11.21774,35.0095],[11.39638,35.07299],[11.69651,35.21653],[12.10228,35.45764],[12.11833,35.42944],[12.21611,35.36639],[12.35222,35.35222],[12.41833,35.31444],[12.53417,35.28139],[12.61833,35.27194],[12.70667,35.28472],[12.73558,35.29952]],[[11.12342,34.67136],[11.25548,34.72027],[11.30107,34.72578],[11.30363,34.74342],[11.27195,34.77807],[11.30874,34.76064],[11.2868,34.80178],[11.31772,34.8011],[11.27659,34.81943],[11.27312,34.80663],[11.25842,34.83076],[11.2443,34.82278],[11.24781,34.79134],[11.21612,34.78397],[11.23217,34.76599],[11.22726,34.73886],[11.17012,34.76221],[11.17439,34.72851],[11.1332,34.69964],[11.12342,34.67136]],[[10.29924,34.35885],[10.31702,34.35621],[10.3064,34.37839],[10.29924,34.35885]],[[10.96835,34.65796],[11.04805,34.6125],[11.12175,34.65818],[11.0913,34.67226],[10.997,34.67314],[10.96835,34.65796]]]}},{"id":"247","type":"Feature","properties":{"zone_id":"LY00_OFF","name":"Libya Offshore Node 00","parent_zone":"LY00_OFF","level":"PEOF","area_km2":364622.1},"geometry":{"type":"Polygon","coordinates":[[[18.58621,35.32073],[19.23966,35.12667],[19.74528,34.94909],[20.52104,34.8647],[20.99199,34.85261],[21.33931,34.79641],[21.94162,34.47494],[22.7193,34.15658],[23.10838,33.93477],[23.38646,33.80148],[24.46253,33.44798],[24.55334,33.44405],[24.81849,33.48231],[25.16421,33.46843],[26.19226,33.28116],[25.67483,32.22199],[25.37535,31.71941],[25.13897,31.677],[25.11493,31.74595],[25.08824,31.75097],[25.09538,31.77018],[25.02703,31.85425],[25.03271,31.9348],[24.98008,31.9708],[24.80561,31.99741],[24.78168,31.98661],[24.79223,31.99844],[24.76371,32.01854],[24.66408,32.02158],[24.5476,31.97951],[24.26977,32.00691],[24.19946,31.9978],[24.06803,32.01938],[23.97273,32.06645],[23.96876,32.07938],[24.00918,32.07146],[24.01141,32.08545],[23.98041,32.10307],[23.71864,32.17767],[23.51096,32.1635],[23.4995,32.17494],[23.42109,32.17412],[23.3167,32.21358],[23.30633,32.20155],[23.32931,32.15607],[23.29281,32.19919],[23.25376,32.20344],[23.2093,32.28023],[23.15977,32.30797],[23.10372,32.32329],[23.08198,32.35673],[23.10172,32.39751],[23.09477,32.43171],[23.13265,32.40656],[23.11206,32.40316],[23.13267,32.38814],[23.14387,32.40888],[23.14111,32.42816],[23.15907,32.4563],[23.10361,32.52772],[23.10812,32.54289],[23.0986,32.56973],[23.1274,32.6025],[23.10532,32.63588],[22.92859,32.67281],[22.81784,32.71521],[22.65736,32.75693],[22.64435,32.77561],[22.60657,32.77352],[22.55665,32.80344],[22.49291,32.8116],[22.39006,32.86889],[22.19346,32.88055],[22.16785,32.90456],[22.175,32.9269],[22.14593,32.9383],[22.05568,32.90687],[21.92297,32.89383],[21.71608,32.94072],[21.63099,32.92686],[21.50819,32.83296],[21.40891,32.78745],[21.33695,32.77186],[21.10187,32.77087],[20.9432,32.71569],[20.88076,32.67322],[20.57782,32.54775],[20.40255,32.43714],[20.20584,32.28153],[20.11275,32.18594],[20.08853,32.18504],[20.09914,32.17588],[20.08147,32.14398],[20.02942,32.11602],[20.04983,32.123],[20.05943,32.10507],[20.03529,32.11493],[20.0528,32.09892],[20.03508,32.0632],[19.94699,31.97466],[19.95302,31.9344],[19.92114,31.75891],[19.9538,31.67445],[19.9922,31.47223],[20.01271,31.46841],[20.02817,31.39328],[20.08735,31.33992],[20.1474,31.24109],[20.17517,31.15157],[20.1546,31.04037],[20.08823,30.91372],[20.06385,30.89759],[20.07506,30.88924],[20.05429,30.84729],[19.79,30.54537],[19.61457,30.41518],[19.56858,30.41852],[19.38101,30.31756],[19.27234,30.28268],[19.18518,30.26705],[18.96765,30.28],[18.80081,30.35888],[18.79444,30.38326],[18.6557,30.42051],[18.6511,30.43911],[18.58644,30.48515],[18.59073,30.5057],[18.58632,30.489],[18.57012,30.50182],[18.59544,30.50886],[18.53172,30.52196],[18.41005,30.59573],[18.30064,30.67909],[18.22356,30.76521],[17.91198,30.8557],[17.85169,30.92486],[17.68756,30.9516],[17.51164,31.00942],[17.39299,31.07663],[17.30579,31.08314],[16.76381,31.21198],[16.37976,31.2185],[16.12435,31.25193],[15.97512,31.29244],[15.7333,31.40211],[15.62583,31.48136],[15.48325,31.67813],[15.39427,31.86196],[15.35039,31.99969],[15.35756,32.16613],[15.31596,32.21632],[15.27207,32.31855],[15.2358,32.34305],[15.2568,32.34743],[15.23339,32.34375],[15.22623,32.37044],[15.21536,32.36115],[15.22581,32.37413],[15.0979,32.41146],[14.96712,32.41842],[14.90205,32.43953],[14.75558,32.43878],[14.60602,32.49777],[14.49118,32.50662],[14.37016,32.5822],[14.32937,32.62631],[14.24757,32.66733],[14.25763,32.68276],[14.2411,32.67836],[14.24404,32.69187],[14.26322,32.68146],[14.24433,32.69326],[14.02041,32.72767],[13.93826,32.77479],[13.8031,32.80244],[13.598,32.79098],[13.41732,32.86842],[13.38571,32.89763],[13.2165,32.91639],[13.2175,32.90266],[13.18013,32.90051],[13.15022,32.88124],[13.01156,32.83851],[12.80373,32.79748],[12.62518,32.79249],[12.37697,32.81644],[12.20766,32.87109],[11.82867,33.08473],[11.81703,33.07537],[11.68992,33.12544],[11.81011,33.0713],[11.65767,33.09291],[11.61137,33.11532],[11.56139,33.17501],[12.14702,34.17701],[13.64633,35.12974],[13.7531,34.69647],[14.07083,34.61972],[14.39833,34.56861],[15.16667,34.49806],[15.17098,34.21414],[15.18455,34.21329],[15.4531,34.25467],[15.81705,34.33721],[16.49747,34.56194],[16.87724,34.72995],[17.49726,35.06441],[17.93744,35.24762],[18.30452,35.42515],[18.58621,35.32073]],[[13.18013,32.90051],[13.21236,32.92126],[13.1776,32.90229],[13.18013,32.90051]]]}},{"id":"248","type":"Feature","properties":{"zone_id":"LY02_OFF","name":"Libya Offshore Node 02","parent_zone":"LY00_OFF","level":"PEOF","area_km2":167425.01},"geometry":{"type":"Polygon","coordinates":[[[18.79471,30.38223],[18.99016,30.71202],[19.05279,30.89989],[19.08619,31.05854],[19.05696,31.17126],[18.97346,31.31321],[18.73549,31.64303],[18.59731,31.93178],[18.52335,32.27195],[18.52335,32.56776],[18.76532,35.26754],[19.23966,35.12667],[19.74528,34.94909],[20.52104,34.8647],[20.99199,34.85261],[21.33931,34.79641],[21.94162,34.47494],[22.7193,34.15658],[23.10838,33.93477],[23.38646,33.80148],[24.46253,33.44798],[24.55334,33.44405],[24.81849,33.48231],[25.16421,33.46843],[26.19226,33.28116],[25.67483,32.22199],[25.37535,31.71941],[25.13897,31.677],[25.11493,31.74595],[25.08824,31.75097],[25.09538,31.77018],[25.02703,31.85425],[25.03271,31.9348],[24.98008,31.9708],[24.80561,31.99741],[24.78168,31.98661],[24.79223,31.99844],[24.76371,32.01854],[24.66408,32.02158],[24.5476,31.97951],[24.26977,32.00691],[24.19946,31.9978],[24.06803,32.01938],[23.97273,32.06645],[23.96876,32.07938],[24.00918,32.07146],[24.01141,32.08545],[23.98041,32.10307],[23.71864,32.17767],[23.51096,32.1635],[23.4995,32.17494],[23.42109,32.17412],[23.3167,32.21358],[23.30633,32.20155],[23.32931,32.15607],[23.29281,32.19919],[23.25376,32.20344],[23.2093,32.28023],[23.15977,32.30797],[23.10372,32.32329],[23.08198,32.35673],[23.10172,32.39751],[23.09477,32.43171],[23.13265,32.40656],[23.11206,32.40316],[23.13267,32.38814],[23.14387,32.40888],[23.14111,32.42816],[23.15907,32.4563],[23.10361,32.52772],[23.10812,32.54289],[23.0986,32.56973],[23.1274,32.6025],[23.10532,32.63588],[22.92859,32.67281],[22.81784,32.71521],[22.65736,32.75693],[22.64435,32.77561],[22.60657,32.77352],[22.55665,32.80344],[22.49291,32.8116],[22.39006,32.86889],[22.19346,32.88055],[22.16785,32.90456],[22.175,32.9269],[22.14593,32.9383],[22.05568,32.90687],[21.92297,32.89383],[21.71608,32.94072],[21.63099,32.92686],[21.50819,32.83296],[21.40891,32.78745],[21.33695,32.77186],[21.10187,32.77087],[20.9432,32.71569],[20.88076,32.67322],[20.57782,32.54775],[20.40255,32.43714],[20.20584,32.28153],[20.11275,32.18594],[20.08853,32.18504],[20.09914,32.17588],[20.08147,32.14398],[20.02942,32.11602],[20.04983,32.123],[20.05943,32.10507],[20.03529,32.11493],[20.0528,32.09892],[20.03508,32.0632],[19.94699,31.97466],[19.95302,31.9344],[19.92114,31.75891],[19.9538,31.67445],[19.9922,31.47223],[20.01271,31.46841],[20.02817,31.39328],[20.08735,31.33992],[20.1474,31.24109],[20.17517,31.15157],[20.1546,31.04037],[20.08823,30.91372],[20.06385,30.89759],[20.07506,30.88924],[20.05429,30.84729],[19.79,30.54537],[19.61457,30.41518],[19.56858,30.41852],[19.38101,30.31756],[19.27234,30.28268],[19.18518,30.26705],[18.96765,30.28],[18.80081,30.35888],[18.79471,30.38223]]]}},{"id":"249","type":"Feature","properties":{"zone_id":"LY01_OFF","name":"Libya Offshore Node 01","parent_zone":"LY00_OFF","level":"PEOF","area_km2":197197.1},"geometry":{"type":"Polygon","coordinates":[[[18.76532,35.26754],[18.52335,32.56776],[18.52335,32.27195],[18.59731,31.93178],[18.73549,31.64303],[18.97346,31.31321],[19.05696,31.17126],[19.08619,31.05854],[19.05279,30.89989],[18.99016,30.71202],[18.79471,30.38223],[18.6557,30.42051],[18.6511,30.43911],[18.58644,30.48515],[18.59073,30.5057],[18.58632,30.489],[18.57012,30.50182],[18.59544,30.50886],[18.53172,30.52196],[18.41005,30.59573],[18.30064,30.67909],[18.22356,30.76521],[17.91198,30.8557],[17.85169,30.92486],[17.68756,30.9516],[17.51164,31.00942],[17.39299,31.07663],[17.30579,31.08314],[16.76381,31.21198],[16.37976,31.2185],[16.12435,31.25193],[15.97512,31.29244],[15.7333,31.40211],[15.62583,31.48136],[15.48325,31.67813],[15.39427,31.86196],[15.35039,31.99969],[15.35756,32.16613],[15.31596,32.21632],[15.27207,32.31855],[15.2358,32.34305],[15.2568,32.34743],[15.23339,32.34375],[15.22623,32.37044],[15.21536,32.36115],[15.22581,32.37413],[15.0979,32.41146],[14.96712,32.41842],[14.90205,32.43953],[14.75558,32.43878],[14.60602,32.49777],[14.49118,32.50662],[14.37016,32.5822],[14.32937,32.62631],[14.24757,32.66733],[14.25763,32.68276],[14.2411,32.67836],[14.24404,32.69187],[14.26322,32.68146],[14.24433,32.69326],[14.02041,32.72767],[13.93826,32.77479],[13.8031,32.80244],[13.598,32.79098],[13.41732,32.86842],[13.38571,32.89763],[13.2165,32.91639],[13.2175,32.90266],[13.18013,32.90051],[13.15022,32.88124],[13.01156,32.83851],[12.80373,32.79748],[12.62518,32.79249],[12.37697,32.81644],[12.20766,32.87109],[11.82867,33.08473],[11.81703,33.07537],[11.68992,33.12544],[11.81011,33.0713],[11.65767,33.09291],[11.61137,33.11532],[11.56139,33.17501],[12.14702,34.17701],[13.64633,35.12974],[13.7531,34.69647],[14.07083,34.61972],[14.39833,34.56861],[15.16667,34.49806],[15.17098,34.21414],[15.18455,34.21329],[15.4531,34.25467],[15.81705,34.33721],[16.49747,34.56194],[16.87724,34.72995],[17.49726,35.06441],[17.93744,35.24762],[18.30452,35.42515],[18.58621,35.32073],[18.76532,35.26754]],[[13.18013,32.90051],[13.21236,32.92126],[13.1776,32.90229],[13.18013,32.90051]]]}},{"id":"250","type":"Feature","properties":{"zone_id":"TR07_OFF","name":"Turkey Offshore Node 07","parent_zone":"TR00_OFF","level":"PEOF","area_km2":88481.61},"geometry":{"type":"Polygon","coordinates":[[[31.279,41.1158],[31.26183,41.17681],[31.19013,41.2468],[31.16794,41.29631],[31.16623,43.36003],[31.34667,43.44972],[32.0,43.34528],[33.61556,43.19722],[34.21972,43.18806],[35.50694,43.43556],[36.1825,43.43444],[36.845,43.18194],[37.18496,43.02966],[37.16925,41.14852],[37.13521,41.14935],[37.05066,41.17523],[37.01756,41.21371],[37.02584,41.25013],[37.00772,41.2773],[36.87553,41.33675],[36.66172,41.38115],[36.65814,41.36475],[36.65174,41.3834],[36.62051,41.36681],[36.56728,41.28758],[36.53251,41.26788],[36.46851,41.24589],[36.39532,41.25144],[36.33776,41.29349],[36.34191,41.31216],[36.35557,41.31021],[36.24308,41.3524],[36.13106,41.46266],[36.11551,41.62449],[36.05602,41.68717],[35.9538,41.73488],[35.76915,41.66909],[35.5667,41.63083],[35.47004,41.64724],[35.41457,41.68338],[35.27784,41.71527],[35.26524,41.73763],[35.20873,41.76694],[35.19371,41.79248],[35.20738,41.80252],[35.13426,41.8535],[35.09036,41.92118],[35.12171,42.01318],[35.21095,42.01954],[35.1895,42.04185],[35.12796,42.02379],[35.0709,42.02881],[35.0445,42.04153],[35.05161,42.05963],[35.01702,42.0926],[34.94499,42.09788],[34.94895,42.07406],[34.87387,41.99796],[34.8021,41.95575],[34.72366,41.94402],[34.55907,41.94647],[34.49008,41.97651],[34.29868,41.94094],[34.09545,41.97898],[33.78166,41.97307],[33.33885,42.02015],[33.16929,41.9555],[33.02776,41.92709],[32.97219,41.89094],[32.86158,41.85894],[32.58072,41.8271],[32.57308,41.81097],[32.49902,41.8012],[32.41544,41.73945],[32.3826,41.75356],[32.34014,41.72271],[32.28347,41.71955],[32.22486,41.68546],[32.22344,41.6651],[32.17374,41.64059],[32.17979,41.63195],[32.14239,41.60355],[31.89477,41.52383],[31.7855,41.45445],[31.75456,41.45487],[31.74611,41.4388],[31.62016,41.38268],[31.40006,41.31582],[31.39151,41.29383],[31.42072,41.26928],[31.40266,41.27166],[31.40979,41.21566],[31.3835,41.18073],[31.32521,41.1291],[31.279,41.1158]]]}},{"id":"251","type":"Feature","properties":{"zone_id":"TR10_OFF","name":"Turkey Offshore Node 10","parent_zone":"TR00_OFF","level":"PEOF","area_km2":18098.03},"geometry":{"type":"Polygon","coordinates":[[[32.53272,35.6539],[32.52705,36.01667],[32.58517,36.08947],[32.67965,36.0386],[32.80316,36.01544],[32.86916,36.07056],[32.95044,36.1038],[33.0525,36.09449],[33.08185,36.06985],[33.12189,36.1263],[33.14687,36.13781],[33.28895,36.12897],[33.35119,36.15433],[33.394,36.12467],[33.47288,36.15935],[33.56071,36.12536],[33.59257,36.17575],[33.64763,36.19356],[33.68952,36.13473],[33.69855,36.17369],[33.80937,36.24034],[33.81482,36.27328],[33.83936,36.27403],[33.83436,36.2869],[33.88101,36.31776],[33.93771,36.28949],[33.96306,36.23217],[33.9974,36.30383],[34.04285,36.29497],[34.07285,36.31819],[34.08153,36.41413],[34.11075,36.42565],[34.13227,36.45871],[34.16833,36.46686],[34.26053,36.57137],[34.42921,36.66354],[34.47281,36.70836],[34.54532,36.74292],[34.56072,36.76816],[34.65407,36.80733],[34.76273,36.8094],[34.83384,36.79007],[34.88749,36.75538],[34.90214,36.72549],[34.99774,36.71328],[35.32105,36.55869],[35.27356,36.60849],[35.16498,36.6701],[35.18109,36.69284],[35.25088,36.67789],[35.27123,36.66211],[35.24909,36.65407],[35.26417,36.63924],[35.27153,36.65135],[35.2878,36.64319],[35.28526,36.62686],[35.34615,36.60317],[35.3221,36.57209],[35.33936,36.53853],[35.42089,36.59061],[35.55855,36.56449],[35.56492,36.57368],[35.56754,36.56547],[35.58198,36.5906],[35.63064,36.61325],[35.64657,36.66989],[35.72378,36.71193],[35.70458,36.72315],[35.70634,36.71316],[35.65424,36.70811],[35.65718,36.72887],[35.64584,36.70772],[35.6542,36.73951],[35.62493,36.73343],[35.62871,36.72079],[35.58502,36.67948],[35.57057,36.7064],[35.55503,36.6988],[35.56386,36.71301],[35.59923,36.69977],[35.60357,36.72749],[35.61265,36.73197],[35.60932,36.71442],[35.62725,36.74529],[35.6661,36.7667],[35.7946,36.76564],[35.89779,36.83912],[35.92312,36.87646],[35.94616,36.8644],[35.93773,36.88625],[36.0173,36.92979],[36.1238,36.87935],[36.14081,36.86163],[36.12978,36.85351],[36.14675,36.85674],[36.19898,36.79354],[36.20638,36.76632],[36.18739,36.72918],[36.20202,36.72724],[36.19293,36.70524],[36.21573,36.65963],[36.19298,36.59349],[36.14895,36.5906],[36.03712,36.53373],[35.98263,36.4743],[35.90795,36.44361],[35.89539,36.4151],[35.86113,36.39651],[35.85546,36.37092],[35.8159,36.36006],[35.77975,36.31912],[35.79021,36.28079],[35.89611,36.15916],[35.98054,36.01491],[35.92319,35.95631],[35.9181,35.92989],[35.70355,36.03158],[35.57849,36.05519],[35.25877,36.05922],[35.16212,36.01639],[34.91187,36.16228],[34.7605,36.21911],[34.62853,36.18262],[34.2298,35.96103],[33.99851,35.88277],[33.84982,35.80474],[33.53165,35.74335],[33.18785,35.72305],[33.03341,35.73244],[32.6522,35.68353],[32.53272,35.6539]]]}},{"id":"252","type":"Feature","properties":{"zone_id":"TR06_OFF","name":"Turkey Offshore Node 06","parent_zone":"TR00_OFF","level":"PEOF","area_km2":36228.71},"geometry":{"type":"Polygon","coordinates":[[[29.21475,35.85838],[29.21475,36.20056],[29.26853,36.29633],[29.31386,36.24675],[29.35163,36.23023],[29.36964,36.23801],[29.36837,36.26242],[29.39236,36.26382],[29.41732,36.26005],[29.40445,36.24284],[29.41247,36.22417],[29.45523,36.22559],[29.44186,36.21043],[29.4571,36.22127],[29.63154,36.20475],[29.58375,36.18586],[29.64452,36.19633],[29.65072,36.17364],[29.64198,36.18338],[29.63086,36.1695],[29.6546,36.14727],[29.67823,36.15273],[29.68347,36.13026],[29.72325,36.16343],[29.78312,36.15763],[29.76024,36.14008],[29.79325,36.14314],[29.82942,36.16759],[29.801,36.16536],[29.84968,36.19029],[29.82929,36.18882],[29.88662,36.19374],[29.92267,36.23392],[29.98098,36.21441],[30.06197,36.25934],[30.11567,36.247],[30.13906,36.27831],[30.14067,36.26649],[30.15173,36.27239],[30.14971,36.30058],[30.18863,36.31391],[30.2753,36.3156],[30.3704,36.26876],[30.40843,36.27504],[30.39867,36.24733],[30.40237,36.20991],[30.41416,36.21477],[30.48763,36.27913],[30.48835,36.29939],[30.46927,36.2983],[30.46751,36.31432],[30.52945,36.33485],[30.47676,36.39858],[30.49186,36.42168],[30.48153,36.4338],[30.50953,36.43986],[30.50674,36.46717],[30.54191,36.5222],[30.56536,36.53293],[30.55779,36.54335],[30.59149,36.58947],[30.55685,36.61924],[30.57494,36.79451],[30.61702,36.83329],[30.60651,36.83823],[30.67528,36.88221],[30.70075,36.8841],[30.75846,36.84491],[31.00616,36.85791],[31.30458,36.81484],[31.36231,36.79737],[31.38836,36.76327],[31.58036,36.70295],[31.67211,36.64411],[31.74705,36.63753],[31.77297,36.60498],[31.96946,36.55533],[31.98609,36.52736],[32.00554,36.54276],[32.03802,36.53283],[32.16524,36.41787],[32.21622,36.33585],[32.27525,36.28842],[32.29523,36.23499],[32.35066,36.20783],[32.38948,36.163],[32.5172,36.09693],[32.56537,36.10013],[32.58517,36.08947],[32.52705,36.01667],[32.53272,35.6539],[32.42558,35.62734],[32.25112,35.63049],[31.74196,35.68086],[31.38955,35.68382],[30.52187,34.71034],[30.27678,34.45589],[30.10359,34.20923],[29.69849,36.06566],[29.67213,36.11029],[29.62341,36.13337],[29.61368,36.17376],[29.54527,36.16009],[29.48683,36.18556],[29.37726,36.11753],[29.21475,35.85838]],[[29.84709,36.16691],[29.89742,36.1828],[29.91575,36.19578],[29.90424,36.19556],[29.84709,36.16691]]]}},{"id":"253","type":"Feature","properties":{"zone_id":"TR04_OFF","name":"Turkey Offshore Node 04","parent_zone":"TR00_OFF","level":"PEOF","area_km2":16229.9},"geometry":{"type":"Polygon","coordinates":[[[26.71139,39.08902],[26.76805,39.16616],[26.81736,39.15396],[26.87785,39.0998],[26.88649,39.06822],[26.79913,39.03218],[26.79865,39.01514],[26.81602,39.02547],[26.79753,38.99652],[26.80144,38.9506],[26.85143,38.93247],[26.85833,38.91359],[26.91997,38.93961],[26.93825,38.92522],[26.93697,38.93722],[26.96691,38.94424],[26.95711,38.93769],[26.96979,38.92667],[27.01742,38.91334],[27.01117,38.92436],[27.04318,38.94094],[27.05692,38.91439],[27.0372,38.89408],[27.06627,38.87723],[27.03405,38.85574],[27.02551,38.8723],[26.97115,38.84535],[26.96226,38.83128],[26.98404,38.82211],[26.96886,38.80389],[26.94316,38.8115],[26.9446,38.83609],[26.9141,38.81741],[26.89283,38.82492],[26.93908,38.76428],[26.90756,38.76634],[26.89633,38.73439],[26.85759,38.75311],[26.83551,38.74233],[26.82304,38.76234],[26.78035,38.73684],[26.74056,38.74128],[26.72667,38.72104],[26.74095,38.6817],[26.73089,38.67494],[26.75485,38.67084],[26.72238,38.65159],[26.76962,38.63576],[26.75736,38.61543],[26.8,38.61058],[26.83069,38.57818],[26.84038,38.58688],[26.84678,38.56046],[26.82296,38.55035],[26.84703,38.55895],[26.84833,38.54278],[26.88265,38.53436],[26.88824,38.51076],[26.82899,38.52612],[26.88396,38.50781],[26.9486,38.43169],[26.97454,38.45496],[27.02704,38.46759],[27.07902,38.46708],[27.11266,38.4487],[27.15892,38.4669],[27.1714,38.44775],[27.14817,38.44728],[27.12101,38.41222],[27.0868,38.39845],[27.01735,38.41789],[26.80851,38.35518],[26.76536,38.36792],[26.73601,38.42906],[26.70741,38.43453],[26.67476,38.38744],[26.68809,38.35138],[26.67814,38.36014],[26.67499,38.34803],[26.70304,38.31961],[26.67402,38.31199],[26.64444,38.33995],[26.64453,38.37261],[26.61158,38.42212],[26.58485,38.42655],[26.60492,38.45192],[26.58788,38.47002],[26.64088,38.46862],[26.6254,38.53113],[26.56969,38.5597],[26.56247,38.602],[26.52322,38.63062],[26.52367,38.64989],[26.47408,38.67489],[26.41665,38.6806],[26.36326,38.66107],[26.35303,38.63829],[26.36023,38.56645],[26.38056,38.54397],[26.38069,38.5236],[26.37512,38.54156],[26.37163,38.53015],[26.41203,38.49345],[26.39279,38.44743],[26.43814,38.47635],[26.51573,38.42751],[26.49059,38.40102],[26.45076,38.42731],[26.48235,38.37602],[26.40156,38.32343],[26.3843,38.34831],[26.37487,38.30854],[26.34451,38.31957],[26.34469,38.33396],[26.31908,38.33013],[26.31572,38.37602],[26.30096,38.35491],[26.28489,38.37633],[26.2851,38.3422],[26.30275,38.32074],[26.2813,38.32347],[26.27442,38.29105],[26.23376,38.29404],[26.23172,38.26652],[26.28526,38.26502],[26.33599,38.22552],[26.36719,38.22712],[26.38717,38.24695],[26.37851,38.26274],[26.3913,38.26055],[26.40188,38.24482],[26.38923,38.22294],[26.43073,38.1981],[26.41991,38.22143],[26.44292,38.21797],[26.45829,38.19176],[26.49016,38.19563],[26.49692,38.17747],[26.51791,38.18683],[26.51176,38.16585],[26.53002,38.12765],[26.56069,38.11737],[26.57068,38.14255],[26.59187,38.10257],[26.61541,38.11182],[26.60339,38.14322],[26.62407,38.13836],[26.63613,38.20716],[26.73247,38.20683],[26.7573,38.22191],[26.7902,38.19889],[26.77253,38.19706],[26.77485,38.16143],[26.79513,38.1733],[26.82433,38.15778],[26.86454,38.02855],[26.89822,38.06125],[26.98088,38.07475],[27.04804,38.0499],[27.07547,38.01285],[27.09878,38.01534],[27.14291,37.98381],[27.21672,37.9922],[27.25287,37.97753],[27.27741,37.92673],[27.26057,37.91302],[27.27253,37.90188],[27.26337,37.86621],[27.24149,37.85982],[27.23565,37.84005],[27.26962,37.80834],[27.23966,37.72805],[27.10001,37.68052],[27.03148,37.68987],[27.00307,37.65979],[27.21715,37.59036],[27.17394,37.54758],[27.15959,37.58521],[27.16859,37.53701],[27.19221,37.54234],[27.1889,37.5259],[27.20112,37.5161],[27.20276,37.48976],[27.18178,37.47431],[27.2255,37.48768],[27.22772,37.47223],[27.21861,37.41978],[27.23094,37.40615],[27.20937,37.39888],[27.19255,37.35343],[27.25385,37.3357],[27.28586,37.35618],[27.33034,37.34282],[27.32994,37.37811],[27.36007,37.37209],[27.36955,37.39982],[27.41692,37.4158],[27.43303,37.38252],[27.38371,37.35728],[27.38947,37.32242],[27.44349,37.30234],[27.4775,37.32871],[27.47469,37.34487],[27.49803,37.31937],[27.45777,37.25037],[27.51832,37.27665],[27.52223,37.25061],[27.49885,37.23708],[27.52245,37.22697],[27.53497,37.25135],[27.55214,37.24471],[27.54117,37.25482],[27.55717,37.2776],[27.61283,37.27948],[27.57528,37.21534],[27.61495,37.1879],[27.6003,37.19605],[27.57475,37.179],[27.59345,37.19393],[27.57078,37.21144],[27.55469,37.19288],[27.52621,37.19368],[27.54638,37.18377],[27.5417,37.1541],[27.56091,37.15427],[27.54997,37.13579],[27.58107,37.13836],[27.57213,37.12769],[27.53746,37.12867],[27.46432,37.08126],[27.43033,37.12833],[27.38664,37.12034],[27.37637,37.13379],[27.38999,37.14548],[27.36458,37.15703],[27.34489,37.13051],[27.32553,37.16004],[27.31407,37.1161],[27.27306,37.14061],[27.26389,37.12001],[27.25281,37.12849],[27.25472,37.11161],[27.2877,37.12011],[27.2934,37.10967],[27.23921,37.0833],[27.22525,37.0581],[27.24983,37.03143],[27.2557,36.97593],[27.28632,36.95774],[27.2936,36.96821],[27.30419,36.95748],[27.30029,36.97229],[27.34023,36.99853],[27.33256,37.01551],[27.38255,37.02627],[27.3759,36.99866],[27.39609,37.02906],[27.41252,37.01672],[27.42487,37.03574],[27.48241,36.98632],[27.51522,36.99441],[27.5654,36.97467],[27.5762,36.98355],[27.563,36.98923],[27.5826,36.9945],[27.63708,36.9777],[27.64761,36.99773],[27.77981,36.99228],[27.78707,37.00585],[27.79931,36.99485],[27.89296,37.02839],[27.94655,37.01597],[27.97906,37.03177],[28.08754,37.02871],[28.09875,37.01169],[28.11591,37.01606],[28.10202,37.03458],[28.16332,37.02881],[28.32418,37.05068],[28.32603,37.02596],[28.19754,36.982],[28.21604,36.97683],[28.20127,36.96914],[28.20576,36.95206],[28.1583,36.94486],[28.17051,36.93965],[28.16822,36.90682],[28.1597,36.92595],[28.0981,36.94041],[28.02099,36.9251],[28.04377,36.91026],[28.01465,36.9056],[28.05132,36.89649],[28.04068,36.88432],[28.05933,36.8788],[28.00026,36.85332],[28.03131,36.83883],[28.00265,36.83529],[28.06511,36.82353],[28.06041,36.80078],[28.03283,36.78776],[27.82605,36.81303],[27.77157,36.78859],[27.69697,36.78523],[27.64124,36.81073],[27.60955,36.76398],[27.51191,36.75005],[27.46464,36.76217],[27.44783,36.74474],[27.42816,36.74814],[27.42127,36.71383],[27.39769,36.70038],[27.36313,36.70965],[27.3732,36.68982],[27.36304,36.68447],[27.40238,36.68007],[27.40518,36.6624],[27.46838,36.66138],[27.47755,36.64707],[27.51401,36.677],[27.56092,36.67212],[27.57355,36.6846],[27.67847,36.65765],[27.67642,36.70043],[27.69627,36.71207],[27.68674,36.72521],[27.73082,36.76314],[27.8161,36.76305],[27.85852,36.74115],[27.87777,36.75766],[27.89082,36.74087],[27.89442,36.75635],[27.91976,36.75444],[27.92982,36.74211],[27.95616,36.76078],[28.01417,36.75846],[28.04698,36.7848],[28.0511,36.75949],[28.07886,36.77515],[28.08229,36.79595],[28.11824,36.80343],[28.13354,36.75704],[28.11188,36.7744],[28.08476,36.74384],[28.12968,36.72609],[28.11312,36.72815],[28.09892,36.70512],[28.08528,36.71841],[28.09868,36.72647],[28.06518,36.72402],[28.04235,36.70382],[28.00181,36.70405],[27.96363,36.68379],[28.02418,36.66813],[28.04064,36.67399],[28.04093,36.6927],[28.04986,36.67358],[28.07257,36.67498],[28.05273,36.65748],[28.06812,36.65564],[28.05731,36.63547],[28.07234,36.66017],[28.09573,36.64494],[28.06228,36.6049],[27.95658,36.60146],[27.9787,36.58596],[27.96522,36.57997],[27.97898,36.55359],[28.01751,36.56421],[28.01182,36.57613],[28.02493,36.56095],[28.06658,36.59511],[28.08905,36.58202],[28.10624,36.59218],[28.1637,36.68378],[28.22456,36.68826],[28.26095,36.73265],[28.28971,36.7199],[28.30337,36.73005],[28.29202,36.74871],[28.26937,36.7473],[28.26789,36.7658],[28.24928,36.77273],[28.25641,36.79131],[28.23338,36.80383],[28.25949,36.84613],[28.27749,36.85235],[28.31543,36.82715],[28.26606,36.81365],[28.27063,36.79729],[28.31252,36.794],[28.31075,36.8169],[28.39827,36.78481],[28.4264,36.83634],[28.37868,36.84516],[28.40339,36.86628],[28.40807,36.85409],[28.43292,36.8575],[28.45558,36.87894],[28.46954,36.8619],[28.4509,36.84534],[28.46158,36.81187],[28.4982,36.81779],[28.48965,36.79921],[28.5355,36.78577],[28.52915,36.80651],[28.54978,36.8305],[28.58725,36.81529],[28.63035,36.78091],[28.61323,36.75941],[28.63298,36.75482],[28.60726,36.7334],[28.62455,36.72747],[28.61807,36.70357],[28.63284,36.70002],[28.64806,36.72173],[28.6661,36.71615],[28.67101,36.69155],[28.72788,36.71177],[28.79004,36.68563],[28.80617,36.66887],[28.79365,36.6507],[28.81814,36.65929],[28.85091,36.63771],[28.82426,36.62542],[28.84616,36.58837],[28.87585,36.60201],[28.86853,36.62174],[28.90856,36.64857],[28.87806,36.64774],[28.87273,36.63344],[28.85035,36.64336],[28.86635,36.65439],[28.85104,36.66208],[28.86852,36.67068],[28.86447,36.69657],[28.90158,36.69733],[28.90933,36.70717],[28.89451,36.71173],[28.92975,36.73433],[28.92879,36.75486],[28.96514,36.72246],[28.9719,36.73043],[28.99691,36.70816],[29.02015,36.7153],[29.01402,36.70389],[29.03346,36.70773],[29.05452,36.6814],[29.09185,36.67859],[29.12185,36.64726],[29.11569,36.62598],[29.08993,36.61966],[29.10176,36.64092],[29.07818,36.64602],[29.07501,36.61399],[29.04018,36.6193],[29.02239,36.58621],[29.04684,36.55829],[29.00843,36.54404],[29.05378,36.53898],[29.04925,36.55796],[29.08675,36.56512],[29.09698,36.54556],[29.11122,36.54377],[29.10656,36.5552],[29.12591,36.54227],[29.12598,36.49655],[29.10053,36.47525],[29.12481,36.46146],[29.13352,36.42814],[29.11815,36.42505],[29.13122,36.41534],[29.10303,36.40434],[29.10136,36.38716],[29.14489,36.37822],[29.13786,36.36063],[29.16491,36.34113],[29.24939,36.31726],[29.26853,36.29633],[29.21475,36.20056],[29.21475,35.85838],[28.86992,35.30849],[28.77149,35.83806],[28.72303,35.95731],[28.6851,36.1117],[28.67461,36.24004],[28.53562,36.46958],[28.44266,36.56197],[28.28075,36.57283],[28.13545,36.50683],[27.96464,36.46272],[27.92901,36.53411],[27.92741,36.6418],[27.90736,36.69487],[27.87447,36.70463],[27.76444,36.69324],[27.69859,36.60631],[27.59102,36.54893],[27.57196,36.51788],[27.33622,36.58148],[27.27364,36.65672],[27.26177,36.74134],[27.39091,36.80327],[27.47043,36.86626],[27.39048,36.93214],[27.32098,36.9203],[27.2263,36.93695],[27.20383,36.96408],[27.11827,37.00837],[27.15052,37.03804],[27.15561,37.07155],[27.13197,37.17485],[27.22142,37.23557],[27.09273,37.39677],[27.10335,37.41539],[27.09287,37.49883],[27.06114,37.55067],[26.94854,37.57259],[26.94205,37.64063],[27.00081,37.69388],[27.09599,37.70439],[27.1648,37.78062],[27.1154,37.87175],[26.9732,37.92092],[26.92454,37.90782],[26.8491,37.91469],[26.68792,37.96234],[26.38427,37.92404],[26.2721,37.95067],[26.22016,38.1545],[26.17107,38.25422],[26.19101,38.31885],[26.22066,38.34562],[26.21198,38.38716],[26.23027,38.43606],[26.30271,38.46034],[26.3435,38.4925],[26.32356,38.53934],[26.21736,38.65318],[26.15185,38.79389],[26.3171,38.81791],[26.55738,38.81422],[26.5929,38.83152],[26.63841,38.86008],[26.67631,38.92365],[26.71139,39.08902]],[[27.1889,37.5259],[27.18783,37.52676],[27.18027,37.48307],[27.1889,37.5259]],[[26.80639,38.91689],[26.82101,38.91012],[26.82415,38.92351],[26.80639,38.91689]],[[26.69732,38.54676],[26.69695,38.4766],[26.72683,38.47213],[26.72095,38.46075],[26.74228,38.45869],[26.74949,38.48106],[26.7316,38.49565],[26.72718,38.53228],[26.69732,38.54676]],[[26.75903,38.43873],[26.77612,38.44073],[26.76925,38.45441],[26.75903,38.43873]],[[26.32514,38.44079],[26.33293,38.42164],[26.35736,38.42807],[26.35583,38.45502],[26.32514,38.44079]],[[26.37447,38.43213],[26.38955,38.42174],[26.38796,38.43236],[26.37447,38.43213]],[[27.49519,37.15698],[27.48972,37.14126],[27.5134,37.14925],[27.52798,37.14089],[27.53189,37.16521],[27.49519,37.15698]],[[27.20335,36.99821],[27.21552,36.99842],[27.21679,37.00622],[27.20335,36.99821]],[[27.42398,36.99296],[27.47722,36.95792],[27.49293,36.96833],[27.4856,36.9768],[27.42398,36.99296]],[[27.59204,36.9713],[27.60187,36.96655],[27.59554,36.97842],[27.59204,36.9713]],[[28.24358,36.8077],[28.25587,36.80323],[28.25839,36.80964],[28.24358,36.8077]],[[28.93984,36.73686],[28.94074,36.71891],[28.9504,36.72624],[28.93984,36.73686]],[[28.9197,36.67756],[28.91515,36.65435],[28.93968,36.67368],[28.9197,36.67756]]]}},{"id":"254","type":"Feature","properties":{"zone_id":"TR02_OFF","name":"Turkey Offshore Node 02","parent_zone":"TR00_OFF","level":"PEOF","area_km2":13326.88},"geometry":{"type":"Polygon","coordinates":[[[26.95707,40.54751],[26.96385,40.47507],[26.97733,40.46758],[27.01028,40.46908],[27.08369,40.51701],[27.1526,40.54697],[27.30689,40.59641],[27.48066,40.72224],[27.56605,40.80313],[27.72184,40.83309],[28.14579,40.72074],[28.32705,40.73273],[28.46102,40.77118],[28.60422,40.77605],[29.16824,40.74682],[29.28238,40.74958],[29.30016,40.72197],[29.32424,40.72077],[29.44408,40.73763],[29.4772,40.75269],[29.51543,40.75824],[29.55836,40.74797],[29.58459,40.72024],[29.58223,40.70842],[29.5569,40.68635],[29.56355,40.69788],[29.53455,40.73018],[29.5307,40.75092],[29.52244,40.74137],[29.514,40.74927],[29.51088,40.74101],[29.48335,40.72835],[29.46885,40.70687],[29.43105,40.69825],[29.38462,40.71238],[29.34498,40.68357],[29.28197,40.66016],[28.99628,40.64589],[28.92865,40.59919],[28.79308,40.55179],[28.78015,40.51882],[28.85359,40.50583],[28.88261,40.47906],[28.97571,40.45581],[29.02568,40.47849],[29.09203,40.47441],[29.15448,40.42537],[29.08592,40.41694],[29.05306,40.36275],[28.92816,40.3555],[28.87155,40.38458],[28.77066,40.39446],[28.64726,40.36052],[28.51529,40.3948],[28.4826,40.36296],[28.50808,40.39535],[28.23964,40.40176],[28.06168,40.38218],[27.95451,40.35312],[27.89708,40.39009],[28.00587,40.43975],[28.0319,40.48087],[27.87037,40.5169],[27.79457,40.51924],[27.78518,40.50602],[27.77724,40.52625],[27.75352,40.52842],[27.68565,40.50317],[27.68671,40.47254],[27.75189,40.44893],[27.74577,40.43002],[27.78353,40.40865],[27.79503,40.38412],[27.82401,40.39938],[27.87972,40.374],[27.76129,40.30628],[27.65962,40.30681],[27.63183,40.32673],[27.53272,40.30087],[27.42187,40.32785],[27.30886,40.37205],[27.30502,40.4007],[27.33339,40.41107],[27.28647,40.47505],[27.20536,40.43434],[27.15514,40.4521],[27.08986,40.44184],[27.03316,40.38959],[26.95366,40.38372],[26.91313,40.40645],[26.75684,40.4038],[26.68969,40.36506],[26.69279,40.35254],[26.60705,40.2819],[26.5726,40.27999],[26.52431,40.21771],[26.44908,40.19407],[26.40311,40.19633],[26.40903,40.11739],[26.36623,40.10006],[26.35595,40.05736],[26.32127,40.01748],[26.25208,39.99895],[26.19854,40.00973],[26.16654,39.96191],[26.14992,39.91539],[26.15907,39.88296],[26.13739,39.8409],[26.16361,39.81822],[26.15853,39.77666],[26.14018,39.75699],[26.16352,39.65946],[26.14254,39.6126],[26.1056,39.58491],[26.06568,39.48977],[26.07143,39.47185],[26.13773,39.45282],[26.23027,39.47453],[26.24231,39.46389],[26.26714,39.48353],[26.36812,39.4805],[26.37638,39.49638],[26.48777,39.52761],[26.77297,39.5711],[26.83766,39.55779],[26.87969,39.58513],[26.92285,39.58335],[26.94947,39.56319],[26.93172,39.48558],[26.85827,39.47695],[26.85523,39.44021],[26.7973,39.43216],[26.80594,39.3923],[26.70155,39.34055],[26.68913,39.31319],[26.66368,39.30465],[26.67114,39.27935],[26.63072,39.29701],[26.65679,39.30371],[26.6508,39.32342],[26.62622,39.3121],[26.60859,39.27577],[26.71795,39.25887],[26.76805,39.16616],[26.71139,39.08902],[26.63767,39.1879],[26.55698,39.22365],[26.49667,39.27763],[26.466,39.42122],[26.34694,39.43669],[26.17391,39.41864],[26.07056,39.3877],[25.98337,39.39325],[25.65553,39.5562],[25.6865,39.60238],[25.66697,39.83096],[25.68963,39.88003],[25.44176,40.22765],[25.79772,40.332],[25.95705,40.43815],[26.05014,40.4401],[26.18515,40.45557],[26.54228,40.53434],[26.67001,40.57053],[26.74665,40.60779],[26.74145,40.6459],[26.78206,40.66707],[26.81847,40.64695],[26.832,40.62467],[26.83519,40.58161],[26.76986,40.54514],[26.74899,40.54604],[26.7476,40.55892],[26.70389,40.51051],[26.63293,40.51579],[26.59484,40.50429],[26.51423,40.46144],[26.46455,40.44707],[26.34779,40.3783],[26.21868,40.31945],[26.24124,40.31467],[26.24654,40.2998],[26.22936,40.28918],[26.28211,40.24336],[26.27028,40.19375],[26.16667,40.05457],[26.18793,40.04077],[26.29715,40.08483],[26.38106,40.14333],[26.35846,40.20289],[26.42459,40.22072],[26.51058,40.2885],[26.59118,40.32136],[26.63148,40.3626],[26.6415,40.40315],[26.6994,40.4191],[26.69669,40.45229],[26.89992,40.53607],[26.95707,40.54751]],[[25.67096,40.15367],[25.66538,40.12417],[25.74479,40.09391],[25.99572,40.13244],[26.01365,40.16371],[25.98811,40.14437],[25.96589,40.1505],[25.97142,40.2226],[25.93081,40.24072],[25.84305,40.21143],[25.79293,40.21304],[25.67096,40.15367]],[[25.96238,39.8375],[26.05261,39.78662],[26.08389,39.80093],[26.07586,39.83631],[26.05305,39.84722],[25.96238,39.8375]],[[26.05745,39.93819],[26.06715,39.93145],[26.07295,39.93646],[26.05745,39.93819]],[[27.46896,40.53778],[27.50639,40.5474],[27.49277,40.5524],[27.46896,40.53778]],[[27.47853,40.49398],[27.49795,40.47073],[27.53708,40.48841],[27.52359,40.50018],[27.55307,40.52184],[27.51457,40.53706],[27.47853,40.49398]],[[27.52498,40.6298],[27.52932,40.597],[27.55253,40.58414],[27.633,40.57926],[27.74392,40.63319],[27.62483,40.66447],[27.55811,40.64267],[27.54871,40.65639],[27.52498,40.6298]],[[27.58309,40.52258],[27.57261,40.49803],[27.58285,40.50546],[27.58309,40.52258]],[[27.58292,40.48223],[27.57807,40.46248],[27.6471,40.45395],[27.63241,40.47151],[27.65142,40.49281],[27.61631,40.50929],[27.59973,40.50893],[27.60806,40.48142],[27.58292,40.48223]],[[27.65692,40.45874],[27.66193,40.44423],[27.66646,40.46027],[27.65692,40.45874]],[[28.51833,40.565],[28.51603,40.52141],[28.54126,40.51496],[28.53638,40.54789],[28.55494,40.56444],[28.51833,40.565]],[[26.59544,39.33674],[26.60834,39.33245],[26.61116,39.33982],[26.59544,39.33674]],[[26.57926,39.27634],[26.60308,39.28336],[26.60088,39.29932],[26.57926,39.27634]],[[26.59947,39.38623],[26.60279,39.395],[26.57664,39.3828],[26.5934,39.3702],[26.59939,39.38602],[26.61722,39.37978],[26.62357,39.35675],[26.60789,39.35249],[26.62283,39.32644],[26.68756,39.33219],[26.66847,39.33932],[26.62172,39.37877],[26.66064,39.37543],[26.67038,39.38959],[26.59947,39.38623]]]}},{"id":"255","type":"Feature","properties":{"zone_id":"TR03_OFF","name":"Turkey Offshore Node 03","parent_zone":"TR00_OFF","level":"PEOF","area_km2":20356.32},"geometry":{"type":"MultiPolygon","coordinates":[[[[29.91297,41.1427],[29.91351,42.52634],[30.56944,42.80083],[30.75167,42.94528],[31.10917,43.33167],[31.16623,43.36003],[31.16794,41.29631],[31.19013,41.2468],[31.26183,41.17681],[31.279,41.1158],[31.21688,41.09793],[31.00141,41.07236],[30.75602,41.08622],[30.65233,41.12877],[30.45665,41.15464],[30.27259,41.21287],[30.25046,41.18623],[30.2242,41.18631],[30.22616,41.16172],[30.19177,41.16142],[30.19055,41.14583],[30.02003,41.13314],[29.91297,41.1427]]],[[[29.55727,40.68642],[29.58223,40.70842],[29.5838,40.72616],[29.5444,40.75429],[29.49661,40.75627],[29.44408,40.73763],[29.32424,40.72077],[29.30016,40.72197],[29.28209,40.74847],[29.29293,40.77677],[29.33508,40.80669],[29.35395,40.75541],[29.39162,40.75283],[29.48931,40.77999],[29.52412,40.76338],[29.55033,40.77088],[29.57075,40.76598],[29.6154,40.78268],[29.73138,40.77158],[29.78319,40.74088],[29.93039,40.76008],[29.94219,40.75049],[29.9363,40.71941],[29.81204,40.72987],[29.55727,40.68642]]]]}},{"id":"256","type":"Feature","properties":{"zone_id":"TR01_OFF","name":"Turkey Offshore Node 01","parent_zone":"TR00_OFF","level":"PEOF","area_km2":20678.86},"geometry":{"type":"MultiPolygon","coordinates":[[[[29.28238,40.74958],[29.16824,40.74682],[28.60422,40.77605],[28.46102,40.77118],[28.32705,40.73273],[28.14579,40.72074],[27.72184,40.83309],[27.56605,40.80313],[27.48066,40.72224],[27.30689,40.59641],[27.1526,40.54697],[27.08369,40.51701],[27.01028,40.46908],[26.97733,40.46758],[26.96385,40.47507],[26.95707,40.54751],[26.99541,40.55519],[27.0425,40.59795],[27.17912,40.6278],[27.30955,40.70242],[27.34367,40.76571],[27.45512,40.84523],[27.46304,40.8961],[27.51177,40.9744],[27.76317,41.01387],[27.87812,40.96546],[27.95547,40.9638],[27.98681,40.99093],[27.98645,41.01357],[28.02512,41.03912],[28.22474,41.07758],[28.40735,41.04499],[28.54175,40.98418],[28.56457,41.01688],[28.58816,41.01752],[28.59507,40.97374],[28.62037,40.96051],[28.76443,40.98115],[28.8302,40.95479],[28.85047,40.97432],[28.875,40.96853],[28.9364,41.00079],[28.98041,41.00171],[28.9873,41.01663],[28.97744,41.0234],[29.03319,41.04969],[29.07263,41.12454],[29.03753,41.15584],[29.10545,41.20577],[29.1162,41.23385],[29.07758,41.25431],[28.96587,41.25316],[28.78454,41.30207],[28.6842,41.34796],[28.63096,41.35012],[28.21992,41.52327],[28.18268,41.57157],[28.15075,41.57884],[28.09682,41.63105],[28.08748,41.65572],[28.10574,41.66837],[28.09936,41.67978],[28.04917,41.72117],[28.04177,41.75295],[27.98416,41.81855],[27.97033,41.86227],[27.99477,41.88655],[28.05775,41.88369],[28.05009,41.94549],[28.02729,41.98155],[28.32383,41.98133],[29.34583,42.24111],[29.57222,42.44],[29.82667,42.49],[29.91351,42.52634],[29.91297,41.1427],[29.84618,41.13927],[29.60941,41.18216],[29.58856,41.16973],[29.25653,41.2352],[29.16536,41.22411],[29.0739,41.16501],[29.07152,41.14238],[29.09617,41.11786],[29.06619,41.10261],[29.05169,41.04838],[29.00896,41.02594],[29.00728,41.00572],[29.02173,40.97832],[29.03792,40.97922],[29.03147,40.96708],[29.09902,40.9488],[29.14475,40.90085],[29.28484,40.85501],[29.27942,40.83666],[29.26427,40.83995],[29.2914,40.82864],[29.25436,40.81435],[29.25698,40.80252],[29.33162,40.8161],[29.33508,40.80669],[29.29293,40.77677],[29.28238,40.74958]],[[29.07564,40.87385],[29.08695,40.86877],[29.1043,40.87285],[29.08877,40.88273],[29.07564,40.87385]],[[29.11485,40.87077],[29.1101,40.84235],[29.12592,40.84016],[29.13964,40.87229],[29.11485,40.87077]]],[[[26.74145,40.6459],[26.74665,40.60779],[26.67001,40.57053],[26.54228,40.53434],[26.18515,40.45557],[26.05014,40.4401],[25.95705,40.43815],[25.81111,40.64197],[26.03711,40.72984],[26.06233,40.68339],[26.06607,40.62787],[26.12234,40.59151],[26.3037,40.59047],[26.37514,40.60801],[26.41365,40.59856],[26.45649,40.61928],[26.53555,40.59125],[26.54884,40.61065],[26.57041,40.61496],[26.6067,40.6394],[26.70156,40.63796],[26.72097,40.64695],[26.74145,40.6459]]]]}},{"id":"257","type":"Feature","properties":{"zone_id":"MA06_OFF","name":"Morocco Offshore Node 06","parent_zone":"MA00_OFF","level":"PEOF","area_km2":13543.32},"geometry":{"type":"Polygon","coordinates":[[[-12.17404,29.22173],[-11.77166,28.2072],[-11.77921,28.20325],[-11.79028,28.21046],[-11.94002,28.15538],[-12.05313,28.0966],[-12.22885,28.05506],[-12.22465,28.04189],[-12.24651,28.02801],[-12.27901,28.02541],[-12.28336,28.03422],[-12.25528,28.0296],[-12.23097,28.0476],[-12.25815,28.05297],[-12.57115,27.99473],[-12.91688,27.95307],[-12.98127,27.88954],[-13.00838,27.80895],[-13.05032,27.75105],[-13.15971,27.69695],[-13.17116,27.67189],[-13.66475,27.83362],[-13.44877,28.06831],[-13.38771,28.1833],[-13.21488,28.43494],[-13.12939,28.50329],[-12.73347,28.7018],[-12.4335,28.91341],[-12.21287,29.1366],[-12.17404,29.22173]]]}},{"id":"262","type":"Feature","properties":{"zone_id":"ITS1_OFF","name":"Italy South Offshore Node S1","parent_zone":"ITS1_OFF","level":"PEOF","area_km2":48862.72},"geometry":{"type":"MultiPolygon","coordinates":[[[[18.77946,38.65142],[18.23116,39.04116],[18.05107,39.20904],[17.91371,39.30977],[17.5169,39.71879],[17.30018,39.86836],[17.11704,39.95383],[16.93695,40.02403],[16.65205,40.11792],[16.68896,40.14806],[16.78624,40.30426],[16.90182,40.43588],[16.9913,40.49438],[17.11379,40.51978],[17.15857,40.50665],[17.14462,40.49437],[17.16249,40.50493],[17.15635,40.49506],[17.18023,40.49537],[17.19432,40.47149],[17.25511,40.50086],[17.27043,40.47907],[17.29559,40.49953],[17.32551,40.49341],[17.29931,40.46846],[17.22637,40.47945],[17.25503,40.44165],[17.20917,40.42204],[17.20724,40.40842],[17.39476,40.33204],[17.44778,40.32815],[17.50925,40.29389],[17.7351,40.30395],[17.8671,40.28244],[17.90776,40.25188],[17.90977,40.24172],[17.89562,40.24944],[17.92582,40.21942],[17.92536,40.18339],[18.00967,40.10961],[18.0018,40.06783],[17.9716,40.0542],[18.01629,40.03481],[18.01703,40.00629],[17.99413,39.99615],[18.04641,39.92904],[18.16948,39.85223],[18.27055,39.83377],[18.34536,39.7897],[18.39112,39.81717],[18.39108,39.9075],[18.41585,39.99207],[18.52089,40.10619],[18.50747,40.12518],[18.5173,40.13521],[18.48839,40.14726],[18.45912,40.20076],[18.46502,40.22447],[18.42407,40.29395],[18.23302,40.44891],[18.12789,40.4923],[18.04506,40.5547],[18.03463,40.57043],[18.04516,40.59785],[18.01464,40.61482],[18.0184,40.64143],[17.97349,40.65122],[17.94967,40.63303],[17.93088,40.64073],[17.98757,40.66348],[17.9585,40.66108],[17.9364,40.68624],[17.83907,40.69121],[17.70729,40.75893],[17.47306,40.83184],[17.35028,40.90599],[17.30551,40.95609],[17.09939,41.06204],[16.88071,41.12212],[16.8701,41.13936],[16.85373,41.12905],[16.85332,41.14214],[16.81151,41.14026],[16.58385,41.20758],[16.4506,41.26121],[16.4241,41.28558],[16.28988,41.33271],[16.25657,41.33012],[15.96161,41.45743],[15.91807,41.50306],[15.88811,41.56758],[15.90114,41.6163],[15.93552,41.6353],[15.95077,41.61269],[15.94278,41.6412],[16.03692,41.67779],[16.18981,41.77466],[16.20214,41.81562],[16.17513,41.85967],[16.18644,41.88305],[16.15314,41.90857],[16.07204,41.94583],[16.0104,41.95055],[15.77215,41.91742],[15.68574,41.91393],[15.6201,41.92909],[15.41577,41.90008],[15.0994,41.93416],[15.00116,41.99294],[15.00638,42.00587],[14.88947,42.02405],[14.77514,42.07133],[15.34962,42.62575],[15.36333,42.61333],[15.74667,42.49167],[15.98306,42.43472],[15.98056,42.36194],[16.00917,42.29889],[16.07028,42.24167],[16.155,42.20444],[16.38806,42.1825],[16.49861,42.21806],[16.57306,42.27972],[16.61833,42.26667],[17.21667,41.99167],[17.31167,41.91333],[17.61667,41.83667],[18.0,41.64167],[18.32149,41.44175],[18.54278,41.19361],[18.595,41.10806],[18.75972,40.59389],[18.88,40.31389],[18.95139,40.20361],[18.99524,40.08358],[18.915,39.81667],[18.92667,39.28833],[18.9,39.03333],[18.77946,38.65142]],[[16.8701,41.13936],[16.87015,41.13939],[16.87006,41.13943],[16.8701,41.13936]],[[16.87006,41.13943],[16.86774,41.1432],[16.84845,41.14795],[16.87006,41.13943]],[[17.14118,40.45075],[17.15892,40.44583],[17.16005,40.45709],[17.14118,40.45075]]],[[[15.75761,39.92476],[15.13918,39.43845],[15.12948,39.63628],[15.64302,40.04538],[15.6772,40.02958],[15.68037,40.00606],[15.72027,39.97644],[15.75761,39.92476]]]]}},{"id":"263","type":"Feature","properties":{"zone_id":"ITCA_OFF","name":"Italy Calabria Offshore Node CA","parent_zone":"ITCA_OFF","level":"PEOF","area_km2":53638.45},"geometry":{"type":"MultiPolygon","coordinates":[[[[15.13918,39.43845],[15.75761,39.92476],[15.7845,39.87511],[15.76853,39.87173],[15.79306,39.86341],[15.769,39.8353],[15.78726,39.81345],[15.81426,39.67758],[15.83306,39.66586],[15.87423,39.55328],[15.92619,39.52562],[15.98664,39.45493],[16.03679,39.34882],[16.06676,39.13615],[16.09788,39.03442],[16.15693,38.95082],[16.21736,38.92566],[16.22312,38.86258],[16.18955,38.75643],[16.13895,38.71949],[15.98674,38.72323],[15.94916,38.69179],[15.87195,38.6734],[15.83559,38.64494],[15.82698,38.61839],[15.93164,38.54543],[15.89279,38.44643],[15.91795,38.47373],[15.90521,38.44121],[15.88944,38.44273],[15.79659,38.28146],[15.63205,38.22322],[15.65665,38.13695],[15.63095,38.10228],[15.65738,38.04067],[15.64178,38.01578],[15.57276,38.07207],[15.58536,38.24673],[15.65201,38.26534],[15.58824,38.28657],[15.62595,38.80366],[15.16473,38.91738],[15.13918,39.43845]]],[[[16.65205,40.11792],[16.93695,40.02403],[17.11704,39.95383],[17.30018,39.86836],[17.5169,39.71879],[17.91371,39.30977],[18.05107,39.20904],[18.23116,39.04116],[18.77946,38.65142],[18.73167,38.5],[18.28333,37.355],[18.31481,36.97009],[16.03646,37.69144],[15.75905,37.91984],[16.06434,37.92442],[16.14447,38.03073],[16.16377,38.1342],[16.28812,38.25973],[16.33797,38.30176],[16.47393,38.34468],[16.56962,38.42401],[16.58312,38.45555],[16.57332,38.56385],[16.55877,38.68173],[16.53491,38.71352],[16.60477,38.81272],[16.7777,38.89654],[16.90216,38.93018],[16.98395,38.93772],[17.02182,38.90555],[17.05509,38.91878],[17.08905,38.91013],[17.09615,38.89325],[17.172,38.95661],[17.16462,38.99431],[17.20666,39.02872],[17.1466,39.04725],[17.13675,39.08429],[17.10743,39.11174],[17.14733,39.20582],[17.10521,39.25523],[17.11097,39.31595],[17.15492,39.40093],[17.05284,39.43893],[17.02256,39.48367],[16.87074,39.53618],[16.77414,39.61928],[16.61971,39.62116],[16.52833,39.66951],[16.52344,39.6596],[16.52842,39.72419],[16.49205,39.74978],[16.48652,39.78253],[16.53517,39.86664],[16.62752,39.95661],[16.59989,40.03657],[16.60726,40.08134],[16.65205,40.11792]]]]}}]}